z,y,x,diameter_voxels,diameter_um_at_58_09
15,281,94,50.03998565673828,2906.8227667999267
15,388,95,49.43682861328125,2871.785374145508
15,388,96,50.15974426269531,2913.779544219971
15,701,240,49.51767349243164,2876.481653175354
15,707,259,52.49761962890625,3049.586724243164
15,708,260,50.950958251953125,2959.7411648559573
15,709,260,50.19960021972656,2916.0947767639163
15,710,260,49.51767349243164,2876.481653175354
16,84,126,50.5173225402832,2934.5512663650516
16,85,126,50.03998565673828,2906.8227667999267
16,149,742,50.15974426269531,2913.779544219971
16,152,742,51.02940368652344,2964.2980601501467
16,152,743,49.71921157836914,2888.1890005874634
16,157,742,51.61395263671875,2998.2545086669925
16,157,743,50.3189811706543,2923.0296162033083
16,157,744,49.07137680053711,2850.556278343201
16,167,744,51.068580627441406,2966.5738486480714
16,167,745,49.67897033691406,2885.851386871338
16,170,744,50.950958251953125,2959.7411648559573
16,171,745,49.51767349243164,2876.481653175354
16,175,745,49.87985610961914,2897.520841407776
16,196,93,49.030601501464844,2848.187641220093
16,196,94,50.5173225402832,2934.5512663650516
16,196,95,52.038448333740234,3022.9134637069706
16,207,98,49.43682861328125,2871.785374145508
16,207,99,50.5173225402832,2934.5512663650516
16,208,100,50.990196228027344,2962.0204988861087
16,277,747,49.638694763183594,2883.511778793335
16,352,93,49.43682861328125,2871.785374145508
16,353,94,51.41984176635742,2986.978608207703
16,353,95,52.99056625366211,3078.221993675232
16,400,749,49.51767349243164,2876.481653175354
16,420,749,49.67897033691406,2885.851386871338
16,697,242,50.0,2904.5
16,698,242,50.03998565673828,2906.8227667999267
16,699,242,50.15974426269531,2913.779544219971
16,700,240,49.112117767333984,2852.922921104431
16,700,242,49.67897033691406,2885.851386871338
16,701,255,50.07993698120117,2909.1435392379763
16,702,255,50.03998565673828,2906.8227667999267
16,703,254,50.19960021972656,2916.0947767639163
16,704,254,50.3189811706543,2923.0296162033083
16,705,254,50.15974426269531,2913.779544219971
16,720,635,50.11985778808594,2911.4625389099124
16,721,608,49.19349670410156,2857.65022354126
17,124,736,54.7357292175293,3179.598510246277
17,125,737,52.87721633911133,3071.6374971389773
17,125,738,51.61395263671875,2998.2545086669925
17,125,739,50.39841079711914,2927.643683204651
17,125,740,49.234134674072266,2860.010883216858
17,130,736,52.49761962890625,3049.586724243164
17,130,737,51.146846771240234,2971.120328941345
17,130,738,49.839744567871094,2895.190761947632
17,138,739,49.47726821899414,2874.13451084137
17,139,736,52.95280838012695,3076.0286388015747
17,139,737,52.191951751708984,3031.830477256775
17,139,738,50.990196228027344,2962.0204988861087
17,143,736,54.33230972290039,3156.1638718032837
17,143,737,52.95280838012695,3076.0286388015747
17,143,738,51.61395263671875,2998.2545086669925
17,143,739,50.3189811706543,2923.0296162033083
17,143,740,49.07137680053711,2850.556278343201
17,149,736,55.74943923950195,3238.4849254226688
17,149,737,54.55272674560547,3168.967896652222
17,149,738,53.40412139892578,3102.245412063599
17,149,739,52.23025894165039,3034.0557419204715
17,149,740,51.107730865478516,2968.8480859756473
17,149,741,50.03998565673828,2906.8227667999267
17,153,739,53.10367202758789,3084.792308082581
17,153,740,52.345008850097656,3040.721564102173
17,153,741,50.91168975830078,2957.4600580596925
17,154,738,52.95280838012695,3076.0286388015747
17,155,737,52.95280838012695,3076.0286388015747
17,157,737,52.49761962890625,3049.586724243164
17,157,738,52.306785583496094,3038.5011745452884
17,157,739,52.191951751708984,3031.830477256775
17,157,740,52.076866149902344,3025.1451546478274
17,157,741,51.53639602661133,2993.749245185852
17,167,742,52.64978790283203,3058.426179275513
17,167,743,51.146846771240234,2971.120328941345
17,169,742,52.64978790283203,3058.426179275513
17,169,743,51.146846771240234,2971.120328941345
17,176,744,50.15974426269531,2913.779544219971
17,195,96,50.3189811706543,2923.0296162033083
17,353,96,53.1789436340332,3089.164835700989
17,353,97,52.535701751708984,3051.798914756775
17,387,100,49.39635467529297,2869.4342430877687
17,398,100,49.234134674072266,2860.010883216858
17,403,100,49.839744567871094,2895.190761947632
17,408,95,49.030601501464844,2848.187641220093
17,408,96,49.558048248291016,2878.8270227432254
17,408,97,49.19349670410156,2857.65022354126
17,420,748,49.67897033691406,2885.851386871338
17,624,737,49.19349670410156,2857.65022354126
18,70,205,49.558048248291016,2878.8270227432254
18,70,207,49.39635467529297,2869.4342430877687
18,70,211,50.03998565673828,2906.8227667999267
18,71,211,50.19960021972656,2916.0947767639163
18,72,206,51.02940368652344,2964.2980601501467
18,72,211,50.15974426269531,2913.779544219971
18,73,206,51.92301940917969,3016.208197479248
18,73,211,50.19960021972656,2916.0947767639163
18,74,206,52.839378356933594,3069.4394887542726
18,75,206,53.702884674072266,3119.600570716858
18,90,713,49.112117767333984,2852.922921104431
18,91,713,49.71921157836914,2888.1890005874634
18,92,713,50.39841079711914,2927.643683204651
18,93,711,50.3189811706543,2923.0296162033083
18,93,712,50.5173225402832,2934.5512663650516
18,94,710,49.839744567871094,2895.190761947632
18,95,710,49.638694763183594,2883.511778793335
18,124,733,54.954524993896484,3192.308356895447
18,124,734,54.47935485839844,3164.7057237243653
18,124,735,54.07402420043945,3141.160065803528
18,130,733,52.038448333740234,3022.9134637069706
18,130,734,51.61395263671875,2998.2545086669925
18,130,735,51.26402282714844,2977.927086029053
18,140,733,52.383201599121094,3042.9401808929447
18,140,734,51.961524963378906,3018.444985122681
18,140,735,51.61395263671875,2998.2545086669925
18,143,733,53.5537109375,3110.9350683593752
18,143,734,53.21653747558594,3091.3486619567875
18,143,735,52.95280838012695,3076.0286388015747
18,148,733,54.47935485839844,3164.7057237243653
18,149,734,54.625999450683594,3173.2243080902103
18,149,735,54.47935485839844,3164.7057237243653
18,155,734,52.038448333740234,3022.9134637069706
18,156,735,51.34199142456055,2982.4562818527224
18,167,739,51.961524963378906,3018.444985122681
18,167,740,51.92301940917969,3016.208197479248
18,177,743,50.35871505737305,2925.3377576828007
18,353,98,50.03998565673828,2906.8227667999267
18,353,99,49.51767349243164,2876.481653175354
18,420,747,49.839744567871094,2895.190761947632
18,632,726,49.112117767333984,2852.922921104431
18,632,727,49.47726821899414,2874.13451084137
18,632,728,49.47726821899414,2874.13451084137
18,632,729,49.47726821899414,2874.13451084137
18,644,717,50.03998565673828,2906.8227667999267
18,644,718,49.51767349243164,2876.481653175354
18,644,719,49.07137680053711,2850.556278343201
18,645,714,51.961524963378906,3018.444985122681
18,645,715,51.41984176635742,2986.978608207703
18,645,716,50.754310607910156,2948.3179032135013
18,646,712,50.754310607910156,2948.3179032135013
18,646,713,51.41984176635742,2986.978608207703
18,655,715,50.83306121826172,2952.892526168823
18,655,716,49.759422302246094,2890.524841537476
18,657,708,54.625999450683594,3173.2243080902103
18,657,709,54.442630767822266,3162.5724213027956
18,657,710,54.18486785888672,3147.59897392273
18,657,711,54.0,3136.86
18,657,713,52.839378356933594,3069.4394887542726
18,657,715,50.5173225402832,2934.5512663650516
18,657,716,49.43682861328125,2871.785374145508
18,659,713,51.146846771240234,2971.120328941345
18,659,714,50.635955810546875,2941.442673034668
18,659,715,50.19960021972656,2916.0947767639163
18,672,694,51.146846771240234,2971.120328941345
18,673,695,50.990196228027344,2962.0204988861087
18,674,696,50.950958251953125,2959.7411648559573
18,675,696,50.03998565673828,2906.8227667999267
19,75,707,51.146846771240234,2971.120328941345
19,76,707,50.635955810546875,2941.442673034668
19,77,707,50.19960021972656,2916.0947767639163
19,78,707,49.839744567871094,2895.190761947632
19,79,707,49.558048248291016,2878.8270227432254
19,80,707,49.35585021972656,2867.081339263916
19,81,707,49.234134674072266,2860.010883216858
19,82,707,49.19349670410156,2857.65022354126
19,83,707,49.19349670410156,2857.65022354126
19,84,707,49.234134674072266,2860.010883216858
19,85,707,49.35585021972656,2867.081339263916
19,86,707,49.558048248291016,2878.8270227432254
19,87,707,49.839744567871094,2895.190761947632
19,88,707,49.759422302246094,2890.524841537476
19,89,707,49.07137680053711,2850.556278343201
19,124,732,53.702884674072266,3119.600570716858
19,130,732,50.635955810546875,2941.442673034668
19,141,732,51.41984176635742,2986.978608207703
19,143,732,52.038448333740234,3022.9134637069706
19,147,732,52.49761962890625,3049.586724243164
19,156,733,50.35871505737305,2925.3377576828007
19,167,738,50.15974426269531,2913.779544219971
19,178,742,50.635955810546875,2941.442673034668
19,420,746,50.15974426269531,2913.779544219971
19,441,137,50.35871505737305,2925.3377576828007
19,442,136,50.635955810546875,2941.442673034668
19,443,135,51.02940368652344,2964.2980601501467
19,444,134,50.990196228027344,2962.0204988861087
19,445,133,50.754310607910156,2948.3179032135013
19,446,132,50.03998565673828,2906.8227667999267
19,447,131,49.07137680053711,2850.556278343201
19,470,743,50.675437927246094,2943.7361891937257
19,470,744,51.02940368652344,2964.2980601501467
19,470,745,50.990196228027344,2962.0204988861087
19,470,746,50.635955810546875,2941.442673034668
19,470,747,50.35871505737305,2925.3377576828007
19,470,748,49.35585021972656,2867.081339263916
19,480,743,50.754310607910156,2948.3179032135013
19,480,744,50.15974426269531,2913.779544219971
19,480,745,49.638694763183594,2883.511778793335
19,480,746,49.19349670410156,2857.65022354126
19,556,723,49.07137680053711,2850.556278343201
19,558,717,51.22499465942383,2975.65993976593
19,558,718,50.950958251953125,2959.7411648559573
19,558,719,50.754310607910156,2948.3179032135013
19,558,720,50.59644317626953,2939.147384109497
19,558,721,50.0,2904.5
19,558,723,49.030601501464844,2848.187641220093
19,559,716,50.990196228027344,2962.0204988861087
19,562,716,49.67897033691406,2885.851386871338
19,562,717,49.315311431884766,2864.7264410781863
19,562,718,49.030601501464844,2848.187641220093
19,562,725,49.030601501464844,2848.187641220093
19,571,716,50.03998565673828,2906.8227667999267
19,571,717,49.67897033691406,2885.851386871338
19,571,718,49.39635467529297,2869.4342430877687
19,571,719,49.19349670410156,2857.65022354126
19,571,720,49.07137680053711,2850.556278343201
19,571,721,49.030601501464844,2848.187641220093
19,571,722,49.030601501464844,2848.187641220093
19,571,723,49.07137680053711,2850.556278343201
19,580,713,50.3189811706543,2923.0296162033083
19,580,714,50.19960021972656,2916.0947767639163
19,580,715,50.15974426269531,2913.779544219971
19,580,716,50.15974426269531,2913.779544219971
19,580,717,50.07993698120117,2909.1435392379763
19,580,718,50.03998565673828,2906.8227667999267
19,580,719,50.03998565673828,2906.8227667999267
19,581,710,51.02940368652344,2964.2980601501467
19,581,711,50.675437927246094,2943.7361891937257
19,581,712,50.39841079711914,2927.643683204651
19,582,709,51.41984176635742,2986.978608207703
19,583,708,51.961524963378906,3018.444985122681
19,585,708,52.26853561401367,3036.2792338180543
19,585,709,51.768714904785156,3007.24464881897
19,585,711,50.990196228027344,2962.0204988861087
19,585,712,50.71488952636719,2946.02793258667
19,585,713,50.5173225402832,2934.5512663650516
19,585,714,50.39841079711914,2927.643683204651
19,585,715,50.35871505737305,2925.3377576828007
19,585,716,50.15974426269531,2913.779544219971
19,585,717,49.35585021972656,2867.081339263916
19,587,711,51.61395263671875,2998.2545086669925
19,587,712,51.34199142456055,2982.4562818527224
19,587,713,51.146846771240234,2971.120328941345
19,588,714,49.799598693847656,2892.8586881256106
19,588,715,49.030601501464844,2848.187641220093
19,657,707,52.611785888671875,3056.218642272949
19,665,689,49.39635467529297,2869.4342430877687
19,666,689,49.67897033691406,2885.851386871338
19,667,690,50.477718353271484,2932.250659141541
19,667,691,50.754310607910156,2948.3179032135013
19,668,692,50.03998565673828,2906.8227667999267
19,669,692,50.0,2904.5
19,670,692,50.0,2904.5
19,671,693,49.51767349243164,2876.481653175354
19,681,677,50.11985778808594,2911.4625389099124
19,682,678,49.39635467529297,2869.4342430877687
19,683,678,49.19349670410156,2857.65022354126
20,66,655,50.39841079711914,2927.643683204651
20,67,655,52.383201599121094,3042.9401808929447
20,67,663,50.35871505737305,2925.3377576828007
20,67,666,50.0,2904.5
20,67,673,50.03998565673828,2906.8227667999267
20,68,655,52.99056625366211,3078.221993675232
20,68,663,52.345008850097656,3040.721564102173
20,68,666,52.0,3020.6800000000003
20,68,673,50.5173225402832,2934.5512663650516
20,68,688,50.635955810546875,2941.442673034668
20,68,695,50.03998565673828,2906.8227667999267
20,69,655,53.40412139892578,3102.245412063599
20,69,663,54.33230972290039,3156.1638718032837
20,69,666,53.88877487182617,3130.3989323043825
20,69,672,50.675437927246094,2943.7361891937257
20,69,688,50.793701171875,2950.6061010742187
20,69,695,51.146846771240234,2971.120328941345
20,70,655,53.88877487182617,3130.3989323043825
20,70,663,54.7357292175293,3179.598510246277
20,70,666,53.740116119384766,3121.7633453750614
20,70,672,50.635955810546875,2941.442673034668
20,70,688,50.675437927246094,2943.7361891937257
20,70,694,51.92301940917969,3016.208197479248
20,71,655,54.442630767822266,3162.5724213027956
20,71,663,54.18486785888672,3147.59897392273
20,71,666,53.10367202758789,3084.792308082581
20,71,672,50.675437927246094,2943.7361891937257
20,71,688,50.635955810546875,2941.442673034668
20,71,694,52.87721633911133,3071.6374971389773
20,72,655,55.0635986328125,3198.6444445800785
20,72,663,53.702884674072266,3119.600570716858
20,72,665,52.87721633911133,3071.6374971389773
20,72,671,51.146846771240234,2971.120328941345
20,72,688,50.675437927246094,2943.7361891937257
20,72,694,53.88877487182617,3130.3989323043825
20,72,703,55.35340881347656,3215.4795179748535
20,73,655,55.74943923950195,3238.4849254226688
20,73,663,53.291648864746094,3095.7118825531006
20,73,665,52.383201599121094,3042.9401808929447
20,73,671,51.34199142456055,2982.4562818527224
20,73,688,50.793701171875,2950.6061010742187
20,73,693,53.291648864746094,3095.7118825531006
20,73,703,54.662601470947266,3175.350519447327
20,74,654,56.603885650634766,3288.1197174453737
20,74,663,52.801513671875,3067.2399291992188
20,74,665,51.961524963378906,3018.444985122681
20,74,671,51.02940368652344,2964.2980601501467
20,74,688,50.990196228027344,2962.0204988861087
20,74,693,53.47896957397461,3106.5933425521853
20,74,702,55.17245864868164,3204.9681229019166
20,74,707,50.03998565673828,2906.8227667999267
20,75,653,56.99122619628906,3310.6203297424317
20,75,663,52.383201599121094,3042.9401808929447
20,75,665,51.61395263671875,2998.2545086669925
20,75,670,50.635955810546875,2941.442673034668
20,75,688,51.26402282714844,2977.927086029053
20,75,693,53.740116119384766,3121.7633453750614
20,75,702,54.625999450683594,3173.2243080902103
20,76,689,51.961524963378906,3018.444985122681
20,76,692,53.44155502319336,3104.4199312973024
20,76,702,54.147945404052734,3145.4541485214236
20,77,690,52.801513671875,3067.2399291992188
20,77,692,53.851646423339844,3128.2421407318116
20,77,701,54.954524993896484,3192.308356895447
20,78,690,53.291648864746094,3095.7118825531006
20,78,692,54.33230972290039,3156.1638718032837
20,78,695,56.39148712158203,3275.7814868927003
20,78,701,54.625999450683594,3173.2243080902103
20,79,695,56.920997619628906,3306.5407517242434
20,79,701,54.369110107421875,3158.3016061401368
20,80,202,49.030601501464844,2848.187641220093
20,80,691,54.954524993896484,3192.308356895447
20,80,695,57.51521682739258,3341.058945503235
20,80,700,55.46169662475586,3221.769956932068
20,81,691,55.6417121887207,3232.227061042786
20,81,694,57.44562530517578,3337.0163739776613
20,81,700,54.990909576416016,3194.4219372940065
20,82,690,55.928524017333984,3248.8879601669314
20,82,694,56.88584899902344,3304.4989683532717
20,82,700,53.851646423339844,3128.2421407318116
20,83,691,57.20139694213867,3322.829148368836
20,83,694,55.85696029663086,3244.730823631287
20,83,699,53.10367202758789,3084.792308082581
20,84,691,57.34108352661133,3330.9435420608525
20,84,693,55.6417121887207,3232.227061042786
20,84,699,52.076866149902344,3025.1451546478274
20,85,691,56.46237564086914,3279.8994009780886
20,85,693,54.7357292175293,3179.598510246277
20,85,699,51.107730865478516,2968.8480859756473
20,86,690,56.603885650634766,3288.1197174453737
20,86,693,53.88877487182617,3130.3989323043825
20,86,698,50.635955810546875,2941.442673034668
20,87,690,55.85696029663086,3244.730823631287
20,87,692,53.96295166015625,3134.7078619384765
20,87,698,49.799598693847656,2892.8586881256106
20,88,690,55.17245864868164,3204.9681229019166
20,88,692,53.25410842895508,3093.5311586380008
20,88,698,49.030601501464844,2848.187641220093
20,89,690,54.55272674560547,3168.967896652222
20,89,692,52.611785888671875,3056.218642272949
20,91,690,53.516353607177734,3108.764981040955
20,92,690,53.10367202758789,3084.792308082581
20,93,690,52.76362228393555,3065.0388184738163
20,94,690,52.49761962890625,3049.586724243164
20,95,690,52.306785583496094,3038.5011745452884
20,96,689,53.10367202758789,3084.792308082581
20,97,689,52.839378356933594,3069.4394887542726
20,98,689,52.611785888671875,3056.218642272949
20,98,693,49.234134674072266,2860.010883216858
20,99,689,52.345008850097656,3040.721564102173
20,99,693,49.35585021972656,2867.081339263916
20,100,689,52.15361785888672,3029.6036614227296
20,100,693,49.558048248291016,2878.8270227432254
20,101,689,52.038448333740234,3022.9134637069706
20,101,692,50.03998565673828,2906.8227667999267
20,102,689,52.0,3020.6800000000003
20,102,692,50.0,2904.5
20,103,689,52.038448333740234,3022.9134637069706
20,103,692,50.03998565673828,2906.8227667999267
20,105,733,49.558048248291016,2878.8270227432254
20,106,690,51.88448715209961,3013.9698586654663
20,107,690,52.23025894165039,3034.0557419204715
20,108,690,52.64978790283203,3058.426179275513
20,109,690,53.141319274902344,3086.9792366790775
20,110,690,53.702884674072266,3119.600570716858
20,111,690,54.33230972290039,3156.1638718032837
20,112,690,54.881690979003906,3188.077428970337
20,113,690,55.35340881347656,3215.4795179748535
20,114,690,55.31726837158203,3213.3801197052003
20,115,690,54.990909576416016,3194.4219372940065
20,116,690,54.7357292175293,3179.598510246277
20,117,690,54.55272674560547,3168.967896652222
20,118,690,54.442630767822266,3162.5724213027956
20,124,730,53.291648864746094,3095.7118825531006
20,124,731,52.57375717163086,3054.009554100037
20,126,729,52.64978790283203,3058.426179275513
20,126,730,51.92301940917969,3016.208197479248
20,126,731,51.26402282714844,2977.927086029053
20,127,727,53.740116119384766,3121.7633453750614
20,127,728,52.87721633911133,3071.6374971389773
20,130,724,54.369110107421875,3158.3016061401368
20,130,725,54.33230972290039,3156.1638718032837
20,130,726,53.44155502319336,3104.4199312973024
20,130,727,52.49761962890625,3049.586724243164
20,130,728,51.61395263671875,2998.2545086669925
20,130,729,50.793701171875,2950.6061010742187
20,130,730,50.03998565673828,2906.8227667999267
20,130,731,49.35585021972656,2867.081339263916
20,141,724,53.21653747558594,3091.3486619567875
20,141,725,52.95280838012695,3076.0286388015747
20,141,726,52.76362228393555,3065.0388184738163
20,141,727,52.64978790283203,3058.426179275513
20,141,728,52.15361785888672,3029.6036614227296
20,141,729,51.41984176635742,2986.978608207703
20,141,730,50.754310607910156,2948.3179032135013
20,141,731,50.15974426269531,2913.779544219971
20,143,725,52.49761962890625,3049.586724243164
20,143,726,52.306785583496094,3038.5011745452884
20,143,727,52.191951751708984,3031.830477256775
20,143,728,52.076866149902344,3025.1451546478274
20,143,729,51.57518768310547,2996.002652511597
20,143,730,51.146846771240234,2971.120328941345
20,143,731,50.635955810546875,2941.442673034668
20,145,725,52.345008850097656,3040.721564102173
20,145,726,52.15361785888672,3029.6036614227296
20,146,727,52.076866149902344,3025.1451546478274
20,146,728,51.961524963378906,3018.444985122681
20,146,729,51.45872116088867,2989.237112236023
20,147,730,51.146846771240234,2971.120328941345
20,147,731,50.793701171875,2950.6061010742187
20,179,741,51.107730865478516,2968.8480859756473
20,180,739,52.57375717163086,3054.009554100037
20,180,740,52.49761962890625,3049.586724243164
20,184,738,54.7357292175293,3179.598510246277
20,184,739,52.99056625366211,3078.221993675232
20,184,740,51.26402282714844,2977.927086029053
20,184,741,49.558048248291016,2878.8270227432254
20,384,124,49.030601501464844,2848.187641220093
20,385,124,49.030601501464844,2848.187641220093
20,396,120,49.19349670410156,2857.65022354126
20,397,120,49.39635467529297,2869.4342430877687
20,398,120,49.558048248291016,2878.8270227432254
20,406,117,49.030601501464844,2848.187641220093
20,420,745,50.635955810546875,2941.442673034668
20,434,145,49.030601501464844,2848.187641220093
20,435,144,49.39635467529297,2869.4342430877687
20,480,741,50.03998565673828,2906.8227667999267
20,480,742,49.558048248291016,2878.8270227432254
20,503,708,52.49761962890625,3049.586724243164
20,503,709,52.306785583496094,3038.5011745452884
20,503,710,51.961524963378906,3018.444985122681
20,503,711,51.45872116088867,2989.237112236023
20,503,712,51.02940368652344,2964.2980601501467
20,503,713,50.675437927246094,2943.7361891937257
20,503,714,50.39841079711914,2927.643683204651
20,503,715,50.19960021972656,2916.0947767639163
20,504,716,50.03998565673828,2906.8227667999267
20,504,717,50.0,2904.5
20,504,718,50.0,2904.5
20,505,708,52.345008850097656,3040.721564102173
20,505,709,52.15361785888672,3029.6036614227296
20,505,710,51.92301940917969,3016.208197479248
20,505,719,50.0,2904.5
20,505,720,50.03998565673828,2906.8227667999267
20,505,721,49.39635467529297,2869.4342430877687
20,506,711,51.45872116088867,2989.237112236023
20,506,712,51.02940368652344,2964.2980601501467
20,506,713,50.675437927246094,2943.7361891937257
20,507,714,50.5173225402832,2934.5512663650516
20,507,715,50.3189811706543,2923.0296162033083
20,507,716,50.19960021972656,2916.0947767639163
20,508,717,50.35871505737305,2925.3377576828007
20,508,718,50.35871505737305,2925.3377576828007
20,508,719,50.35871505737305,2925.3377576828007
20,509,720,50.675437927246094,2943.7361891937257
20,509,721,50.03998565673828,2906.8227667999267
20,509,722,49.35585021972656,2867.081339263916
20,518,707,53.516353607177734,3108.764981040955
20,518,708,53.10367202758789,3084.792308082581
20,518,709,52.76362228393555,3065.0388184738163
20,518,710,52.49761962890625,3049.586724243164
20,518,711,52.306785583496094,3038.5011745452884
20,518,712,51.961524963378906,3018.444985122681
20,518,713,51.45872116088867,2989.237112236023
20,518,714,51.02940368652344,2964.2980601501467
20,518,715,50.675437927246094,2943.7361891937257
20,518,716,50.27922058105469,2920.7199235534667
20,518,717,49.35585021972656,2867.081339263916
20,527,707,49.030601501464844,2848.187641220093
20,551,721,49.558048248291016,2878.8270227432254
20,552,713,49.030601501464844,2848.187641220093
20,552,714,49.39635467529297,2869.4342430877687
20,552,715,49.839744567871094,2895.190761947632
20,552,716,50.35871505737305,2925.3377576828007
20,552,717,50.793701171875,2950.6061010742187
20,552,718,51.146846771240234,2971.120328941345
20,552,719,50.39841079711914,2927.643683204651
20,552,720,49.71921157836914,2888.1890005874634
20,559,713,50.675437927246094,2943.7361891937257
20,559,714,50.07993698120117,2909.1435392379763
20,559,715,49.558048248291016,2878.8270227432254
20,561,192,50.0,2904.5
20,562,708,50.990196228027344,2962.0204988861087
20,562,709,51.41984176635742,2986.978608207703
20,562,710,51.61395263671875,2998.2545086669925
20,562,711,50.793701171875,2950.6061010742187
20,562,712,50.03998565673828,2906.8227667999267
20,562,713,49.35585021972656,2867.081339263916
20,571,707,53.740116119384766,3121.7633453750614
20,571,708,53.141319274902344,3086.9792366790775
20,571,709,52.49761962890625,3049.586724243164
20,571,710,51.92301940917969,3016.208197479248
20,571,711,51.146846771240234,2971.120328941345
20,571,712,50.39841079711914,2927.643683204651
20,571,713,49.71921157836914,2888.1890005874634
20,571,714,49.112117767333984,2852.922921104431
20,572,704,53.10367202758789,3084.792308082581
20,572,705,53.516353607177734,3108.764981040955
20,572,706,54.0,3136.86
20,573,703,52.64978790283203,3058.426179275513
20,574,700,52.038448333740234,3022.9134637069706
20,584,700,50.990196228027344,2962.0204988861087
20,584,701,51.26402282714844,2977.927086029053
20,584,702,51.61395263671875,2998.2545086669925
20,584,703,52.038448333740234,3022.9134637069706
20,584,704,52.535701751708984,3051.798914756775
20,584,705,52.15361785888672,3029.6036614227296
20,584,706,51.41984176635742,2986.978608207703
20,590,685,54.662601470947266,3175.350519447327
20,590,686,53.88877487182617,3130.3989323043825
20,590,687,53.1789436340332,3089.164835700989
20,590,688,52.535701751708984,3051.798914756775
20,590,689,51.961524963378906,3018.444985122681
20,591,690,51.57518768310547,2996.002652511597
20,591,691,51.146846771240234,2971.120328941345
20,591,692,50.793701171875,2950.6061010742187
20,592,693,50.71488952636719,2946.02793258667
20,592,694,50.5173225402832,2934.5512663650516
20,592,695,50.39841079711914,2927.643683204651
20,592,696,50.35871505737305,2925.3377576828007
20,592,697,50.39841079711914,2927.643683204651
20,592,699,50.71488952636719,2946.02793258667
20,592,700,50.990196228027344,2962.0204988861087
20,592,701,51.26402282714844,2977.927086029053
20,594,699,51.34199142456055,2982.4562818527224
20,594,700,51.61395263671875,2998.2545086669925
20,594,701,51.961524963378906,3018.444985122681
20,594,702,51.961524963378906,3018.444985122681
20,594,703,51.146846771240234,2971.120328941345
20,594,704,50.39841079711914,2927.643683204651
20,594,705,49.71921157836914,2888.1890005874634
20,602,695,51.73006820678711,3004.9996621322634
20,602,696,50.91168975830078,2957.4600580596925
20,602,697,50.15974426269531,2913.779544219971
20,602,698,49.47726821899414,2874.13451084137
20,603,693,50.754310607910156,2948.3179032135013
20,603,694,51.34199142456055,2982.4562818527224
20,604,690,49.07137680053711,2850.556278343201
20,608,679,49.839744567871094,2895.190761947632
20,608,680,49.39635467529297,2869.4342430877687
20,608,681,49.030601501464844,2848.187641220093
20,608,689,49.030601501464844,2848.187641220093
20,608,690,49.39635467529297,2869.4342430877687
20,608,691,49.030601501464844,2848.187641220093
20,617,679,54.07402420043945,3141.160065803528
20,617,680,54.037025451660156,3139.0108084869385
20,617,681,53.851646423339844,3128.2421407318116
20,617,682,52.839378356933594,3069.4394887542726
20,617,683,51.88448715209961,3013.9698586654663
20,617,684,50.990196228027344,2962.0204988861087
20,617,685,50.15974426269531,2913.779544219971
20,617,686,49.39635467529297,2869.4342430877687
20,621,679,54.954524993896484,3192.308356895447
20,621,680,54.918121337890625,3190.1936685180667
20,621,681,54.442630767822266,3162.5724213027956
20,621,682,53.44155502319336,3104.4199312973024
20,621,683,52.49761962890625,3049.586724243164
20,621,684,51.61395263671875,2998.2545086669925
20,621,685,50.793701171875,2950.6061010742187
20,621,686,50.03998565673828,2906.8227667999267
20,621,687,49.35585021972656,2867.081339263916
20,623,679,55.821144104003906,3242.6502610015873
20,623,680,55.20869445800781,3207.073061065674
20,623,681,54.442630767822266,3162.5724213027956
20,623,682,53.740116119384766,3121.7633453750614
20,623,683,52.839378356933594,3069.4394887542726
20,623,684,51.961524963378906,3018.444985122681
20,623,685,51.146846771240234,2971.120328941345
20,623,686,50.39841079711914,2927.643683204651
20,623,687,49.71921157836914,2888.1890005874634
20,623,688,49.112117767333984,2852.922921104431
20,625,679,55.60575485229492,3230.138299369812
20,625,681,54.0,3136.86
20,625,682,53.1789436340332,3089.164835700989
20,625,683,52.23025894165039,3034.0557419204715
20,625,684,51.34199142456055,2982.4562818527224
20,625,685,50.5173225402832,2934.5512663650516
20,625,686,49.759422302246094,2890.524841537476
20,625,687,49.07137680053711,2850.556278343201
20,627,681,53.44155502319336,3104.4199312973024
20,627,682,52.87721633911133,3071.6374971389773
20,627,683,51.92301940917969,3016.208197479248
20,628,684,50.990196228027344,2962.0204988861087
20,628,685,50.15974426269531,2913.779544219971
20,628,686,49.39635467529297,2869.4342430877687
20,646,659,53.1789436340332,3089.164835700989
20,646,660,52.23025894165039,3034.0557419204715
20,646,661,51.34199142456055,2982.4562818527224
20,646,662,50.5173225402832,2934.5512663650516
20,646,663,49.759422302246094,2890.524841537476
20,646,664,49.07137680053711,2850.556278343201
20,649,649,52.611785888671875,3056.218642272949
20,649,650,52.95280838012695,3076.0286388015747
20,649,651,53.291648864746094,3095.7118825531006
20,649,652,53.702884674072266,3119.600570716858
20,649,653,54.18486785888672,3147.59897392273
20,650,654,53.141319274902344,3086.9792366790775
20,650,655,52.64978790283203,3058.426179275513
20,650,656,52.23025894165039,3034.0557419204715
20,651,657,51.22499465942383,2975.65993976593
20,651,658,50.950958251953125,2959.7411648559573
20,651,659,50.754310607910156,2948.3179032135013
20,652,649,52.95280838012695,3076.0286388015747
20,652,660,50.03998565673828,2906.8227667999267
20,652,661,50.0,2904.5
20,652,662,50.03998565673828,2906.8227667999267
20,653,650,53.291648864746094,3095.7118825531006
20,653,663,49.638694763183594,2883.511778793335
20,653,664,49.35585021972656,2867.081339263916
20,654,650,52.801513671875,3067.2399291992188
20,655,651,51.961524963378906,3018.444985122681
20,656,652,51.26402282714844,2977.927086029053
20,657,653,50.71488952636719,2946.02793258667
20,658,654,50.03998565673828,2906.8227667999267
20,659,655,49.47726821899414,2874.13451084137
20,660,656,49.07137680053711,2850.556278343201
20,696,663,52.64978790283203,3058.426179275513
20,699,662,52.0,3020.6800000000003
21,66,649,50.477718353271484,2932.250659141541
21,71,704,53.5537109375,3110.9350683593752
21,76,653,54.772254943847656,3181.7202896881104
21,76,663,50.11985778808594,2911.4625389099124
21,76,665,49.315311431884766,2864.7264410781863
21,77,653,54.442630767822266,3162.5724213027956
21,77,663,49.839744567871094,2895.190761947632
21,77,665,49.030601501464844,2848.187641220093
21,77,696,54.990909576416016,3194.4219372940065
21,78,653,54.18486785888672,3147.59897392273
21,78,663,49.638694763183594,2883.511778793335
21,82,679,51.61395263671875,2998.2545086669925
21,83,679,51.88448715209961,3013.9698586654663
21,84,679,52.23025894165039,3034.0557419204715
21,85,678,52.0,3020.6800000000003
21,86,679,53.141319274902344,3086.9792366790775
21,87,679,53.702884674072266,3119.600570716858
21,88,679,54.33230972290039,3156.1638718032837
21,89,678,54.33230972290039,3156.1638718032837
21,90,679,55.71355438232422,3236.400374069214
21,91,679,56.46237564086914,3279.8994009780886
21,92,679,57.27128601074219,3326.889004364014
21,93,678,57.480430603027344,3339.0382137298584
21,94,679,57.89645767211914,3363.205226173401
21,95,679,57.30619430541992,3328.9168272018433
21,96,679,56.780277252197266,3298.3663055801394
21,97,678,56.99122619628906,3310.6203297424317
21,98,679,55.928524017333984,3248.8879601669314
21,99,679,55.60575485229492,3230.138299369812
21,100,679,55.35340881347656,3215.4795179748535
21,101,678,55.85696029663086,3244.730823631287
21,102,679,55.0635986328125,3198.6444445800785
21,103,679,55.02726745605469,3196.533966522217
21,104,679,55.02726745605469,3196.533966522217
21,105,678,55.74943923950195,3238.4849254226688
21,106,679,55.17245864868164,3204.9681229019166
21,107,679,55.35340881347656,3215.4795179748535
21,108,679,54.954524993896484,3192.308356895447
21,109,678,54.442630767822266,3162.5724213027956
21,110,679,53.47896957397461,3106.5933425521853
21,111,679,52.839378356933594,3069.4394887542726
21,112,679,52.26853561401367,3036.2792338180543
21,113,678,52.038448333740234,3022.9134637069706
21,114,679,51.34199142456055,2982.4562818527224
21,115,679,50.990196228027344,2962.0204988861087
21,116,679,50.71488952636719,2946.02793258667
21,117,678,50.793701171875,2950.6061010742187
21,118,679,50.39841079711914,2927.643683204651
21,119,679,50.35871505737305,2925.3377576828007
21,119,690,52.49761962890625,3049.586724243164
21,120,679,50.35871505737305,2925.3377576828007
21,121,678,50.675437927246094,2943.7361891937257
21,121,692,51.88448715209961,3013.9698586654663
21,121,693,50.990196228027344,2962.0204988861087
21,121,694,50.15974426269531,2913.779544219971
21,122,679,50.5173225402832,2934.5512663650516
21,122,689,52.076866149902344,3025.1451546478274
21,123,679,50.71488952636719,2946.02793258667
21,123,688,51.768714904785156,3007.24464881897
21,124,679,50.990196228027344,2962.0204988861087
21,124,687,51.61395263671875,2998.2545086669925
21,125,686,51.61395263671875,2998.2545086669925
21,126,685,51.768714904785156,3007.24464881897
21,127,684,52.076866149902344,3025.1451546478274
21,128,683,52.535701751708984,3051.798914756775
21,130,683,53.88877487182617,3130.3989323043825
21,130,718,54.18486785888672,3147.59897392273
21,130,719,53.702884674072266,3119.600570716858
21,130,720,53.291648864746094,3095.7118825531006
21,130,721,52.95280838012695,3076.0286388015747
21,130,722,52.68775939941406,3060.631943511963
21,130,723,52.49761962890625,3049.586724243164
21,131,684,54.772254943847656,3181.7202896881104
21,131,685,54.954524993896484,3192.308356895447
21,132,686,54.18486785888672,3147.59897392273
21,132,687,53.702884674072266,3119.600570716858
21,132,688,53.291648864746094,3095.7118825531006
21,133,689,52.76362228393555,3065.0388184738163
21,134,690,52.383201599121094,3042.9401808929447
21,134,691,52.191951751708984,3031.830477256775
21,135,692,52.038448333740234,3022.9134637069706
21,135,693,52.0,3020.6800000000003
21,135,694,52.0,3020.6800000000003
21,136,695,52.076866149902344,3025.1451546478274
21,136,696,52.191951751708984,3031.830477256775
21,136,697,52.306785583496094,3038.5011745452884
21,137,698,52.68775939941406,3060.631943511963
21,137,699,52.95280838012695,3076.0286388015747
21,137,700,53.291648864746094,3095.7118825531006
21,138,701,53.96295166015625,3134.7078619384765
21,138,702,54.442630767822266,3162.5724213027956
21,138,703,54.990909576416016,3194.4219372940065
21,139,704,55.928524017333984,3248.8879601669314
21,139,705,56.603885650634766,3288.1197174453737
21,139,706,57.34108352661133,3330.9435420608525
21,139,707,58.13776779174805,3377.2229310226444
21,139,708,58.957611083984375,3424.8476278686526
21,139,709,59.26213073730469,3442.5371745300295
21,139,710,59.632205963134766,3464.0348443984985
21,139,711,60.06663131713867,3489.2706132125854
21,139,712,59.36328887939453,3448.4134510040285
21,139,713,58.446556091308594,3395.1604433441166
21,139,714,57.584720611572266,3345.0964203262333
21,140,715,56.603885650634766,3288.1197174453737
21,140,716,55.85696029663086,3244.730823631287
21,140,717,55.17245864868164,3204.9681229019166
21,141,718,54.442630767822266,3162.5724213027956
21,141,719,53.740116119384766,3121.7633453750614
21,141,721,52.535701751708984,3051.798914756775
21,141,722,52.038448333740234,3022.9134637069706
21,141,723,51.61395263671875,2998.2545086669925
21,143,721,52.076866149902344,3025.1451546478274
21,143,722,51.57518768310547,2996.002652511597
21,143,723,51.146846771240234,2971.120328941345
21,378,146,49.759422302246094,2890.524841537476
21,379,145,50.3189811706543,2923.0296162033083
21,380,144,50.11985778808594,2911.4625389099124
21,381,143,50.03998565673828,2906.8227667999267
21,382,142,50.11985778808594,2911.4625389099124
21,383,141,50.11985778808594,2911.4625389099124
21,384,140,49.39635467529297,2869.4342430877687
21,420,742,51.41984176635742,2986.978608207703
21,420,743,51.45872116088867,2989.237112236023
21,420,744,51.26402282714844,2977.927086029053
21,421,740,50.990196228027344,2962.0204988861087
21,424,740,50.15974426269531,2913.779544219971
21,424,741,50.15974426269531,2913.779544219971
21,424,742,50.15974426269531,2913.779544219971
21,424,743,50.19960021972656,2916.0947767639163
21,425,739,50.03998565673828,2906.8227667999267
21,443,734,49.030601501464844,2848.187641220093
21,444,734,49.315311431884766,2864.7264410781863
21,445,734,49.67897033691406,2885.851386871338
21,446,734,49.638694763183594,2883.511778793335
21,447,733,49.67897033691406,2885.851386871338
21,448,733,49.39635467529297,2869.4342430877687
21,450,735,49.19349670410156,2857.65022354126
21,453,720,49.19349670410156,2857.65022354126
21,453,721,49.638694763183594,2883.511778793335
21,453,722,49.638694763183594,2883.511778793335
21,453,723,49.19349670410156,2857.65022354126
21,464,706,51.34199142456055,2982.4562818527224
21,464,707,51.61395263671875,2998.2545086669925
21,464,708,51.961524963378906,3018.444985122681
21,464,709,51.57518768310547,2996.002652511597
21,464,710,51.22499465942383,2975.65993976593
21,464,711,50.950958251953125,2959.7411648559573
21,464,712,50.754310607910156,2948.3179032135013
21,464,713,50.635955810546875,2941.442673034668
21,464,714,50.59644317626953,2939.147384109497
21,464,715,50.635955810546875,2941.442673034668
21,464,716,50.754310607910156,2948.3179032135013
21,464,717,50.950958251953125,2959.7411648559573
21,464,718,51.22499465942383,2975.65993976593
21,464,719,51.57518768310547,2996.002652511597
21,464,720,52.0,3020.6800000000003
21,464,721,52.306785583496094,3038.5011745452884
21,464,722,52.49761962890625,3049.586724243164
21,464,723,52.76362228393555,3065.0388184738163
21,464,724,53.10367202758789,3084.792308082581
21,464,725,52.611785888671875,3056.218642272949
21,464,726,51.88448715209961,3013.9698586654663
21,464,727,51.22499465942383,2975.65993976593
21,471,706,50.5173225402832,2934.5512663650516
21,471,707,50.793701171875,2950.6061010742187
21,471,708,51.146846771240234,2971.120328941345
21,471,709,51.57518768310547,2996.002652511597
21,471,710,52.0,3020.6800000000003
21,471,711,52.038448333740234,3022.9134637069706
21,471,712,52.15361785888672,3029.6036614227296
21,471,713,52.345008850097656,3040.721564102173
21,471,714,52.611785888671875,3056.218642272949
21,471,715,52.95280838012695,3076.0286388015747
21,471,716,53.36665725708008,3100.069120063782
21,471,717,53.702884674072266,3119.600570716858
21,471,718,53.291648864746094,3095.7118825531006
21,471,719,52.57375717163086,3054.009554100037
21,471,720,51.92301940917969,3016.208197479248
21,471,721,51.34199142456055,2982.4562818527224
21,471,722,50.83306121826172,2952.892526168823
21,471,723,50.39841079711914,2927.643683204651
21,471,724,50.03998565673828,2906.8227667999267
21,471,725,49.759422302246094,2890.524841537476
21,471,726,49.558048248291016,2878.8270227432254
21,471,727,49.43682861328125,2871.785374145508
21,471,728,49.39635467529297,2869.4342430877687
21,471,729,49.43682861328125,2871.785374145508
21,487,706,52.383201599121094,3042.9401808929447
21,488,707,52.306785583496094,3038.5011745452884
21,489,708,52.383201599121094,3042.9401808929447
21,504,703,51.26402282714844,2977.927086029053
21,504,704,51.61395263671875,2998.2545086669925
21,504,705,51.45872116088867,2989.237112236023
21,504,706,51.02940368652344,2964.2980601501467
21,508,700,50.03998565673828,2906.8227667999267
21,508,701,50.15974426269531,2913.779544219971
21,508,702,50.35871505737305,2925.3377576828007
21,508,703,50.635955810546875,2941.442673034668
21,508,704,50.990196228027344,2962.0204988861087
21,509,697,50.19960021972656,2916.0947767639163
21,509,698,50.07993698120117,2909.1435392379763
21,509,699,50.03998565673828,2906.8227667999267
21,510,694,51.146846771240234,2971.120328941345
21,510,695,50.793701171875,2950.6061010742187
21,510,696,50.5173225402832,2934.5512663650516
21,511,691,52.839378356933594,3069.4394887542726
21,511,692,52.26853561401367,3036.2792338180543
21,511,693,51.768714904785156,3007.24464881897
21,512,690,53.516353607177734,3108.764981040955
21,513,689,53.88877487182617,3130.3989323043825
21,518,689,52.191951751708984,3031.830477256775
21,518,690,52.15361785888672,3029.6036614227296
21,518,691,52.191951751708984,3031.830477256775
21,518,692,52.306785583496094,3038.5011745452884
21,518,693,52.49761962890625,3049.586724243164
21,518,694,52.68775939941406,3060.631943511963
21,518,695,52.95280838012695,3076.0286388015747
21,518,696,53.10367202758789,3084.792308082581
21,518,697,52.99056625366211,3078.221993675232
21,518,698,52.95280838012695,3076.0286388015747
21,518,699,52.99056625366211,3078.221993675232
21,518,700,53.10367202758789,3084.792308082581
21,518,701,53.291648864746094,3095.7118825531006
21,518,702,53.5537109375,3110.9350683593752
21,518,703,53.88877487182617,3130.3989323043825
21,518,704,53.291648864746094,3095.7118825531006
21,518,705,52.64978790283203,3058.426179275513
21,518,706,52.076866149902344,3025.1451546478274
21,523,689,52.306785583496094,3038.5011745452884
21,524,690,52.383201599121094,3042.9401808929447
21,524,691,52.345008850097656,3040.721564102173
21,525,692,52.64978790283203,3058.426179275513
21,525,693,52.76362228393555,3065.0388184738163
21,525,694,52.95280838012695,3076.0286388015747
21,525,695,53.21653747558594,3091.3486619567875
21,525,696,53.5537109375,3110.9350683593752
21,525,698,52.64978790283203,3058.426179275513
21,525,699,52.0,3020.6800000000003
21,525,700,51.41984176635742,2986.978608207703
21,525,701,50.91168975830078,2957.4600580596925
21,527,698,51.88448715209961,3013.9698586654663
21,527,699,51.22499465942383,2975.65993976593
21,527,700,50.635955810546875,2941.442673034668
21,527,701,50.11985778808594,2911.4625389099124
21,527,702,49.67897033691406,2885.851386871338
21,535,688,51.88448715209961,3013.9698586654663
21,535,689,51.22499465942383,2975.65993976593
21,536,690,50.35871505737305,2925.3377576828007
21,536,691,49.839744567871094,2895.190761947632
21,536,692,49.39635467529297,2869.4342430877687
21,543,681,58.13776779174805,3377.2229310226444
21,543,682,57.16642379760742,3320.7975584030155
21,543,683,56.14267349243164,3261.327903175354
21,543,684,55.17245864868164,3204.9681229019166
21,543,685,54.25864028930664,3151.884414405823
21,543,686,53.40412139892578,3102.245412063599
21,543,687,52.611785888671875,3056.218642272949
21,543,688,51.88448715209961,3013.9698586654663
21,543,689,51.22499465942383,2975.65993976593
21,543,690,50.635955810546875,2941.442673034668
21,543,691,50.11985778808594,2911.4625389099124
21,543,692,49.67897033691406,2885.851386871338
21,543,693,49.315311431884766,2864.7264410781863
21,543,694,49.030601501464844,2848.187641220093
21,550,693,50.5173225402832,2934.5512663650516
21,550,694,49.759422302246094,2890.524841537476
21,550,695,49.07137680053711,2850.556278343201
21,551,690,50.990196228027344,2962.0204988861087
21,551,691,51.02940368652344,2964.2980601501467
21,551,692,51.146846771240234,2971.120328941345
21,552,687,50.793701171875,2950.6061010742187
21,552,688,50.675437927246094,2943.7361891937257
21,552,689,50.635955810546875,2941.442673034668
21,553,685,50.754310607910156,2948.3179032135013
21,553,686,50.635955810546875,2941.442673034668
21,556,697,50.11985778808594,2911.4625389099124
21,556,698,49.839744567871094,2895.190761947632
21,556,699,49.638694763183594,2883.511778793335
21,557,694,50.19960021972656,2916.0947767639163
21,557,695,50.07993698120117,2909.1435392379763
21,557,696,50.03998565673828,2906.8227667999267
21,559,692,49.19349670410156,2857.65022354126
21,559,694,50.15974426269531,2913.779544219971
21,559,695,50.03998565673828,2906.8227667999267
21,559,696,49.839744567871094,2895.190761947632
21,559,697,49.39635467529297,2869.4342430877687
21,559,698,49.030601501464844,2848.187641220093
21,559,711,49.07137680053711,2850.556278343201
21,559,712,49.35585021972656,2867.081339263916
21,562,191,49.71921157836914,2888.1890005874634
21,564,696,49.638694763183594,2883.511778793335
21,564,697,49.19349670410156,2857.65022354126
21,573,701,50.19960021972656,2916.0947767639163
21,573,702,50.39841079711914,2927.643683204651
21,580,686,49.112117767333984,2852.922921104431
21,580,687,49.71921157836914,2888.1890005874634
21,580,688,50.39841079711914,2927.643683204651
21,580,689,51.146846771240234,2971.120328941345
21,581,691,50.990196228027344,2962.0204988861087
21,581,692,50.635955810546875,2941.442673034668
21,581,693,50.35871505737305,2925.3377576828007
21,582,694,49.638694763183594,2883.511778793335
21,582,695,49.51767349243164,2876.481653175354
21,582,696,49.47726821899414,2874.13451084137
21,583,697,49.030601501464844,2848.187641220093
21,590,684,53.291648864746094,3095.7118825531006
21,592,702,49.67897033691406,2885.851386871338
21,608,676,49.759422302246094,2890.524841537476
21,608,677,49.07137680053711,2850.556278343201
21,617,670,54.33230972290039,3156.1638718032837
21,617,671,54.147945404052734,3145.4541485214236
21,617,672,54.037025451660156,3139.0108084869385
21,617,673,53.88877487182617,3130.3989323043825
21,617,674,53.40412139892578,3102.245412063599
21,617,675,52.99056625366211,3078.221993675232
21,617,676,52.64978790283203,3058.426179275513
21,617,677,52.383201599121094,3042.9401808929447
21,617,678,52.191951751708984,3031.830477256775
21,618,667,54.625999450683594,3173.2243080902103
21,618,668,54.58937454223633,3171.0967671585086
21,618,669,54.625999450683594,3173.2243080902103
21,621,668,54.037025451660156,3139.0108084869385
21,621,669,54.07402420043945,3141.160065803528
21,621,670,54.147945404052734,3145.4541485214236
21,621,671,54.147945404052734,3145.4541485214236
21,621,672,54.18486785888672,3147.59897392273
21,621,673,54.29548645019531,3154.0248078918457
21,621,674,54.29548645019531,3154.0248078918457
21,621,675,53.88877487182617,3130.3989323043825
21,621,676,53.5537109375,3110.9350683593752
21,621,677,53.291648864746094,3095.7118825531006
21,621,678,53.10367202758789,3084.792308082581
21,623,668,54.037025451660156,3139.0108084869385
21,623,669,54.037025451660156,3139.0108084869385
21,623,670,54.0,3136.86
21,623,671,54.0,3136.86
21,623,672,54.037025451660156,3139.0108084869385
21,623,674,54.33230972290039,3156.1638718032837
21,623,675,54.58937454223633,3171.0967671585086
21,623,676,54.442630767822266,3162.5724213027956
21,623,677,54.18486785888672,3147.59897392273
21,623,678,54.0,3136.86
21,625,674,54.47935485839844,3164.7057237243653
21,625,675,54.7357292175293,3179.598510246277
21,625,676,54.625999450683594,3173.2243080902103
21,625,677,54.58937454223633,3171.0967671585086
21,625,678,54.625999450683594,3173.2243080902103
21,627,649,53.291648864746094,3095.7118825531006
21,627,650,52.64978790283203,3058.426179275513
21,627,651,52.076866149902344,3025.1451546478274
21,627,652,51.57518768310547,2996.002652511597
21,627,653,51.146846771240234,2971.120328941345
21,627,654,50.793701171875,2950.6061010742187
21,627,655,50.5173225402832,2934.5512663650516
21,628,656,50.19960021972656,2916.0947767639163
21,628,657,50.07993698120117,2909.1435392379763
21,628,658,50.03998565673828,2906.8227667999267
21,629,659,50.0,2904.5
21,629,660,50.03998565673828,2906.8227667999267
21,629,661,50.15974426269531,2913.779544219971
21,630,662,50.39841079711914,2927.643683204651
21,630,663,50.675437927246094,2943.7361891937257
21,630,664,51.02940368652344,2964.2980601501467
21,631,665,51.57518768310547,2996.002652511597
21,631,666,52.076866149902344,3025.1451546478274
21,631,667,52.64978790283203,3058.426179275513
21,632,668,53.36665725708008,3100.069120063782
21,632,669,53.851646423339844,3128.2421407318116
21,632,670,54.4058837890625,3160.4377893066408
21,633,671,53.1789436340332,3089.164835700989
21,633,672,52.99056625366211,3078.221993675232
21,633,673,52.64978790283203,3058.426179275513
21,634,674,51.57518768310547,2996.002652511597
21,634,675,50.990196228027344,2962.0204988861087
21,634,676,50.477718353271484,2932.250659141541
21,634,677,50.03998565673828,2906.8227667999267
21,645,645,50.03998565673828,2906.8227667999267
21,645,646,50.03998565673828,2906.8227667999267
21,645,647,50.07993698120117,2909.1435392379763
21,645,648,50.19960021972656,2916.0947767639163
21,645,649,50.39841079711914,2927.643683204651
21,645,650,50.675437927246094,2943.7361891937257
21,645,651,50.635955810546875,2941.442673034668
21,645,652,50.675437927246094,2943.7361891937257
21,645,653,50.793701171875,2950.6061010742187
21,645,654,50.990196228027344,2962.0204988861087
21,645,655,51.26402282714844,2977.927086029053
21,645,656,51.61395263671875,2998.2545086669925
21,646,643,50.0,2904.5
21,646,644,50.0,2904.5
21,647,639,50.635955810546875,2941.442673034668
21,647,640,50.35871505737305,2925.3377576828007
21,647,641,50.15974426269531,2913.779544219971
21,648,643,50.03998565673828,2906.8227667999267
21,648,644,50.0,2904.5
21,648,645,50.0,2904.5
21,649,646,50.03998565673828,2906.8227667999267
21,649,648,50.35871505737305,2925.3377576828007
21,651,648,50.5173225402832,2934.5512663650516
21,694,665,51.02940368652344,2964.2980601501467
21,695,659,50.0,2904.5
21,695,664,50.990196228027344,2962.0204988861087
21,696,658,50.07993698120117,2909.1435392379763
21,697,657,50.3189811706543,2923.0296162033083
21,698,654,50.635955810546875,2941.442673034668
21,698,655,50.990196228027344,2962.0204988861087
21,698,656,50.71488952636719,2946.02793258667
21,699,651,49.19349670410156,2857.65022354126
21,699,652,49.638694763183594,2883.511778793335
21,699,653,50.15974426269531,2913.779544219971
22,67,641,51.34199142456055,2982.4562818527224
22,67,648,51.22499465942383,2975.65993976593
22,68,641,53.291648864746094,3095.7118825531006
22,68,648,51.57518768310547,2996.002652511597
22,69,640,55.49774932861328,3223.8642584991458
22,69,647,52.64978790283203,3058.426179275513
22,70,640,55.928524017333984,3248.8879601669314
22,70,647,53.10367202758789,3084.792308082581
22,70,705,51.92301940917969,3016.208197479248
22,71,640,56.32051086425781,3271.6584761047366
22,71,646,53.702884674072266,3119.600570716858
22,72,639,55.821144104003906,3242.6502610015873
22,72,645,54.442630767822266,3162.5724213027956
22,73,639,55.31726837158203,3213.3801197052003
22,73,645,54.990909576416016,3194.4219372940065
22,74,639,54.772254943847656,3181.7202896881104
22,74,645,55.60575485229492,3230.138299369812
22,75,638,53.96295166015625,3134.7078619384765
22,75,644,55.89275360107422,3246.8100566864014
22,76,638,53.5537109375,3110.9350683593752
22,76,644,55.6417121887207,3232.227061042786
22,77,638,53.21653747558594,3091.3486619567875
22,77,643,55.0635986328125,3198.6444445800785
22,77,697,54.18486785888672,3147.59897392273
22,78,637,52.68775939941406,3060.631943511963
22,78,642,54.625999450683594,3173.2243080902103
22,79,637,52.49761962890625,3049.586724243164
22,79,642,54.55272674560547,3168.967896652222
22,79,653,52.15361785888672,3029.6036614227296
22,80,637,52.383201599121094,3042.9401808929447
22,80,642,54.442630767822266,3162.5724213027956
22,80,653,52.038448333740234,3022.9134637069706
22,81,636,52.15361785888672,3029.6036614227296
22,81,641,53.851646423339844,3128.2421407318116
22,81,653,52.0,3020.6800000000003
22,81,680,50.3189811706543,2923.0296162033083
22,82,636,52.191951751708984,3031.830477256775
22,82,641,53.88877487182617,3130.3989323043825
22,82,653,52.038448333740234,3022.9134637069706
22,83,636,52.306785583496094,3038.5011745452884
22,83,641,54.0,3136.86
22,83,653,52.15361785888672,3029.6036614227296
22,84,635,52.306785583496094,3038.5011745452884
22,84,640,53.702884674072266,3119.600570716858
22,84,653,52.345008850097656,3040.721564102173
22,85,635,52.49761962890625,3049.586724243164
22,85,640,53.96295166015625,3134.7078619384765
22,85,654,51.88448715209961,3013.9698586654663
22,86,634,52.64978790283203,3058.426179275513
22,86,654,52.23025894165039,3034.0557419204715
22,86,662,49.07137680053711,2850.556278343201
22,87,654,52.64978790283203,3058.426179275513
22,87,662,49.51767349243164,2876.481653175354
22,87,664,49.112117767333984,2852.922921104431
22,88,655,51.961524963378906,3018.444985122681
22,88,661,50.15974426269531,2913.779544219971
22,88,664,49.71921157836914,2888.1890005874634
22,89,655,51.45872116088867,2989.237112236023
22,89,661,50.754310607910156,2948.3179032135013
22,89,663,50.59644317626953,2939.147384109497
22,89,675,50.83306121826172,2952.892526168823
22,90,655,51.02940368652344,2964.2980601501467
22,90,661,51.41984176635742,2986.978608207703
22,90,663,51.22499465942383,2975.65993976593
22,90,674,51.146846771240234,2971.120328941345
22,91,656,50.635955810546875,2941.442673034668
22,91,660,51.26402282714844,2977.927086029053
22,91,663,51.88448715209961,3013.9698586654663
22,91,674,51.961524963378906,3018.444985122681
22,92,656,50.35871505737305,2925.3377576828007
22,92,660,50.990196228027344,2962.0204988861087
22,92,662,51.768714904785156,3007.24464881897
22,92,673,52.49761962890625,3049.586724243164
22,93,656,50.15974426269531,2913.779544219971
22,93,660,50.793701171875,2950.6061010742187
22,93,662,51.57518768310547,2996.002652511597
22,93,673,53.44155502319336,3104.4199312973024
22,94,657,50.07993698120117,2909.1435392379763
22,94,659,50.39841079711914,2927.643683204651
22,94,662,51.45872116088867,2989.237112236023
22,94,673,54.442630767822266,3162.5724213027956
22,95,657,50.03998565673828,2906.8227667999267
22,95,659,50.35871505737305,2925.3377576828007
22,95,661,50.990196228027344,2962.0204988861087
22,95,672,55.17245864868164,3204.9681229019166
22,96,657,50.07993698120117,2909.1435392379763
22,96,659,50.39841079711914,2927.643683204651
22,96,661,51.02940368652344,2964.2980601501467
22,96,672,56.14267349243164,3261.327903175354
22,97,661,51.146846771240234,2971.120328941345
22,97,672,57.16642379760742,3320.7975584030155
22,98,658,50.5173225402832,2934.5512663650516
22,98,660,50.990196228027344,2962.0204988861087
22,98,671,56.780277252197266,3298.3663055801394
22,99,658,50.793701171875,2950.6061010742187
22,99,660,51.26402282714844,2977.927086029053
22,99,671,57.026309967041016,3312.658345985413
22,100,657,51.02940368652344,2964.2980601501467
22,100,660,51.61395263671875,2998.2545086669925
22,100,671,57.34108352661133,3330.9435420608525
22,101,659,51.768714904785156,3007.24464881897
22,101,670,56.99122619628906,3310.6203297424317
22,102,659,52.26853561401367,3036.2792338180543
22,102,670,57.44562530517578,3337.0163739776613
22,103,670,57.96550750732422,3367.2163311004642
22,104,669,57.89645767211914,3363.205226173401
22,105,668,57.96550750732422,3367.2163311004642
22,130,681,52.038448333740234,3022.9134637069706
22,197,730,58.78775405883789,3414.980633277893
22,197,731,59.36328887939453,3448.4134510040285
22,365,736,53.291648864746094,3095.7118825531006
22,418,725,52.95280838012695,3076.0286388015747
22,418,726,52.23025894165039,3034.0557419204715
22,418,727,51.57518768310547,2996.002652511597
22,418,728,50.990196228027344,2962.0204988861087
22,418,729,50.477718353271484,2932.250659141541
22,418,730,50.03998565673828,2906.8227667999267
22,418,731,49.67897033691406,2885.851386871338
22,419,732,49.030601501464844,2848.187641220093
22,420,739,49.030601501464844,2848.187641220093
22,427,732,49.030601501464844,2848.187641220093
22,428,729,50.35871505737305,2925.3377576828007
22,428,730,50.03998565673828,2906.8227667999267
22,428,731,49.67897033691406,2885.851386871338
22,429,726,50.03998565673828,2906.8227667999267
22,429,727,50.07993698120117,2909.1435392379763
22,429,728,50.19960021972656,2916.0947767639163
22,430,703,52.76362228393555,3065.0388184738163
22,430,704,52.95280838012695,3076.0286388015747
22,430,705,53.21653747558594,3091.3486619567875
22,430,706,53.5537109375,3110.9350683593752
22,430,707,53.36665725708008,3100.069120063782
22,430,708,52.95280838012695,3076.0286388015747
22,430,709,52.611785888671875,3056.218642272949
22,430,710,52.345008850097656,3040.721564102173
22,430,711,52.15361785888672,3029.6036614227296
22,430,712,51.961524963378906,3018.444985122681
22,430,713,51.61395263671875,2998.2545086669925
22,430,714,51.34199142456055,2982.4562818527224
22,430,715,51.146846771240234,2971.120328941345
22,430,716,51.02940368652344,2964.2980601501467
22,430,717,50.990196228027344,2962.0204988861087
22,430,718,51.02940368652344,2964.2980601501467
22,430,719,51.146846771240234,2971.120328941345
22,430,720,51.34199142456055,2982.4562818527224
22,430,721,51.146846771240234,2971.120328941345
22,430,722,50.793701171875,2950.6061010742187
22,430,723,50.5173225402832,2934.5512663650516
22,430,724,50.3189811706543,2923.0296162033083
22,431,694,54.772254943847656,3181.7202896881104
22,431,695,54.29548645019531,3154.0248078918457
22,431,696,53.88877487182617,3130.3989323043825
22,431,697,53.5537109375,3110.9350683593752
22,431,698,53.291648864746094,3095.7118825531006
22,431,699,53.10367202758789,3084.792308082581
22,431,700,52.99056625366211,3078.221993675232
22,431,701,52.95280838012695,3076.0286388015747
22,431,726,50.35871505737305,2925.3377576828007
22,432,691,54.662601470947266,3175.350519447327
22,432,692,54.918121337890625,3190.1936685180667
22,432,693,55.17245864868164,3204.9681229019166
22,432,727,49.638694763183594,2883.511778793335
22,432,728,49.51767349243164,2876.481653175354
22,432,729,49.47726821899414,2874.13451084137
22,433,690,54.29548645019531,3154.0248078918457
22,433,730,49.030601501464844,2848.187641220093
22,433,731,49.07137680053711,2850.556278343201
22,433,732,49.19349670410156,2857.65022354126
22,436,690,54.037025451660156,3139.0108084869385
22,436,691,54.147945404052734,3145.4541485214236
22,437,692,54.369110107421875,3158.3016061401368
22,437,693,54.625999450683594,3173.2243080902103
22,437,694,54.954524993896484,3192.308356895447
22,438,695,55.46169662475586,3221.769956932068
22,438,696,55.49774932861328,3223.8642584991458
22,438,697,55.17245864868164,3204.9681229019166
22,439,698,55.24490737915039,3209.1766696548466
22,439,699,55.0635986328125,3198.6444445800785
22,439,700,54.954524993896484,3192.308356895447
22,440,701,55.31726837158203,3213.3801197052003
22,440,702,55.35340881347656,3215.4795179748535
22,440,703,55.46169662475586,3221.769956932068
22,441,704,55.02726745605469,3196.533966522217
22,441,705,54.4058837890625,3160.4377893066408
22,441,706,53.851646423339844,3128.2421407318116
22,442,707,52.64978790283203,3058.426179275513
22,442,708,52.23025894165039,3034.0557419204715
22,442,709,51.88448715209961,3013.9698586654663
22,443,710,50.950958251953125,2959.7411648559573
22,443,711,50.754310607910156,2948.3179032135013
22,443,712,50.635955810546875,2941.442673034668
22,444,713,50.0,2904.5
22,444,714,50.03998565673828,2906.8227667999267
22,444,715,50.15974426269531,2913.779544219971
22,445,716,49.839744567871094,2895.190761947632
22,445,717,49.43682861328125,2871.785374145508
22,450,690,55.49774932861328,3223.8642584991458
22,451,691,54.918121337890625,3190.1936685180667
22,451,692,54.662601470947266,3175.350519447327
22,452,693,54.29548645019531,3154.0248078918457
22,452,694,54.18486785888672,3147.59897392273
22,452,695,54.147945404052734,3145.4541485214236
22,453,696,54.0,3136.86
22,453,697,53.88877487182617,3130.3989323043825
22,453,698,53.851646423339844,3128.2421407318116
22,453,699,53.88877487182617,3130.3989323043825
22,453,700,53.5537109375,3110.9350683593752
22,453,701,53.1789436340332,3089.164835700989
22,453,702,52.23025894165039,3034.0557419204715
22,453,703,51.34199142456055,2982.4562818527224
22,453,704,50.5173225402832,2934.5512663650516
22,453,705,49.759422302246094,2890.524841537476
22,453,706,49.07137680053711,2850.556278343201
22,464,703,49.030601501464844,2848.187641220093
22,464,704,49.07137680053711,2850.556278343201
22,464,705,49.19349670410156,2857.65022354126
22,465,700,49.030601501464844,2848.187641220093
22,466,697,49.839744567871094,2895.190761947632
22,466,698,49.39635467529297,2869.4342430877687
22,466,699,49.030601501464844,2848.187641220093
22,467,695,50.71488952636719,2946.02793258667
22,467,696,50.15974426269531,2913.779544219971
22,486,695,51.34199142456055,2982.4562818527224
22,486,696,51.768714904785156,3007.24464881897
22,486,697,52.26853561401367,3036.2792338180543
22,486,698,52.038448333740234,3022.9134637069706
22,486,699,51.61395263671875,2998.2545086669925
22,486,700,51.26402282714844,2977.927086029053
22,486,701,50.990196228027344,2962.0204988861087
22,486,702,50.793701171875,2950.6061010742187
22,486,703,50.675437927246094,2943.7361891937257
22,487,704,50.35871505737305,2925.3377576828007
22,487,705,50.35871505737305,2925.3377576828007
22,503,702,49.39635467529297,2869.4342430877687
22,504,695,49.315311431884766,2864.7264410781863
22,504,696,49.030601501464844,2848.187641220093
22,508,705,49.47726821899414,2874.13451084137
22,606,660,51.02940368652344,2964.2980601501467
22,606,661,50.675437927246094,2943.7361891937257
22,607,619,57.827327728271484,3359.1894677352907
22,607,620,56.74504470825195,3296.319647102356
22,608,621,55.60575485229492,3230.138299369812
22,608,622,54.625999450683594,3173.2243080902103
22,608,623,53.702884674072266,3119.600570716858
22,609,624,52.801513671875,3067.2399291992188
22,610,625,52.038448333740234,3022.9134637069706
22,610,626,51.30302047729492,2980.192459526062
22,611,627,50.754310607910156,2948.3179032135013
22,611,628,50.15974426269531,2913.779544219971
22,611,629,49.638694763183594,2883.511778793335
22,612,630,49.39635467529297,2869.4342430877687
22,612,631,49.030601501464844,2848.187641220093
22,618,648,49.39635467529297,2869.4342430877687
22,618,649,49.839744567871094,2895.190761947632
22,618,650,50.35871505737305,2925.3377576828007
22,619,651,51.22499465942383,2975.65993976593
22,619,652,51.88448715209961,3013.9698586654663
22,619,653,52.611785888671875,3056.218642272949
22,619,665,52.68775939941406,3060.631943511963
22,619,666,52.49761962890625,3049.586724243164
22,620,654,51.88448715209961,3013.9698586654663
22,620,655,51.61395263671875,2998.2545086669925
22,620,656,51.41984176635742,2986.978608207703
22,620,657,51.30302047729492,2980.192459526062
22,620,658,51.26402282714844,2977.927086029053
22,620,659,51.26402282714844,2977.927086029053
22,620,661,51.41984176635742,2986.978608207703
22,620,662,51.61395263671875,2998.2545086669925
22,620,663,51.88448715209961,3013.9698586654663
22,621,665,52.0,3020.6800000000003
22,621,666,52.191951751708984,3031.830477256775
22,625,638,52.15361785888672,3029.6036614227296
22,625,639,52.038448333740234,3022.9134637069706
22,626,640,52.801513671875,3067.2399291992188
22,627,641,53.702884674072266,3119.600570716858
22,627,642,53.66563034057617,3117.43646648407
22,627,647,52.95280838012695,3076.0286388015747
22,627,648,52.15361785888672,3029.6036614227296
22,628,643,54.58937454223633,3171.0967671585086
22,628,644,54.625999450683594,3173.2243080902103
22,628,645,54.625999450683594,3173.2243080902103
22,634,641,52.95280838012695,3076.0286388015747
22,634,642,52.64978790283203,3058.426179275513
22,634,643,52.0,3020.6800000000003
22,635,644,50.990196228027344,2962.0204988861087
22,635,645,50.477718353271484,2932.250659141541
22,635,646,50.03998565673828,2906.8227667999267
22,647,628,56.46237564086914,3279.8994009780886
22,647,629,55.56977462768555,3228.0482081222535
22,647,630,54.58937454223633,3171.0967671585086
22,647,631,53.66563034057617,3117.43646648407
22,647,632,52.801513671875,3067.2399291992188
22,647,633,52.0,3020.6800000000003
22,647,634,51.26402282714844,2977.927086029053
22,647,635,50.59644317626953,2939.147384109497
22,647,636,50.0,2904.5
22,647,637,49.47726821899414,2874.13451084137
22,647,638,49.030601501464844,2848.187641220093
22,649,627,56.88584899902344,3304.4989683532717
22,650,628,56.2138786315918,3265.464209709168
22,651,629,55.49774932861328,3223.8642584991458
22,652,630,54.918121337890625,3190.1936685180667
22,653,631,54.47935485839844,3164.7057237243653
22,654,632,54.18486785888672,3147.59897392273
22,655,633,54.037025451660156,3139.0108084869385
22,656,634,54.037025451660156,3139.0108084869385
22,657,635,54.18486785888672,3147.59897392273
22,658,636,54.33230972290039,3156.1638718032837
22,659,637,54.4058837890625,3160.4377893066408
22,694,666,49.030601501464844,2848.187641220093
23,66,641,49.030601501464844,2848.187641220093
23,69,706,50.477718353271484,2932.250659141541
23,77,698,53.40412139892578,3102.245412063599
23,112,645,57.20139694213867,3322.829148368836
23,113,644,57.20139694213867,3322.829148368836
23,114,643,56.70978927612305,3294.271659049988
23,115,643,56.603885650634766,3288.1197174453737
23,116,642,56.32051086425781,3271.6584761047366
23,117,642,56.35601043701172,3273.720646286011
23,118,641,56.28498840332031,3269.594976348877
23,119,641,56.46237564086914,3279.8994009780886
23,120,641,56.70978927612305,3294.271659049988
23,121,642,57.20139694213867,3322.829148368836
23,122,642,57.584720611572266,3345.0964203262333
23,123,642,58.03447341918945,3371.2225609207158
23,124,641,58.37807846069336,3391.1825777816775
23,125,642,59.126983642578125,3434.6864797973635
23,126,642,59.766212463378906,3471.8192819976807
23,127,642,60.464866638183594,3512.404103012085
23,128,641,60.95900344848633,3541.108510322571
23,129,642,62.032249450683594,3603.4533705902104
23,130,642,61.384037017822266,3565.798710365296
23,131,642,60.69596481323242,3525.8285960006715
23,132,641,61.02458572387695,3544.9181847000123
23,133,642,59.49789810180664,3456.232900733948
23,134,642,58.99152374267578,3426.8176142120365
23,134,657,50.0,2904.5
23,134,658,49.47726821899414,2874.13451084137
23,134,659,49.030601501464844,2848.187641220093
23,135,642,58.54912567138672,3401.1187102508547
23,135,655,51.26402282714844,2977.927086029053
23,135,656,50.59644317626953,2939.147384109497
23,136,641,59.160797119140625,3436.650704650879
23,136,653,51.34199142456055,2982.4562818527224
23,136,654,51.146846771240234,2971.120328941345
23,137,642,57.86190414428711,3361.1980117416383
23,137,652,51.26402282714844,2977.927086029053
23,138,642,57.619441986083984,3347.113384971619
23,138,651,51.34199142456055,2982.4562818527224
23,139,649,52.076866149902344,3025.1451546478274
23,139,650,51.57518768310547,2996.002652511597
23,140,644,55.49774932861328,3223.8642584991458
23,140,645,54.662601470947266,3175.350519447327
23,140,646,53.88877487182617,3130.3989323043825
23,140,647,53.1789436340332,3089.164835700989
23,140,648,52.535701751708984,3051.798914756775
23,147,703,56.603885650634766,3288.1197174453737
23,148,702,56.88584899902344,3304.4989683532717
23,149,666,53.44155502319336,3104.4199312973024
23,149,701,57.30619430541992,3328.9168272018433
23,150,665,52.95280838012695,3076.0286388015747
23,150,700,57.723480224609375,3353.156966247559
23,151,664,52.345008850097656,3040.721564102173
23,151,699,58.06892395019531,3373.223792266846
23,152,663,51.88448715209961,3013.9698586654663
23,152,698,58.54912567138672,3401.1187102508547
23,153,662,51.57518768310547,2996.002652511597
23,153,697,59.160797119140625,3436.650704650879
23,154,661,51.41984176635742,2986.978608207703
23,154,696,59.632205963134766,3464.0348443984985
23,155,660,51.41984176635742,2986.978608207703
23,155,695,59.228370666503906,3440.576052017212
23,156,659,51.57518768310547,2996.002652511597
23,156,695,59.396968841552734,3450.3699200057986
23,157,658,51.88448715209961,3013.9698586654663
23,157,694,58.85575485229492,3418.930799369812
23,158,657,52.345008850097656,3040.721564102173
23,158,694,59.160797119140625,3436.650704650879
23,159,656,52.95280838012695,3076.0286388015747
23,159,694,58.685604095458984,3409.0467419052125
23,160,655,53.702884674072266,3119.600570716858
23,161,654,54.58937454223633,3171.0967671585086
23,161,693,57.89645767211914,3363.205226173401
23,162,653,55.60575485229492,3230.138299369812
23,162,693,57.30619430541992,3328.9168272018433
23,163,652,56.74504470825195,3296.319647102356
23,163,692,57.30619430541992,3328.9168272018433
23,164,651,58.0,3369.2200000000003
23,164,692,56.780277252197266,3298.3663055801394
23,165,650,59.36328887939453,3448.4134510040285
23,165,692,56.32051086425781,3271.6584761047366
23,166,649,60.8276252746582,3533.476752204895
23,166,691,56.603885650634766,3288.1197174453737
23,167,648,62.12889862060547,3609.0677208709717
23,167,691,56.28498840332031,3269.594976348877
23,168,647,62.12889862060547,3609.0677208709717
23,168,691,55.928524017333984,3248.8879601669314
23,169,646,62.257530212402344,3616.5399300384524
23,169,690,56.28498840332031,3269.594976348877
23,170,645,62.513999938964844,3631.438256454468
23,170,690,56.035701751708984,3255.113914756775
23,171,644,62.83311080932617,3649.9754069137575
23,171,690,55.85696029663086,3244.730823631287
23,172,643,63.27716827392578,3675.770705032349
23,172,689,56.49778747558594,3281.9564744567874
23,173,689,56.46237564086914,3279.8994009780886
23,174,689,56.49778747558594,3281.9564744567874
23,175,688,57.41080093383789,3334.993426246643
23,176,688,57.584720611572266,3345.0964203262333
23,177,688,57.827327728271484,3359.1894677352907
23,178,687,58.37807846069336,3391.1825777816775
23,179,687,57.86190414428711,3361.1980117416383
23,180,686,57.30619430541992,3328.9168272018433
23,181,685,56.88584899902344,3304.4989683532717
23,182,684,56.603885650634766,3288.1197174453737
23,183,643,64.03124237060547,3719.574869308472
23,183,683,56.46237564086914,3279.8994009780886
23,184,675,59.59865951538086,3462.0861312484744
23,184,676,58.957611083984375,3424.8476278686526
23,184,677,58.37807846069336,3391.1825777816775
23,184,678,57.86190414428711,3361.1980117416383
23,184,679,57.41080093383789,3334.993426246643
23,184,680,57.026309967041016,3312.658345985413
23,184,681,56.70978927612305,3294.271659049988
23,184,682,56.46237564086914,3279.8994009780886
23,185,674,60.199668884277344,3496.998765487671
23,199,728,56.603885650634766,3288.1197174453737
23,224,133,49.030601501464844,2848.187641220093
23,323,713,56.603885650634766,3288.1197174453737
23,323,719,55.24490737915039,3209.1766696548466
23,324,713,56.70978927612305,3294.271659049988
23,324,719,55.31726837158203,3213.3801197052003
23,325,719,55.35340881347656,3215.4795179748535
23,326,720,55.0635986328125,3198.6444445800785
23,327,720,55.24490737915039,3209.1766696548466
23,328,720,55.24490737915039,3209.1766696548466
23,329,721,54.7357292175293,3179.598510246277
23,330,721,54.625999450683594,3173.2243080902103
23,331,721,54.58937454223633,3171.0967671585086
23,332,722,54.369110107421875,3158.3016061401368
23,333,722,54.47935485839844,3164.7057237243653
23,334,722,54.662601470947266,3175.350519447327
23,335,723,54.7357292175293,3179.598510246277
23,336,723,55.0635986328125,3198.6444445800785
23,337,723,55.46169662475586,3221.769956932068
23,338,724,55.74943923950195,3238.4849254226688
23,339,724,55.0635986328125,3198.6444445800785
23,340,724,54.442630767822266,3162.5724213027956
23,341,725,54.0,3136.86
23,342,725,53.516353607177734,3108.764981040955
23,343,725,53.10367202758789,3084.792308082581
23,344,726,52.95280838012695,3076.0286388015747
23,345,726,52.68775939941406,3060.631943511963
23,346,712,54.7357292175293,3179.598510246277
23,346,726,52.49761962890625,3049.586724243164
23,347,713,55.24490737915039,3209.1766696548466
23,347,727,52.49761962890625,3049.586724243164
23,348,713,55.6417121887207,3232.227061042786
23,348,727,52.383201599121094,3042.9401808929447
23,349,713,55.49774932861328,3223.8642584991458
23,349,727,52.345008850097656,3040.721564102173
23,350,714,54.918121337890625,3190.1936685180667
23,350,728,52.64978790283203,3058.426179275513
23,351,714,54.7357292175293,3179.598510246277
23,351,728,52.76362228393555,3065.0388184738163
23,352,714,54.625999450683594,3173.2243080902103
23,352,728,52.95280838012695,3076.0286388015747
23,353,715,54.33230972290039,3156.1638718032837
23,353,729,53.1789436340332,3089.164835700989
23,354,715,54.369110107421875,3158.3016061401368
23,354,729,52.535701751708984,3051.798914756775
23,355,715,54.47935485839844,3164.7057237243653
23,355,729,51.961524963378906,3018.444985122681
23,356,716,54.47935485839844,3164.7057237243653
23,356,730,51.57518768310547,2996.002652511597
23,357,716,54.7357292175293,3179.598510246277
23,357,730,51.146846771240234,2971.120328941345
23,358,716,54.918121337890625,3190.1936685180667
23,358,730,50.793701171875,2950.6061010742187
23,359,717,54.18486785888672,3147.59897392273
23,359,731,50.71488952636719,2946.02793258667
23,360,717,54.0,3136.86
23,360,731,50.5173225402832,2934.5512663650516
23,361,717,53.88877487182617,3130.3989323043825
23,361,731,50.39841079711914,2927.643683204651
23,362,703,58.78775405883789,3414.980633277893
23,362,718,53.141319274902344,3086.9792366790775
23,362,732,50.635955810546875,2941.442673034668
23,363,704,58.54912567138672,3401.1187102508547
23,363,718,53.1789436340332,3089.164835700989
23,363,732,50.675437927246094,2943.7361891937257
23,364,704,58.03447341918945,3371.2225609207158
23,364,718,53.291648864746094,3095.7118825531006
23,364,733,51.146846771240234,2971.120328941345
23,365,704,57.584720611572266,3345.0964203262333
23,365,719,52.839378356933594,3069.4394887542726
23,365,734,51.768714904785156,3007.24464881897
23,366,704,57.20139694213867,3322.829148368836
23,366,719,53.10367202758789,3084.792308082581
23,366,734,52.0,3020.6800000000003
23,367,705,56.70978927612305,3294.271659049988
23,367,719,53.10367202758789,3084.792308082581
23,367,734,51.57518768310547,2996.002652511597
23,368,706,55.6417121887207,3232.227061042786
23,368,720,52.95280838012695,3076.0286388015747
23,368,734,51.22499465942383,2975.65993976593
23,369,707,54.69917678833008,3177.4751796340943
23,369,720,52.68775939941406,3060.631943511963
23,369,734,50.950958251953125,2959.7411648559573
23,370,708,53.88877487182617,3130.3989323043825
23,370,720,52.49761962890625,3049.586724243164
23,370,734,50.754310607910156,2948.3179032135013
23,371,709,53.21653747558594,3091.3486619567875
23,371,721,52.64978790283203,3058.426179275513
23,371,734,50.635955810546875,2941.442673034668
23,372,710,52.68775939941406,3060.631943511963
23,372,721,52.611785888671875,3056.218642272949
23,372,734,50.59644317626953,2939.147384109497
23,373,711,52.306785583496094,3038.5011745452884
23,373,721,52.64978790283203,3058.426179275513
23,374,712,52.076866149902344,3025.1451546478274
23,374,722,52.68775939941406,3060.631943511963
23,375,713,52.0,3020.6800000000003
23,375,722,52.49761962890625,3049.586724243164
23,376,714,52.038448333740234,3022.9134637069706
23,376,715,52.076866149902344,3025.1451546478274
23,376,722,52.383201599121094,3042.9401808929447
23,377,723,52.611785888671875,3056.218642272949
23,378,723,52.64978790283203,3058.426179275513
23,379,723,52.76362228393555,3065.0388184738163
23,380,724,53.291648864746094,3095.7118825531006
23,381,724,53.5537109375,3110.9350683593752
23,382,724,53.88877487182617,3130.3989323043825
23,383,725,54.69917678833008,3177.4751796340943
23,384,725,54.7357292175293,3179.598510246277
23,385,725,54.55272674560547,3168.967896652222
23,386,726,53.88877487182617,3130.3989323043825
23,387,727,53.36665725708008,3100.069120063782
23,388,727,53.36665725708008,3100.069120063782
23,444,671,56.63920974731445,3290.1716942214966
23,444,672,56.10704040527344,3259.2579771423343
23,444,673,55.6417121887207,3232.227061042786
23,444,674,55.17245864868164,3204.9681229019166
23,445,675,54.29548645019531,3154.0248078918457
23,445,676,53.88877487182617,3130.3989323043825
23,445,677,53.5537109375,3110.9350683593752
23,446,678,52.95280838012695,3076.0286388015747
23,446,679,52.76362228393555,3065.0388184738163
23,446,680,52.64978790283203,3058.426179275513
23,447,681,52.345008850097656,3040.721564102173
23,447,682,52.383201599121094,3042.9401808929447
23,447,683,52.49761962890625,3049.586724243164
23,448,684,52.49761962890625,3049.586724243164
23,448,685,52.76362228393555,3065.0388184738163
23,448,686,52.99056625366211,3078.221993675232
23,449,687,53.36665725708008,3100.069120063782
23,449,688,53.36665725708008,3100.069120063782
23,449,689,53.40412139892578,3102.245412063599
23,468,662,54.918121337890625,3190.1936685180667
23,469,662,54.58937454223633,3171.0967671585086
23,470,662,54.33230972290039,3156.1638718032837
23,471,661,54.147945404052734,3145.4541485214236
23,472,661,54.037025451660156,3139.0108084869385
23,473,661,54.0,3136.86
23,474,660,54.07402420043945,3141.160065803528
23,475,660,54.18486785888672,3147.59897392273
23,476,660,54.369110107421875,3158.3016061401368
23,477,659,54.7357292175293,3179.598510246277
23,478,659,55.0635986328125,3198.6444445800785
23,479,659,55.46169662475586,3221.769956932068
23,480,658,56.10704040527344,3259.2579771423343
23,481,658,56.63920974731445,3290.1716942214966
23,482,658,57.236351013183594,3324.859630355835
23,483,645,58.51495361328125,3399.133655395508
23,483,657,58.13776779174805,3377.2229310226444
23,484,644,57.75811767578125,3355.169055786133
23,484,657,58.85575485229492,3418.930799369812
23,485,643,57.13142776489258,3318.76463886261
23,485,657,59.160797119140625,3436.650704650879
23,486,642,56.63920974731445,3290.1716942214966
23,486,656,59.09314727783203,3432.720925369263
23,487,642,56.46237564086914,3279.8994009780886
23,487,656,59.396968841552734,3450.3699200057986
23,488,642,56.35601043701172,3273.720646286011
23,488,656,59.766212463378906,3471.8192819976807
23,489,641,56.14267349243164,3261.327903175354
23,489,655,59.96665573120117,3483.4630314254764
23,490,641,56.14267349243164,3261.327903175354
23,490,655,60.464866638183594,3512.404103012085
23,491,641,56.178287506103516,3263.3967212295533
23,491,655,60.56401443481445,3518.1635985183716
23,492,640,56.178287506103516,3263.3967212295533
23,492,654,59.96665573120117,3483.4630314254764
23,493,640,56.35601043701172,3273.720646286011
23,493,654,58.99152374267578,3426.8176142120365
23,494,640,56.603885650634766,3288.1197174453737
23,494,654,58.06892395019531,3373.223792266846
23,495,639,56.88584899902344,3304.4989683532717
23,495,653,57.723480224609375,3353.156966247559
23,496,639,57.27128601074219,3326.889004364014
23,496,653,56.920997619628906,3306.5407517242434
23,497,639,57.723480224609375,3353.156966247559
23,497,653,56.178287506103516,3263.3967212295533
23,498,638,58.24087905883789,3383.212664527893
23,498,652,55.928524017333984,3248.8879601669314
23,499,638,58.61740493774414,3405.0850528335573
23,499,652,55.31726837158203,3213.3801197052003
23,500,638,58.85575485229492,3418.930799369812
23,500,652,54.772254943847656,3181.7202896881104
23,501,638,59.160797119140625,3436.650704650879
23,501,651,54.69917678833008,3177.4751796340943
23,502,638,59.5315055847168,3458.185159416199
23,502,651,54.29548645019531,3154.0248078918457
23,503,638,59.96665573120117,3483.4630314254764
23,503,651,53.96295166015625,3134.7078619384765
23,504,638,60.16643524169922,3495.068223190308
23,504,650,54.18486785888672,3147.59897392273
23,505,638,60.33241271972656,3504.709854888916
23,505,650,54.0,3136.86
23,506,638,60.56401443481445,3518.1635985183716
23,506,650,53.88877487182617,3130.3989323043825
23,507,638,60.860496520996094,3535.3862429046635
23,507,649,54.4058837890625,3160.4377893066408
23,508,638,61.22091293334961,3556.322832298279
23,508,649,54.442630767822266,3162.5724213027956
23,509,638,61.64413833618164,3580.9079959487917
23,509,649,54.55272674560547,3168.967896652222
23,510,638,61.90314865112305,3595.953905143738
23,510,648,55.35340881347656,3215.4795179748535
23,511,638,61.48170471191406,3571.4722267150883
23,511,648,55.60575485229492,3230.138299369812
23,512,638,60.860496520996094,3535.3862429046635
23,512,648,55.35340881347656,3215.4795179748535
23,513,638,60.29925537109375,3502.7837445068362
23,513,647,54.990909576416016,3194.4219372940065
23,514,639,58.957611083984375,3424.8476278686526
23,514,647,54.442630767822266,3162.5724213027956
23,515,639,58.51495361328125,3399.133655395508
23,515,647,53.96295166015625,3134.7078619384765
23,516,639,58.13776779174805,3377.2229310226444
23,516,646,53.88877487182617,3130.3989323043825
23,517,638,57.27128601074219,3326.889004364014
23,517,646,53.5537109375,3110.9350683593752
23,518,639,56.49778747558594,3281.9564744567874
23,518,646,53.291648864746094,3095.7118825531006
23,519,639,55.74943923950195,3238.4849254226688
23,519,645,53.516353607177734,3108.764981040955
23,520,639,55.0635986328125,3198.6444445800785
23,520,645,53.40412139892578,3102.245412063599
23,521,638,54.4058837890625,3160.4377893066408
23,521,645,53.36665725708008,3100.069120063782
23,522,639,53.88877487182617,3130.3989323043825
23,522,644,53.88877487182617,3130.3989323043825
23,523,639,53.40412139892578,3102.245412063599
23,523,644,54.0,3136.86
23,524,639,52.99056625366211,3078.221993675232
23,524,644,54.18486785888672,3147.59897392273
23,525,638,52.611785888671875,3056.218642272949
23,525,643,53.5537109375,3110.9350683593752
23,526,639,52.383201599121094,3042.9401808929447
23,526,643,53.21653747558594,3091.3486619567875
23,527,639,52.191951751708984,3031.830477256775
23,527,643,52.95280838012695,3076.0286388015747
23,528,639,52.076866149902344,3025.1451546478274
23,528,642,52.49761962890625,3049.586724243164
23,529,638,52.0,3020.6800000000003
23,529,642,52.383201599121094,3042.9401808929447
23,530,639,52.0,3020.6800000000003
23,530,642,52.191951751708984,3031.830477256775
23,533,640,52.038448333740234,3022.9134637069706
23,535,642,52.191951751708984,3031.830477256775
23,535,643,52.306785583496094,3038.5011745452884
23,535,644,52.49761962890625,3049.586724243164
23,535,645,52.76362228393555,3065.0388184738163
23,535,646,53.10367202758789,3084.792308082581
23,541,657,53.88877487182617,3130.3989323043825
23,541,658,53.88877487182617,3130.3989323043825
23,542,659,53.36665725708008,3100.069120063782
23,542,660,53.36665725708008,3100.069120063782
23,542,661,53.40412139892578,3102.245412063599
23,566,604,56.70978927612305,3294.271659049988
23,567,605,56.63920974731445,3290.1716942214966
23,568,606,56.63920974731445,3290.1716942214966
23,569,607,56.63920974731445,3290.1716942214966
23,569,608,56.88584899902344,3304.4989683532717
23,570,609,57.026309967041016,3312.658345985413
23,570,610,57.41080093383789,3334.993426246643
23,570,611,57.86190414428711,3361.1980117416383
23,571,612,58.27520751953125,3385.2068048095707
23,571,613,58.85575485229492,3418.930799369812
23,571,614,59.49789810180664,3456.232900733948
23,572,615,60.16643524169922,3495.068223190308
23,572,616,60.926185607910156,3539.202121963501
23,572,617,61.741397857666016,3586.557801551819
23,573,618,60.49793243408203,3514.3248950958255
23,573,619,60.464866638183594,3512.404103012085
23,573,620,60.49793243408203,3514.3248950958255
23,574,621,59.49789810180664,3456.232900733948
23,574,622,59.66573715209961,3465.9826711654664
23,574,623,59.89991760253906,3479.586213531494
23,575,624,59.160797119140625,3436.650704650879
23,575,625,59.5315055847168,3458.185159416199
23,575,626,59.89991760253906,3479.586213531494
23,576,627,59.36328887939453,3448.4134510040285
23,577,628,58.957611083984375,3424.8476278686526
23,577,630,57.44562530517578,3337.0163739776613
23,577,631,56.780277252197266,3298.3663055801394
23,577,632,56.178287506103516,3263.3967212295533
23,579,630,58.54912567138672,3401.1187102508547
23,579,631,57.89645767211914,3363.205226173401
23,580,632,57.96550750732422,3367.2163311004642
23,620,660,49.43682861328125,2871.785374145508
23,660,638,52.87721633911133,3071.6374971389773
23,674,607,51.961524963378906,3018.444985122681
24,146,704,54.772254943847656,3181.7202896881104
24,148,667,51.88448715209961,3013.9698586654663
24,173,642,61.90314865112305,3595.953905143738
24,184,642,62.64183807373047,3638.8643737030034
24,186,673,59.09314727783203,3432.720925369263
24,198,730,55.31726837158203,3213.3801197052003
24,200,727,54.772254943847656,3181.7202896881104
24,251,719,56.63920974731445,3290.1716942214966
24,252,717,57.723480224609375,3353.156966247559
24,252,718,57.061370849609375,3314.695032653809
24,253,716,58.343807220458984,3389.1917614364625
24,254,715,59.09314727783203,3432.720925369263
24,255,714,58.88972854614258,3420.904331245423
24,256,713,58.54912567138672,3401.1187102508547
24,257,712,58.343807220458984,3389.1917614364625
24,266,710,56.88584899902344,3304.4989683532717
24,266,712,57.061370849609375,3314.695032653809
24,266,713,56.603885650634766,3288.1197174453737
24,267,710,56.88584899902344,3304.4989683532717
24,267,714,55.821144104003906,3242.6502610015873
24,267,715,55.49774932861328,3223.8642584991458
24,267,716,55.24490737915039,3209.1766696548466
24,268,711,56.67451095581055,3292.222341423035
24,268,717,54.7357292175293,3179.598510246277
24,268,718,54.625999450683594,3173.2243080902103
24,268,719,54.58937454223633,3171.0967671585086
24,269,711,56.35601043701172,3273.720646286011
24,269,720,54.369110107421875,3158.3016061401368
24,269,721,54.47935485839844,3164.7057237243653
24,269,722,54.662601470947266,3175.350519447327
24,270,711,56.10704040527344,3259.2579771423343
24,270,723,54.7357292175293,3179.598510246277
24,270,724,55.0635986328125,3198.6444445800785
24,270,725,55.24490737915039,3209.1766696548466
24,271,712,55.46169662475586,3221.769956932068
24,271,726,55.17245864868164,3204.9681229019166
24,272,712,55.35340881347656,3215.4795179748535
24,273,712,55.31726837158203,3213.3801197052003
24,274,713,54.954524993896484,3192.308356895447
24,275,713,55.0635986328125,3198.6444445800785
24,276,713,55.24490737915039,3209.1766696548466
24,277,713,55.49774932861328,3223.8642584991458
24,278,713,55.821144104003906,3242.6502610015873
24,280,713,56.46237564086914,3279.8994009780886
24,280,715,56.10704040527344,3259.2579771423343
24,281,713,56.70978927612305,3294.271659049988
24,281,715,56.56854248046875,3286.0666326904297
24,282,713,57.026309967041016,3312.658345985413
24,282,715,56.88584899902344,3304.4989683532717
24,283,713,57.41080093383789,3334.993426246643
24,283,716,56.920997619628906,3306.5407517242434
24,284,713,57.86190414428711,3361.1980117416383
24,284,716,56.920997619628906,3306.5407517242434
24,285,713,58.13776779174805,3377.2229310226444
24,285,716,56.95612335205078,3308.58120552063
24,286,713,57.75811767578125,3355.169055786133
24,286,717,56.32051086425781,3271.6584761047366
24,287,713,57.44562530517578,3337.0163739776613
24,287,717,55.928524017333984,3248.8879601669314
24,288,713,57.20139694213867,3322.829148368836
24,288,717,55.60575485229492,3230.138299369812
24,289,713,57.026309967041016,3312.658345985413
24,289,718,54.7357292175293,3179.598510246277
24,290,713,56.920997619628906,3306.5407517242434
24,291,713,56.88584899902344,3304.4989683532717
24,291,719,53.88877487182617,3130.3989323043825
24,292,713,56.920997619628906,3306.5407517242434
24,292,719,53.851646423339844,3128.2421407318116
24,293,713,57.026309967041016,3312.658345985413
24,293,719,53.88877487182617,3130.3989323043825
24,294,713,57.026309967041016,3312.658345985413
24,295,713,56.920997619628906,3306.5407517242434
24,295,719,54.18486785888672,3147.59897392273
24,295,721,53.291648864746094,3095.7118825531006
24,296,713,56.88584899902344,3304.4989683532717
24,296,721,53.5537109375,3110.9350683593752
24,297,713,56.88584899902344,3304.4989683532717
24,297,719,54.772254943847656,3181.7202896881104
24,297,721,53.88877487182617,3130.3989323043825
24,298,713,56.920997619628906,3306.5407517242434
24,298,719,55.17245864868164,3204.9681229019166
24,298,722,53.96295166015625,3134.7078619384765
24,299,713,57.026309967041016,3312.658345985413
24,299,719,55.6417121887207,3232.227061042786
24,299,722,54.442630767822266,3162.5724213027956
24,300,713,57.20139694213867,3322.829148368836
24,300,719,56.178287506103516,3263.3967212295533
24,300,722,54.990909576416016,3194.4219372940065
24,301,713,57.44562530517578,3337.0163739776613
24,301,719,56.67451095581055,3292.222341423035
24,301,723,55.35340881347656,3215.4795179748535
24,302,713,57.44562530517578,3337.0163739776613
24,302,719,57.20139694213867,3322.829148368836
24,302,723,56.035701751708984,3255.113914756775
24,303,713,57.13142776489258,3318.76463886261
24,303,719,57.79273223876953,3357.179815750122
24,303,723,56.780277252197266,3298.3663055801394
24,304,713,56.88584899902344,3304.4989683532717
24,304,719,57.86190414428711,3361.1980117416383
24,304,724,57.20139694213867,3322.829148368836
24,305,713,56.70978927612305,3294.271659049988
24,305,724,56.920997619628906,3306.5407517242434
24,306,713,56.603885650634766,3288.1197174453737
24,306,719,57.026309967041016,3312.658345985413
24,306,724,56.32051086425781,3271.6584761047366
24,307,713,56.56854248046875,3286.0666326904297
24,307,719,56.67451095581055,3292.222341423035
24,307,725,55.821144104003906,3242.6502610015873
24,308,713,56.56854248046875,3286.0666326904297
24,308,719,56.2138786315918,3265.464209709168
24,308,725,55.35340881347656,3215.4795179748535
24,309,713,56.35601043701172,3273.720646286011
24,309,719,55.821144104003906,3242.6502610015873
24,309,725,54.954524993896484,3192.308356895447
24,310,713,55.89275360107422,3246.8100566864014
24,310,719,55.31726837158203,3213.3801197052003
24,310,726,54.55272674560547,3168.967896652222
24,311,713,55.49774932861328,3223.8642584991458
24,311,719,54.772254943847656,3181.7202896881104
24,311,726,54.0,3136.86
24,312,713,55.17245864868164,3204.9681229019166
24,312,719,54.29548645019531,3154.0248078918457
24,312,726,53.516353607177734,3108.764981040955
24,313,713,54.918121337890625,3190.1936685180667
24,313,719,53.88877487182617,3130.3989323043825
24,313,727,53.291648864746094,3095.7118825531006
24,314,713,54.7357292175293,3179.598510246277
24,314,719,53.5537109375,3110.9350683593752
24,314,727,52.95280838012695,3076.0286388015747
24,315,713,54.625999450683594,3173.2243080902103
24,315,719,53.291648864746094,3095.7118825531006
24,315,728,52.95280838012695,3076.0286388015747
24,316,713,54.58937454223633,3171.0967671585086
24,316,719,53.10367202758789,3084.792308082581
24,316,729,52.99056625366211,3078.221993675232
24,317,713,54.58937454223633,3171.0967671585086
24,317,719,52.99056625366211,3078.221993675232
24,318,713,54.625999450683594,3173.2243080902103
24,318,719,52.95280838012695,3076.0286388015747
24,319,713,54.7357292175293,3179.598510246277
24,319,719,52.95280838012695,3076.0286388015747
24,320,685,56.14267349243164,3261.327903175354
24,320,713,54.7357292175293,3179.598510246277
24,320,719,52.95280838012695,3076.0286388015747
24,321,686,56.32051086425781,3271.6584761047366
24,321,713,54.625999450683594,3173.2243080902103
24,321,719,52.99056625366211,3078.221993675232
24,322,687,56.178287506103516,3263.3967212295533
24,322,713,54.58937454223633,3171.0967671585086
24,322,719,53.10367202758789,3084.792308082581
24,323,688,56.14267349243164,3261.327903175354
24,324,689,56.07138442993164,3257.1867215347293
24,324,690,56.178287506103516,3263.3967212295533
24,325,691,56.32051086425781,3271.6584761047366
24,326,692,56.35601043701172,3273.720646286011
24,327,693,55.6417121887207,3232.227061042786
24,328,694,55.0635986328125,3198.6444445800785
24,329,695,54.625999450683594,3173.2243080902103
24,330,696,54.33230972290039,3156.1638718032837
24,331,697,54.147945404052734,3145.4541485214236
24,332,698,54.07402420043945,3141.160065803528
24,333,699,54.147945404052734,3145.4541485214236
24,334,700,54.33230972290039,3156.1638718032837
24,335,701,54.625999450683594,3173.2243080902103
24,336,680,58.30952072143555,3387.200058708191
24,337,681,58.583274841308594,3403.1024355316163
24,338,681,58.685604095458984,3409.0467419052125
24,339,681,58.85575485229492,3418.930799369812
24,340,681,59.09314727783203,3432.720925369263
24,341,668,58.27520751953125,3385.2068048095707
24,341,682,59.69924545288086,3467.9291683578494
24,342,669,58.172157287597656,3379.220616836548
24,342,683,59.66573715209961,3465.9826711654664
24,343,670,58.03447341918945,3371.2225609207158
24,343,684,59.46427536010742,3454.2797556686405
24,344,671,58.0,3369.2200000000003
24,344,685,58.957611083984375,3424.8476278686526
24,345,672,58.06892395019531,3373.223792266846
24,345,686,58.27520751953125,3385.2068048095707
24,346,673,57.75811767578125,3355.169055786133
24,346,687,57.480430603027344,3339.0382137298584
24,347,674,57.13142776489258,3318.76463886261
24,347,688,56.63920974731445,3290.1716942214966
24,348,675,56.63920974731445,3290.1716942214966
24,348,689,55.928524017333984,3248.8879601669314
24,348,690,55.46169662475586,3221.769956932068
24,349,676,56.28498840332031,3269.594976348877
24,350,677,56.07138442993164,3257.1867215347293
24,350,691,54.918121337890625,3190.1936685180667
24,351,678,56.0,3253.04
24,351,692,54.58937454223633,3171.0967671585086
24,352,679,56.035701751708984,3255.113914756775
24,352,693,54.369110107421875,3158.3016061401368
24,353,680,56.14267349243164,3261.327903175354
24,353,694,54.29548645019531,3154.0248078918457
24,354,681,56.35601043701172,3273.720646286011
24,354,695,54.369110107421875,3158.3016061401368
24,355,682,56.603885650634766,3288.1197174453737
24,355,696,54.58937454223633,3171.0967671585086
24,356,683,55.821144104003906,3242.6502610015873
24,356,697,54.954524993896484,3192.308356895447
24,357,684,55.17245864868164,3204.9681229019166
24,357,698,55.46169662475586,3221.769956932068
24,358,685,54.55272674560547,3168.967896652222
24,358,699,56.10704040527344,3259.2579771423343
24,358,700,56.14267349243164,3261.327903175354
24,359,686,53.88877487182617,3130.3989323043825
24,359,701,56.32051086425781,3271.6584761047366
24,360,687,53.36665725708008,3100.069120063782
24,360,701,56.56854248046875,3286.0666326904297
24,361,688,52.99056625366211,3078.221993675232
24,361,702,56.920997619628906,3306.5407517242434
24,362,689,52.76362228393555,3065.0388184738163
24,363,690,52.68775939941406,3060.631943511963
24,364,691,52.76362228393555,3065.0388184738163
24,365,692,52.99056625366211,3078.221993675232
24,366,693,53.36665725708008,3100.069120063782
24,367,694,53.88877487182617,3130.3989323043825
24,368,695,53.851646423339844,3128.2421407318116
24,369,696,53.1789436340332,3089.164835700989
24,370,697,52.64978790283203,3058.426179275513
24,371,698,52.26853561401367,3036.2792338180543
24,372,699,52.038448333740234,3022.9134637069706
24,373,700,51.961524963378906,3018.444985122681
24,376,701,51.57518768310547,2996.002652511597
24,389,728,51.02940368652344,2964.2980601501467
24,390,691,51.57518768310547,2996.002652511597
24,390,692,51.146846771240234,2971.120328941345
24,391,693,50.990196228027344,2962.0204988861087
24,391,694,50.71488952636719,2946.02793258667
24,391,695,50.5173225402832,2934.5512663650516
24,391,696,50.39841079711914,2927.643683204651
24,391,697,50.35871505737305,2925.3377576828007
24,391,698,50.35871505737305,2925.3377576828007
24,391,699,50.39841079711914,2927.643683204651
24,395,698,51.92301940917969,3016.208197479248
24,395,699,51.961524963378906,3018.444985122681
24,432,703,49.638694763183594,2883.511778793335
24,444,659,58.8217658996582,3416.956381111145
24,444,660,58.8217658996582,3416.956381111145
24,444,661,58.85575485229492,3418.930799369812
24,444,662,58.957611083984375,3424.8476278686526
24,444,663,59.126983642578125,3434.6864797973635
24,444,664,59.36328887939453,3448.4134510040285
24,444,665,59.36328887939453,3448.4134510040285
24,444,666,58.446556091308594,3395.1604433441166
24,444,667,57.584720611572266,3345.0964203262333
24,444,668,56.780277252197266,3298.3663055801394
24,444,669,56.035701751708984,3255.113914756775
24,444,670,55.35340881347656,3215.4795179748535
24,451,649,59.26213073730469,3442.5371745300295
24,452,636,58.27520751953125,3385.2068048095707
24,452,637,58.172157287597656,3379.220616836548
24,452,638,58.13776779174805,3377.2229310226444
24,452,639,58.172157287597656,3379.220616836548
24,452,640,58.27520751953125,3385.2068048095707
24,452,641,58.13776779174805,3377.2229310226444
24,452,642,58.03447341918945,3371.2225609207158
24,452,643,58.0,3369.2200000000003
24,452,644,58.03447341918945,3371.2225609207158
24,452,645,58.13776779174805,3377.2229310226444
24,452,646,58.30952072143555,3387.200058708191
24,452,647,58.54912567138672,3401.1187102508547
24,452,648,58.85575485229492,3418.930799369812
24,467,663,53.40412139892578,3102.245412063599
24,482,646,57.27128601074219,3326.889004364014
24,496,630,57.584720611572266,3345.0964203262333
24,497,629,58.61740493774414,3405.0850528335573
24,498,628,59.766212463378906,3471.8192819976807
24,499,628,58.99152374267578,3426.8176142120365
24,500,628,58.13776779174805,3377.2229310226444
24,501,627,57.026309967041016,3312.658345985413
24,502,627,56.28498840332031,3269.594976348877
24,503,627,55.60575485229492,3230.138299369812
24,504,626,54.7357292175293,3179.598510246277
24,505,626,54.18486785888672,3147.59897392273
24,506,626,53.702884674072266,3119.600570716858
24,507,625,53.10367202758789,3084.792308082581
24,508,625,52.76362228393555,3065.0388184738163
24,509,625,52.49761962890625,3049.586724243164
24,510,624,52.191951751708984,3031.830477256775
24,511,624,52.076866149902344,3025.1451546478274
24,512,624,52.038448333740234,3022.9134637069706
24,513,623,52.038448333740234,3022.9134637069706
24,514,623,52.15361785888672,3029.6036614227296
24,515,623,52.345008850097656,3040.721564102173
24,516,622,52.64978790283203,3058.426179275513
24,517,622,52.99056625366211,3078.221993675232
24,518,622,53.40412139892578,3102.245412063599
24,519,621,54.0,3136.86
24,520,621,54.55272674560547,3168.967896652222
24,521,621,55.17245864868164,3204.9681229019166
24,522,620,56.035701751708984,3255.113914756775
24,522,635,52.26853561401367,3036.2792338180543
24,523,620,56.780277252197266,3298.3663055801394
24,523,634,52.038448333740234,3022.9134637069706
24,524,620,57.584720611572266,3345.0964203262333
24,524,633,51.961524963378906,3018.444985122681
24,525,619,58.685604095458984,3409.0467419052125
24,525,632,52.038448333740234,3022.9134637069706
24,526,619,59.59865951538086,3462.0861312484744
24,526,631,52.26853561401367,3036.2792338180543
24,527,619,59.5315055847168,3458.185159416199
24,527,630,52.64978790283203,3058.426179275513
24,528,619,59.36328887939453,3448.4134510040285
24,528,629,53.1789436340332,3089.164835700989
24,529,628,53.851646423339844,3128.2421407318116
24,530,627,54.442630767822266,3162.5724213027956
24,531,626,55.17245864868164,3204.9681229019166
24,532,625,56.035701751708984,3255.113914756775
24,533,624,57.026309967041016,3312.658345985413
24,536,627,55.821144104003906,3242.6502610015873
24,536,628,55.17245864868164,3204.9681229019166
24,536,639,50.5173225402832,2934.5512663650516
24,536,647,51.768714904785156,3007.24464881897
24,536,648,52.26853561401367,3036.2792338180543
24,537,629,54.918121337890625,3190.1936685180667
24,537,630,54.33230972290039,3156.1638718032837
24,537,631,53.77731704711914,3123.924347267151
24,537,632,53.291648864746094,3095.7118825531006
24,537,633,52.87721633911133,3071.6374971389773
24,537,634,52.535701751708984,3051.798914756775
24,537,635,52.038448333740234,3022.9134637069706
24,537,637,51.26402282714844,2977.927086029053
24,537,638,50.990196228027344,2962.0204988861087
24,537,649,53.10367202758789,3084.792308082581
24,537,650,53.702884674072266,3119.600570716858
24,537,651,54.18486785888672,3147.59897392273
24,537,655,54.662601470947266,3175.350519447327
24,538,652,54.442630767822266,3162.5724213027956
24,538,655,53.88877487182617,3130.3989323043825
24,539,636,52.383201599121094,3042.9401808929447
24,539,653,53.47896957397461,3106.5933425521853
24,540,636,52.87721633911133,3071.6374971389773
24,540,655,52.535701751708984,3051.798914756775
24,540,656,52.49761962890625,3049.586724243164
24,541,637,53.10367202758789,3084.792308082581
24,542,637,53.740116119384766,3121.7633453750614
24,543,637,54.442630767822266,3162.5724213027956
24,544,638,54.954524993896484,3192.308356895447
24,545,638,55.785301208496094,3240.568147201538
24,546,639,56.49778747558594,3281.9564744567874
24,546,640,56.39148712158203,3275.7814868927003
24,547,641,57.30619430541992,3328.9168272018433
24,548,641,58.30952072143555,3387.200058708191
24,549,642,57.34108352661133,3330.9435420608525
24,550,642,57.44562530517578,3337.0163739776613
24,551,643,56.178287506103516,3263.3967212295533
24,552,644,54.954524993896484,3192.308356895447
24,553,645,53.851646423339844,3128.2421407318116
24,554,646,52.87721633911133,3071.6374971389773
24,555,646,52.383201599121094,3042.9401808929447
24,556,646,51.961524963378906,3018.444985122681
24,557,647,51.26402282714844,2977.927086029053
24,578,633,54.33230972290039,3156.1638718032837
24,581,633,56.39148712158203,3275.7814868927003
24,628,646,50.15974426269531,2913.779544219971
24,660,639,50.635955810546875,2941.442673034668
24,674,608,49.67897033691406,2885.851386871338
25,75,699,49.43682861328125,2871.785374145508
25,77,698,50.27922058105469,2920.7199235534667
25,99,365,56.35601043701172,3273.720646286011
25,100,366,56.28498840332031,3269.594976348877
25,100,367,56.46237564086914,3279.8994009780886
25,100,368,56.70978927612305,3294.271659049988
25,100,369,57.026309967041016,3312.658345985413
25,100,370,57.41080093383789,3334.993426246643
25,100,371,57.86190414428711,3361.1980117416383
25,100,372,58.37807846069336,3391.1825777816775
25,101,373,58.85575485229492,3418.930799369812
25,101,374,59.49789810180664,3456.232900733948
25,101,375,60.199668884277344,3496.998765487671
25,102,376,60.926185607910156,3539.202121963501
25,102,377,61.741397857666016,3586.557801551819
25,102,378,62.0,3601.5800000000004
25,103,379,61.64413833618164,3580.9079959487917
25,104,380,60.860496520996094,3535.3862429046635
25,104,381,60.7618293762207,3529.654668464661
25,105,382,60.16643524169922,3495.068223190308
25,110,345,58.30952072143555,3387.200058708191
25,110,346,57.584720611572266,3345.0964203262333
25,110,347,56.920997619628906,3306.5407517242434
25,111,348,56.32051086425781,3271.6584761047366
25,111,349,55.785301208496094,3240.568147201538
25,111,350,55.31726837158203,3213.3801197052003
25,112,351,54.918121337890625,3190.1936685180667
25,112,352,54.58937454223633,3171.0967671585086
25,112,353,54.33230972290039,3156.1638718032837
25,113,354,54.18486785888672,3147.59897392273
25,113,355,54.07402420043945,3141.160065803528
25,113,356,54.037025451660156,3139.0108084869385
25,114,357,54.18486785888672,3147.59897392273
25,114,358,54.29548645019531,3154.0248078918457
25,114,359,54.47935485839844,3164.7057237243653
25,115,360,54.918121337890625,3190.1936685180667
25,115,361,55.24490737915039,3209.1766696548466
25,115,362,55.6417121887207,3232.227061042786
25,116,363,56.35601043701172,3273.720646286011
25,116,364,56.88584899902344,3304.4989683532717
25,116,365,57.480430603027344,3339.0382137298584
25,117,328,55.0635986328125,3198.6444445800785
25,117,329,55.24490737915039,3209.1766696548466
25,117,330,55.49774932861328,3223.8642584991458
25,117,331,55.821144104003906,3242.6502610015873
25,117,332,56.2138786315918,3265.464209709168
25,117,333,56.67451095581055,3292.222341423035
25,117,334,57.20139694213867,3322.829148368836
25,117,335,57.79273223876953,3357.179815750122
25,117,336,58.446556091308594,3395.1604433441166
25,117,337,59.160797119140625,3436.650704650879
25,117,338,59.93329620361328,3481.5251764678956
25,117,339,60.7618293762207,3529.654668464661
25,117,340,61.64413833618164,3580.9079959487917
25,117,341,62.064483642578125,3605.3258547973637
25,117,366,58.446556091308594,3395.1604433441166
25,117,367,58.343807220458984,3389.1917614364625
25,117,368,58.172157287597656,3379.220616836548
25,118,369,58.172157287597656,3379.220616836548
25,118,370,58.13776779174805,3377.2229310226444
25,118,371,58.172157287597656,3379.220616836548
25,119,372,58.172157287597656,3379.220616836548
25,119,373,58.13776779174805,3377.2229310226444
25,119,374,58.172157287597656,3379.220616836548
25,120,375,58.13776779174805,3377.2229310226444
25,120,376,58.03447341918945,3371.2225609207158
25,120,377,58.0,3369.2200000000003
25,121,378,58.06892395019531,3373.223792266846
25,121,379,58.172157287597656,3379.220616836548
25,121,380,58.343807220458984,3389.1917614364625
25,121,381,58.583274841308594,3403.1024355316163
25,121,382,58.88972854614258,3420.904331245423
25,135,321,54.954524993896484,3192.308356895447
25,135,322,54.918121337890625,3190.1936685180667
25,135,323,54.918121337890625,3190.1936685180667
25,135,324,54.954524993896484,3192.308356895447
25,135,325,55.0635986328125,3198.6444445800785
25,135,326,55.24490737915039,3209.1766696548466
25,135,327,55.49774932861328,3223.8642584991458
25,135,328,55.821144104003906,3242.6502610015873
25,135,329,56.2138786315918,3265.464209709168
25,135,330,56.67451095581055,3292.222341423035
25,141,619,58.03447341918945,3371.2225609207158
25,142,619,58.0,3369.2200000000003
25,143,618,58.03447341918945,3371.2225609207158
25,144,619,58.03447341918945,3371.2225609207158
25,145,619,58.13776779174805,3377.2229310226444
25,146,619,58.30952072143555,3387.200058708191
25,146,705,53.740116119384766,3121.7633453750614
25,147,618,58.583274841308594,3403.1024355316163
25,148,617,58.99152374267578,3426.8176142120365
25,148,667,50.03998565673828,2906.8227667999267
25,149,617,59.36328887939453,3448.4134510040285
25,150,617,59.79966735839844,3473.7626768493656
25,151,616,60.29925537109375,3502.7837445068362
25,152,615,60.56401443481445,3518.1635985183716
25,153,614,60.95900344848633,3541.108510322571
25,154,613,61.48170471191406,3571.4722267150883
25,155,612,62.12889862060547,3609.0677208709717
25,156,611,62.8967399597168,3653.671624259949
25,157,610,63.78087615966797,3705.0310961151126
25,158,349,58.0,3369.2200000000003
25,158,609,64.15605926513672,3726.825482711792
25,159,348,58.03447341918945,3371.2225609207158
25,159,606,63.59245300292969,3694.0855949401857
25,159,607,63.56099319458008,3692.258094673157
25,159,608,63.59245300292969,3694.0855949401857
25,159,692,54.47935485839844,3164.7057237243653
25,160,347,58.03447341918945,3371.2225609207158
25,160,605,63.27716827392578,3675.770705032349
25,161,346,58.13776779174805,3377.2229310226444
25,161,604,63.087242126464844,3664.737895126343
25,162,345,58.343807220458984,3389.1917614364625
25,162,603,63.0238037109375,3661.0527575683595
25,163,344,58.685604095458984,3409.0467419052125
25,163,349,58.446556091308594,3395.1604433441166
25,163,602,63.087242126464844,3664.737895126343
25,164,343,58.446556091308594,3395.1604433441166
25,164,348,58.85575485229492,3418.930799369812
25,164,601,63.27716827392578,3675.770705032349
25,165,347,59.160797119140625,3436.650704650879
25,165,600,63.59245300292969,3694.0855949401857
25,166,341,58.03447341918945,3371.2225609207158
25,166,343,58.172157287597656,3379.220616836548
25,166,344,58.27520751953125,3385.2068048095707
25,166,345,58.446556091308594,3395.1604433441166
25,166,346,58.685604095458984,3409.0467419052125
25,166,599,64.03124237060547,3719.574869308472
25,167,339,58.13776779174805,3377.2229310226444
25,167,340,58.03447341918945,3371.2225609207158
25,167,598,64.59101867675781,3752.0922749328615
25,168,323,59.49789810180664,3456.232900733948
25,168,324,59.49789810180664,3456.232900733948
25,168,325,59.36328887939453,3448.4134510040285
25,168,326,58.99152374267578,3426.8176142120365
25,168,327,58.685604095458984,3409.0467419052125
25,168,328,58.446556091308594,3395.1604433441166
25,168,329,58.27520751953125,3385.2068048095707
25,168,330,58.172157287597656,3379.220616836548
25,168,331,58.13776779174805,3377.2229310226444
25,168,332,58.172157287597656,3379.220616836548
25,168,333,58.172157287597656,3379.220616836548
25,168,334,58.06892395019531,3373.223792266846
25,168,335,58.03447341918945,3371.2225609207158
25,168,336,58.06892395019531,3373.223792266846
25,168,337,58.13776779174805,3377.2229310226444
25,168,338,58.172157287597656,3379.220616836548
25,168,597,65.14598846435547,3784.3304698944094
25,169,597,65.14598846435547,3784.3304698944094
25,170,596,64.34283447265625,3737.675254516602
25,171,596,63.937469482421875,3714.127602233887
25,172,596,63.59245300292969,3694.0855949401857
25,173,595,63.0238037109375,3661.0527575683595
25,174,595,62.801273345947266,3648.125968666077
25,174,641,60.56401443481445,3518.1635985183716
25,175,594,62.417945861816406,3625.858475112915
25,175,640,60.8276252746582,3533.476752204895
25,176,594,62.321746826171875,3620.2702731323243
25,176,639,60.56401443481445,3518.1635985183716
25,177,593,62.12889862060547,3609.0677208709717
25,177,638,60.29925537109375,3502.7837445068362
25,178,593,62.032249450683594,3603.4533705902104
25,178,637,60.16643524169922,3495.068223190308
25,179,593,62.0,3601.5800000000004
25,179,636,60.16643524169922,3495.068223190308
25,180,592,62.0,3601.5800000000004
25,180,635,60.29925537109375,3502.7837445068362
25,181,634,60.56401443481445,3518.1635985183716
25,182,633,60.95900344848633,3541.108510322571
25,183,632,61.48170471191406,3571.4722267150883
25,184,631,61.122825622558594,3550.6249404144287
25,184,636,60.663002014160156,3523.913787002564
25,184,637,60.56401443481445,3518.1635985183716
25,184,638,60.530982971191406,3516.244800796509
25,184,639,60.56401443481445,3518.1635985183716
25,184,640,60.663002014160156,3523.913787002564
25,184,641,60.8276252746582,3533.476752204895
25,185,633,61.64413833618164,3580.9079959487917
25,185,634,61.35144805908203,3563.9056177520756
25,185,635,61.122825622558594,3550.6249404144287
25,186,627,59.126983642578125,3434.6864797973635
25,186,628,59.766212463378906,3471.8192819976807
25,186,629,60.464866638183594,3512.404103012085
25,186,631,62.0,3601.5800000000004
25,187,624,58.172157287597656,3379.220616836548
25,187,625,58.61740493774414,3405.0850528335573
25,187,626,59.126983642578125,3434.6864797973635
25,188,621,57.89645767211914,3363.205226173401
25,188,622,58.13776779174805,3377.2229310226444
25,188,623,58.446556091308594,3395.1604433441166
25,188,671,58.27520751953125,3385.2068048095707
25,189,618,58.30952072143555,3387.200058708191
25,189,619,58.343807220458984,3389.1917614364625
25,189,620,58.446556091308594,3395.1604433441166
25,189,670,58.343807220458984,3389.1917614364625
25,190,615,59.396968841552734,3450.3699200057986
25,190,616,59.228370666503906,3440.576052017212
25,190,617,59.126983642578125,3434.6864797973635
25,190,669,58.172157287597656,3379.220616836548
25,191,612,61.122825622558594,3550.6249404144287
25,191,613,60.7618293762207,3529.654668464661
25,191,614,60.464866638183594,3512.404103012085
25,191,668,58.03447341918945,3371.2225609207158
25,192,609,60.56401443481445,3518.1635985183716
25,192,610,60.860496520996094,3535.3862429046635
25,192,611,61.22091293334961,3556.322832298279
25,192,667,58.0,3369.2200000000003
25,193,606,60.16643524169922,3495.068223190308
25,193,607,60.266075134277344,3500.856304550171
25,193,608,60.43177795410156,3510.48198135376
25,193,666,58.03447341918945,3371.2225609207158
25,194,603,60.06663131713867,3489.2706132125854
25,194,604,60.16643524169922,3495.068223190308
25,194,605,60.29925537109375,3502.7837445068362
25,194,665,58.13776779174805,3377.2229310226444
25,195,600,60.0,3485.4
25,195,601,60.0333251953125,3487.3358605957033
25,195,602,60.13318634033203,3493.1367945098877
25,195,664,58.30952072143555,3387.200058708191
25,196,597,60.0333251953125,3487.3358605957033
25,196,598,60.0,3485.4
25,196,599,60.0,3485.4
25,196,663,58.54912567138672,3401.1187102508547
25,197,594,60.0,3485.4
25,197,595,60.0,3485.4
25,197,596,60.0,3485.4
25,197,662,58.85575485229492,3418.930799369812
25,197,731,53.740116119384766,3121.7633453750614
25,198,593,60.0,3485.4
25,198,661,59.26213073730469,3442.5371745300295
25,199,592,60.0,3485.4
25,199,660,59.66573715209961,3465.9826711654664
25,199,728,52.801513671875,3067.2399291992188
25,200,659,60.16643524169922,3495.068223190308
25,201,659,60.199668884277344,3496.998765487671
25,202,658,60.860496520996094,3535.3862429046635
25,203,658,61.02458572387695,3544.9181847000123
25,204,658,60.7618293762207,3529.654668464661
25,205,657,60.29925537109375,3502.7837445068362
25,226,303,61.35144805908203,3563.9056177520756
25,226,304,62.0,3601.5800000000004
25,226,305,61.7089958190918,3584.6755671310425
25,226,306,61.253570556640625,3558.219913635254
25,226,307,60.69596481323242,3525.8285960006715
25,226,308,60.199668884277344,3496.998765487671
25,226,309,59.766212463378906,3471.8192819976807
25,226,310,59.396968841552734,3450.3699200057986
25,226,311,59.09314727783203,3432.720925369263
25,226,312,58.85575485229492,3418.930799369812
25,226,313,58.685604095458984,3409.0467419052125
25,226,314,58.583274841308594,3403.1024355316163
25,227,300,59.632205963134766,3464.0348443984985
25,227,301,60.199668884277344,3496.998765487671
25,227,302,60.7618293762207,3529.654668464661
25,228,297,57.79273223876953,3357.179815750122
25,228,298,58.446556091308594,3395.1604433441166
25,228,299,59.160797119140625,3436.650704650879
25,229,294,56.603885650634766,3288.1197174453737
25,229,295,57.061370849609375,3314.695032653809
25,229,296,57.584720611572266,3345.0964203262333
25,230,291,56.10704040527344,3259.2579771423343
25,230,292,56.35601043701172,3273.720646286011
25,230,293,56.67451095581055,3292.222341423035
25,231,289,56.35601043701172,3273.720646286011
25,231,290,56.46237564086914,3279.8994009780886
25,232,288,56.920997619628906,3306.5407517242434
25,233,284,58.13776779174805,3377.2229310226444
25,233,285,57.89645767211914,3363.205226173401
25,233,286,57.723480224609375,3353.156966247559
25,233,287,57.619441986083984,3347.113384971619
25,243,683,58.03447341918945,3371.2225609207158
25,244,683,58.0,3369.2200000000003
25,245,683,58.03447341918945,3371.2225609207158
25,246,684,58.172157287597656,3379.220616836548
25,247,684,58.343807220458984,3389.1917614364625
25,248,684,58.583274841308594,3403.1024355316163
25,249,685,58.99152374267578,3426.8176142120365
25,250,652,60.29925537109375,3502.7837445068362
25,250,664,56.07138442993164,3257.1867215347293
25,250,674,58.85575485229492,3418.930799369812
25,250,685,59.36328887939453,3448.4134510040285
25,251,652,60.29925537109375,3502.7837445068362
25,251,663,56.07138442993164,3257.1867215347293
25,251,673,58.24087905883789,3383.212664527893
25,251,685,59.79966735839844,3473.7626768493656
25,252,652,59.79966735839844,3473.7626768493656
25,252,662,56.14267349243164,3261.327903175354
25,252,673,58.27520751953125,3385.2068048095707
25,252,686,60.0,3485.4
25,253,652,59.36328887939453,3448.4134510040285
25,253,661,56.35601043701172,3273.720646286011
25,253,673,58.37807846069336,3391.1825777816775
25,253,686,60.0333251953125,3487.3358605957033
25,254,651,59.160797119140625,3436.650704650879
25,254,660,56.70978927612305,3294.271659049988
25,254,672,58.03447341918945,3371.2225609207158
25,254,686,60.06663131713867,3489.2706132125854
25,254,707,55.31726837158203,3213.3801197052003
25,255,659,57.20139694213867,3322.829148368836
25,255,672,58.27520751953125,3385.2068048095707
25,255,687,59.69924545288086,3467.9291683578494
25,255,708,55.821144104003906,3242.6502610015873
25,256,658,57.827327728271484,3359.1894677352907
25,256,672,58.583274841308594,3403.1024355316163
25,256,687,59.66573715209961,3465.9826711654664
25,257,657,58.06892395019531,3373.223792266846
25,257,671,58.51495361328125,3399.133655395508
25,257,687,59.66573715209961,3465.9826711654664
25,257,706,55.24490737915039,3209.1766696548466
25,257,707,55.6417121887207,3232.227061042786
25,257,708,56.10704040527344,3259.2579771423343
25,258,656,58.06892395019531,3373.223792266846
25,258,671,58.685604095458984,3409.0467419052125
25,258,688,59.26213073730469,3442.5371745300295
25,258,702,54.625999450683594,3173.2243080902103
25,258,703,54.7357292175293,3179.598510246277
25,258,704,54.918121337890625,3190.1936685180667
25,258,705,55.17245864868164,3204.9681229019166
25,259,655,58.03447341918945,3371.2225609207158
25,259,671,58.446556091308594,3395.1604433441166
25,259,688,59.36328887939453,3448.4134510040285
25,259,700,54.954524993896484,3192.308356895447
25,259,701,54.918121337890625,3190.1936685180667
25,259,710,56.2138786315918,3265.464209709168
25,260,654,58.0,3369.2200000000003
25,260,670,58.172157287597656,3379.220616836548
25,260,688,59.5315055847168,3458.185159416199
25,260,699,55.46169662475586,3221.769956932068
25,260,710,55.821144104003906,3242.6502610015873
25,261,653,58.06892395019531,3373.223792266846
25,261,670,58.06892395019531,3373.223792266846
25,261,689,59.396968841552734,3450.3699200057986
25,261,698,56.10704040527344,3259.2579771423343
25,261,710,55.49774932861328,3223.8642584991458
25,262,652,58.27520751953125,3385.2068048095707
25,262,670,58.03447341918945,3371.2225609207158
25,262,689,59.5315055847168,3458.185159416199
25,262,697,56.63920974731445,3290.1716942214966
25,262,710,55.24490737915039,3209.1766696548466
25,263,652,58.446556091308594,3395.1604433441166
25,263,669,58.03447341918945,3371.2225609207158
25,263,689,59.36328887939453,3448.4134510040285
25,263,696,57.061370849609375,3314.695032653809
25,263,710,55.0635986328125,3198.6444445800785
25,264,652,58.685604095458984,3409.0467419052125
25,264,669,58.13776779174805,3377.2229310226444
25,264,690,58.88972854614258,3420.904331245423
25,264,694,57.584720611572266,3345.0964203262333
25,264,695,57.41080093383789,3334.993426246643
25,264,710,54.954524993896484,3192.308356895447
25,265,652,58.99152374267578,3426.8176142120365
25,265,669,58.172157287597656,3379.220616836548
25,265,692,57.75811767578125,3355.169055786133
25,265,693,57.44562530517578,3337.0163739776613
25,266,651,59.5315055847168,3458.185159416199
25,266,668,58.03447341918945,3371.2225609207158
25,267,668,58.06892395019531,3373.223792266846
25,267,689,58.54912567138672,3401.1187102508547
25,268,668,58.172157287597656,3379.220616836548
25,268,688,58.37807846069336,3391.1825777816775
25,268,691,57.41080093383789,3334.993426246643
25,269,667,58.06892395019531,3373.223792266846
25,269,686,57.723480224609375,3353.156966247559
25,269,687,57.75811767578125,3355.169055786133
25,270,667,58.03447341918945,3371.2225609207158
25,270,685,57.27128601074219,3326.889004364014
25,271,667,58.03447341918945,3371.2225609207158
25,271,728,53.516353607177734,3108.764981040955
25,272,666,58.03447341918945,3371.2225609207158
25,273,666,58.06892395019531,3373.223792266846
25,273,685,56.32051086425781,3271.6584761047366
25,273,686,56.32051086425781,3271.6584761047366
25,273,687,56.35601043701172,3273.720646286011
25,273,728,52.76362228393555,3065.0388184738163
25,274,666,58.172157287597656,3379.220616836548
25,274,680,54.47935485839844,3164.7057237243653
25,274,688,56.28498840332031,3269.594976348877
25,274,689,56.46237564086914,3279.8994009780886
25,274,690,56.63920974731445,3290.1716942214966
25,275,665,58.172157287597656,3379.220616836548
25,275,676,54.07402420043945,3141.160065803528
25,275,677,54.037025451660156,3139.0108084869385
25,275,679,54.18486785888672,3147.59897392273
25,275,683,55.35340881347656,3215.4795179748535
25,276,665,58.343807220458984,3389.1917614364625
25,276,673,54.58937454223633,3171.0967671585086
25,276,674,54.33230972290039,3156.1638718032837
25,276,675,54.147945404052734,3145.4541485214236
25,276,684,55.785301208496094,3240.568147201538
25,277,665,58.583274841308594,3403.1024355316163
25,277,671,55.35340881347656,3215.4795179748535
25,277,672,54.954524993896484,3192.308356895447
25,277,678,54.07402420043945,3141.160065803528
25,277,685,56.0,3253.04
25,278,664,58.85575485229492,3418.930799369812
25,278,669,56.46237564086914,3279.8994009780886
25,278,670,55.928524017333984,3248.8879601669314
25,278,679,54.29548645019531,3154.0248078918457
25,278,686,56.035701751708984,3255.113914756775
25,279,666,58.61740493774414,3405.0850528335573
25,279,667,57.89645767211914,3363.205226173401
25,279,668,57.236351013183594,3324.859630355835
25,279,679,54.47935485839844,3164.7057237243653
25,279,687,56.14267349243164,3261.327903175354
25,280,663,59.69924545288086,3467.9291683578494
25,280,665,59.5315055847168,3458.185159416199
25,280,679,54.7357292175293,3179.598510246277
25,280,688,56.14267349243164,3261.327903175354
25,280,689,56.178287506103516,3263.3967212295533
25,281,660,60.69596481323242,3525.8285960006715
25,281,661,60.464866638183594,3512.404103012085
25,281,662,60.29925537109375,3502.7837445068362
25,281,680,55.24490737915039,3209.1766696548466
25,282,651,60.663002014160156,3523.913787002564
25,282,652,60.8276252746582,3533.476752204895
25,282,653,61.057350158691406,3546.821470718384
25,282,654,61.35144805908203,3563.9056177520756
25,282,655,61.7089958190918,3584.6755671310425
25,282,656,61.90314865112305,3595.953905143738
25,282,657,61.546730041503906,3575.249548110962
25,282,658,61.253570556640625,3558.219913635254
25,282,659,61.02458572387695,3544.9181847000123
25,282,680,55.6417121887207,3232.227061042786
25,283,680,56.10704040527344,3259.2579771423343
25,283,691,56.32051086425781,3271.6584761047366
25,284,681,56.88584899902344,3304.4989683532717
25,284,692,56.56854248046875,3286.0666326904297
25,285,681,56.88584899902344,3304.4989683532717
25,285,693,56.603885650634766,3288.1197174453737
25,286,681,56.63920974731445,3290.1716942214966
25,286,694,55.821144104003906,3242.6502610015873
25,287,682,56.28498840332031,3269.594976348877
25,287,695,55.17245864868164,3204.9681229019166
25,288,682,56.178287506103516,3263.3967212295533
25,288,684,56.035701751708984,3255.113914756775
25,288,685,56.035701751708984,3255.113914756775
25,288,696,54.662601470947266,3175.350519447327
25,289,697,54.29548645019531,3154.0248078918457
25,290,682,56.178287506103516,3263.3967212295533
25,290,698,54.07402420043945,3141.160065803528
25,291,683,56.178287506103516,3263.3967212295533
25,291,699,54.0,3136.86
25,292,683,56.35601043701172,3273.720646286011
25,293,684,56.35601043701172,3273.720646286011
25,294,684,56.32051086425781,3271.6584761047366
25,295,684,56.35601043701172,3273.720646286011
25,296,685,56.28498840332031,3269.594976348877
25,297,685,56.46237564086914,3279.8994009780886
25,298,685,56.70978927612305,3294.271659049988
25,299,686,56.63920974731445,3290.1716942214966
25,300,686,56.46237564086914,3279.8994009780886
25,301,688,55.35340881347656,3215.4795179748535
25,302,686,56.32051086425781,3271.6584761047366
25,302,689,54.918121337890625,3190.1936685180667
25,303,686,56.35601043701172,3273.720646286011
25,304,686,56.46237564086914,3279.8994009780886
25,305,687,56.10704040527344,3259.2579771423343
25,306,688,55.89275360107422,3246.8100566864014
25,307,689,55.46169662475586,3221.769956932068
25,308,690,54.954524993896484,3192.308356895447
25,309,691,54.58937454223633,3171.0967671585086
25,310,692,54.33230972290039,3156.1638718032837
25,311,693,54.147945404052734,3145.4541485214236
25,312,694,54.07402420043945,3141.160065803528
25,313,695,54.07402420043945,3141.160065803528
25,313,696,54.037025451660156,3139.0108084869385
25,314,697,54.18486785888672,3147.59897392273
25,315,681,54.18486785888672,3147.59897392273
25,315,697,54.369110107421875,3158.3016061401368
25,316,682,54.33230972290039,3156.1638718032837
25,317,683,54.147945404052734,3145.4541485214236
25,317,730,50.793701171875,2950.6061010742187
25,327,674,58.13776779174805,3377.2229310226444
25,328,674,58.03447341918945,3371.2225609207158
25,329,674,57.584720611572266,3345.0964203262333
25,330,674,57.20139694213867,3322.829148368836
25,331,675,56.70978927612305,3294.271659049988
25,332,676,56.35601043701172,3273.720646286011
25,332,677,56.32051086425781,3271.6584761047366
25,333,678,56.178287506103516,3263.3967212295533
25,334,672,56.70978927612305,3294.271659049988
25,334,678,56.07138442993164,3257.1867215347293
25,335,661,56.035701751708984,3255.113914756775
25,335,673,56.35601043701172,3273.720646286011
25,335,679,56.14267349243164,3261.327903175354
25,336,662,56.035701751708984,3255.113914756775
25,336,674,56.14267349243164,3261.327903175354
25,337,663,56.14267349243164,3261.327903175354
25,337,675,56.07138442993164,3257.1867215347293
25,337,676,56.035701751708984,3255.113914756775
25,338,664,56.35601043701172,3273.720646286011
25,338,677,56.14267349243164,3261.327903175354
25,339,665,56.56854248046875,3286.0666326904297
25,339,666,56.56854248046875,3286.0666326904297
25,340,667,56.35601043701172,3273.720646286011
25,369,640,65.78753662109375,3821.598002319336
25,370,640,65.6353530883789,3812.757660903931
25,371,640,65.54387664794922,3807.4437944793704
25,372,640,65.51335906982422,3805.671028366089
25,373,640,65.54387664794922,3807.4437944793704
25,374,640,65.54387664794922,3807.4437944793704
25,375,640,65.51335906982422,3805.671028366089
25,376,640,65.54387664794922,3807.4437944793704
25,377,640,65.6353530883789,3812.757660903931
25,377,702,50.03998565673828,2906.8227667999267
25,378,640,65.3299331665039,3795.015817642212
25,379,640,64.4360122680664,3743.087952651978
25,380,640,63.59245300292969,3694.0855949401857
25,381,640,62.801273345947266,3648.125968666077
25,382,640,62.064483642578125,3605.3258547973637
25,383,640,61.384037017822266,3565.798710365296
25,384,640,60.7618293762207,3529.654668464661
25,385,640,60.199668884277344,3496.998765487671
25,386,640,59.69924545288086,3467.9291683578494
25,387,640,59.26213073730469,3442.5371745300295
25,388,640,58.88972854614258,3420.904331245423
25,389,640,58.583274841308594,3403.1024355316163
25,390,640,58.343807220458984,3389.1917614364625
25,391,640,58.172157287597656,3379.220616836548
25,392,640,58.06892395019531,3373.223792266846
25,393,640,58.03447341918945,3371.2225609207158
25,394,640,58.06892395019531,3373.223792266846
25,395,640,58.172157287597656,3379.220616836548
25,395,700,50.15974426269531,2913.779544219971
25,396,640,58.343807220458984,3389.1917614364625
25,397,640,58.583274841308594,3403.1024355316163
25,398,640,58.88972854614258,3420.904331245423
25,399,640,59.26213073730469,3442.5371745300295
25,400,640,59.59865951538086,3462.0861312484744
25,401,640,58.957611083984375,3424.8476278686526
25,402,640,58.37807846069336,3391.1825777816775
25,403,640,57.86190414428711,3361.1980117416383
25,404,641,57.584720611572266,3345.0964203262333
25,405,641,57.20139694213867,3322.829148368836
25,406,641,56.88584899902344,3304.4989683532717
25,407,642,56.88584899902344,3304.4989683532717
25,408,642,56.70978927612305,3294.271659049988
25,409,643,56.920997619628906,3306.5407517242434
25,410,644,57.27128601074219,3326.889004364014
25,411,645,57.75811767578125,3355.169055786133
25,412,646,58.37807846069336,3391.1825777816775
25,413,647,59.126983642578125,3434.6864797973635
25,414,648,59.126983642578125,3434.6864797973635
25,415,649,58.37807846069336,3391.1825777816775
25,416,650,57.75811767578125,3355.169055786133
25,417,651,57.27128601074219,3326.889004364014
25,418,652,56.920997619628906,3306.5407517242434
25,419,635,59.126983642578125,3434.6864797973635
25,419,636,58.957611083984375,3424.8476278686526
25,419,637,58.85575485229492,3418.930799369812
25,419,653,56.70978927612305,3294.271659049988
25,420,638,58.85575485229492,3418.930799369812
25,420,639,58.61740493774414,3405.0850528335573
25,420,640,58.446556091308594,3395.1604433441166
25,420,654,56.63920974731445,3290.1716942214966
25,421,641,58.583274841308594,3403.1024355316163
25,421,642,58.54912567138672,3401.1187102508547
25,421,643,58.583274841308594,3403.1024355316163
25,421,655,56.70978927612305,3294.271659049988
25,421,656,56.603885650634766,3288.1197174453737
25,422,657,55.928524017333984,3248.8879601669314
25,422,658,55.46169662475586,3221.769956932068
25,422,659,55.0635986328125,3198.6444445800785
25,423,660,54.625999450683594,3173.2243080902103
25,424,661,54.33230972290039,3156.1638718032837
25,452,635,56.46237564086914,3279.8994009780886
25,462,626,60.13318634033203,3493.1367945098877
25,462,627,60.0333251953125,3487.3358605957033
25,462,628,60.0,3485.4
25,462,629,60.0333251953125,3487.3358605957033
25,462,630,60.13318634033203,3493.1367945098877
25,462,631,60.29925537109375,3502.7837445068362
25,462,632,60.530982971191406,3516.244800796509
25,468,664,51.146846771240234,2971.120328941345
25,481,647,54.954524993896484,3192.308356895447
25,495,631,54.772254943847656,3181.7202896881104
25,521,636,50.754310607910156,2948.3179032135013
25,531,670,50.15974426269531,2913.779544219971
25,536,656,53.66563034057617,3117.43646648407
25,578,634,52.0,3020.6800000000003
25,582,634,54.990909576416016,3194.4219372940065
26,74,506,61.057350158691406,3546.821470718384
26,75,507,61.122825622558594,3550.6249404144287
26,76,507,60.95900344848633,3541.108510322571
26,77,508,61.22091293334961,3556.322832298279
26,78,509,61.61168670654297,3579.0228807830813
26,97,586,56.32051086425781,3271.6584761047366
26,98,585,56.56854248046875,3286.0666326904297
26,99,584,56.920997619628906,3306.5407517242434
26,100,581,58.37807846069336,3391.1825777816775
26,100,583,57.41080093383789,3334.993426246643
26,102,581,58.78775405883789,3414.980633277893
26,103,580,59.09314727783203,3432.720925369263
26,104,580,58.85575485229492,3418.930799369812
26,104,671,52.038448333740234,3022.9134637069706
26,105,579,58.99152374267578,3426.8176142120365
26,106,383,57.75811767578125,3355.169055786133
26,106,579,58.88972854614258,3420.904331245423
26,107,383,57.30619430541992,3328.9168272018433
26,107,579,58.85575485229492,3418.930799369812
26,108,384,57.026309967041016,3312.658345985413
26,108,385,57.20139694213867,3322.829148368836
26,108,578,58.99152374267578,3426.8176142120365
26,109,386,57.13142776489258,3318.76463886261
26,109,387,57.44562530517578,3337.0163739776613
26,109,388,57.827327728271484,3359.1894677352907
26,109,578,58.88972854614258,3420.904331245423
26,110,389,58.03447341918945,3371.2225609207158
26,110,390,58.0,3369.2200000000003
26,110,391,57.723480224609375,3353.156966247559
26,110,578,58.85575485229492,3418.930799369812
26,111,577,59.228370666503906,3440.576052017212
26,112,577,59.26213073730469,3442.5371745300295
26,113,577,59.36328887939453,3448.4134510040285
26,114,576,59.96665573120117,3483.4630314254764
26,115,576,60.199668884277344,3496.998765487671
26,116,576,60.49793243408203,3514.3248950958255
26,117,342,59.49789810180664,3456.232900733948
26,117,575,61.35144805908203,3563.9056177520756
26,118,575,61.773780822753906,3588.4389279937745
26,119,575,62.22539520263672,3614.6732073211674
26,120,574,62.928531646728516,3655.5184033584596
26,121,383,57.30619430541992,3328.9168272018433
26,121,384,57.75811767578125,3355.169055786133
26,121,574,63.150611877441406,3668.4190439605713
26,122,385,58.13776779174805,3377.2229310226444
26,122,386,58.03447341918945,3371.2225609207158
26,122,387,58.0,3369.2200000000003
26,122,574,63.43500518798828,3684.9394513702396
26,123,388,58.0,3369.2200000000003
26,123,389,58.03447341918945,3371.2225609207158
26,123,390,58.13776779174805,3377.2229310226444
26,123,573,64.37390899658203,3739.4803736114504
26,124,391,58.343807220458984,3389.1917614364625
26,124,392,58.583274841308594,3403.1024355316163
26,124,393,58.88972854614258,3420.904331245423
26,124,573,64.52906036376953,3748.4931165313724
26,125,394,59.36328887939453,3448.4134510040285
26,125,395,59.79966735839844,3473.7626768493656
26,125,396,60.29925537109375,3502.7837445068362
26,125,573,64.68384552001953,3757.484586257935
26,126,397,60.663002014160156,3523.913787002564
26,126,398,60.56401443481445,3518.1635985183716
26,126,399,60.530982971191406,3516.244800796509
26,126,572,64.40496826171875,3741.2846063232423
26,127,400,60.860496520996094,3535.3862429046635
26,127,401,60.95900344848633,3541.108510322571
26,127,402,61.122825622558594,3550.6249404144287
26,127,572,64.31173706054688,3735.868805847168
26,128,403,61.7089958190918,3584.6755671310425
26,128,572,63.78087615966797,3705.0310961151126
26,129,404,62.417945861816406,3625.858475112915
26,129,405,62.7694206237793,3646.2756440353396
26,129,406,63.18227767944336,3670.258510398865
26,129,407,63.65532302856445,3697.737714729309
26,129,408,64.1248779296875,3725.014158935547
26,129,409,64.65291595458984,3755.6878878021244
26,129,410,65.23802947998047,3789.6771324920655
26,129,411,65.87867736816406,3826.8923683166504
26,129,412,66.5732650756836,3867.2409682464604
26,129,413,67.32012939453125,3910.6263165283203
26,129,414,68.11754608154297,3956.9482518768314
26,129,415,67.79380798339844,3938.1423057556153
26,129,416,67.52777099609375,3922.6882171630864
26,129,417,67.32012939453125,3910.6263165283203
26,129,418,67.02238464355469,3893.330323944092
26,129,419,66.51315307617188,3863.7490621948245
26,129,420,66.06057739257812,3837.4589407348635
26,129,421,65.66581726074219,3814.5273246765137
26,129,422,65.3299331665039,3795.015817642212
26,129,423,65.05382537841797,3778.9767162323
26,129,424,64.68384552001953,3757.484586257935
26,129,425,64.34283447265625,3737.675254516602
26,129,571,63.65532302856445,3697.737714729309
26,130,571,63.18227767944336,3670.258510398865
26,131,571,62.7694206237793,3646.2756440353396
26,132,570,62.8967399597168,3653.671624259949
26,133,570,62.60990524291992,3637.0093955612183
26,134,570,62.385894775390625,3623.9966275024417
26,135,331,55.17245864868164,3204.9681229019166
26,135,569,62.7694206237793,3646.2756440353396
26,136,569,62.67375946044922,3640.718687057495
26,137,569,62.64183807373047,3638.8643737030034
26,138,568,63.27716827392578,3675.770705032349
26,139,568,63.371917724609375,3681.2747006225586
26,140,353,56.32051086425781,3271.6584761047366
26,140,568,63.52952194213867,3690.4299296188356
26,141,352,56.603885650634766,3288.1197174453737
26,141,361,56.178287506103516,3263.3967212295533
26,141,365,57.20139694213867,3322.829148368836
26,141,568,63.749507904052734,3703.2089141464235
26,142,351,57.026309967041016,3312.658345985413
26,142,360,56.178287506103516,3263.3967212295533
26,142,364,57.026309967041016,3312.658345985413
26,142,568,64.03124237060547,3719.574869308472
26,143,351,57.27128601074219,3326.889004364014
26,143,359,56.14267349243164,3261.327903175354
26,143,363,56.88584899902344,3304.4989683532717
26,143,568,63.65532302856445,3697.737714729309
26,144,351,57.30619430541992,3328.9168272018433
26,144,358,56.07138442993164,3257.1867215347293
26,144,362,56.88584899902344,3304.4989683532717
26,144,568,63.30876541137695,3677.6061827468875
26,145,351,57.41080093383789,3334.993426246643
26,145,357,56.14267349243164,3261.327903175354
26,145,361,56.70978927612305,3294.271659049988
26,145,568,63.0238037109375,3661.0527575683595
26,146,350,58.03447341918945,3371.2225609207158
26,146,356,56.35601043701172,3273.720646286011
26,146,360,56.63920974731445,3290.1716942214966
26,146,568,62.801273345947266,3648.125968666077
26,146,706,51.53639602661133,2993.749245185852
26,147,350,58.03447341918945,3371.2225609207158
26,147,355,56.70978927612305,3294.271659049988
26,147,359,56.70978927612305,3294.271659049988
26,147,568,62.64183807373047,3638.8643737030034
26,148,354,57.20139694213867,3322.829148368836
26,148,358,56.920997619628906,3306.5407517242434
26,148,568,62.513999938964844,3631.438256454468
26,149,350,57.723480224609375,3353.156966247559
26,149,353,57.827327728271484,3359.1894677352907
26,149,357,57.27128601074219,3326.889004364014
26,149,568,62.28964614868164,3618.405544776917
26,150,350,57.27128601074219,3326.889004364014
26,150,352,57.41080093383789,3334.993426246643
26,150,356,57.75811767578125,3355.169055786133
26,151,355,57.75811767578125,3355.169055786133
26,152,350,56.56854248046875,3286.0666326904297
26,152,354,57.13142776489258,3318.76463886261
26,153,350,56.32051086425781,3271.6584761047366
26,153,353,56.63920974731445,3290.1716942214966
26,153,359,59.126983642578125,3434.6864797973635
26,154,350,56.14267349243164,3261.327903175354
26,154,352,56.28498840332031,3269.594976348877
26,154,358,58.37807846069336,3391.1825777816775
26,155,357,57.75811767578125,3355.169055786133
26,156,350,56.0,3253.04
26,156,356,57.20139694213867,3322.829148368836
26,157,350,56.0,3253.04
26,157,355,56.70978927612305,3294.271659049988
26,158,354,56.35601043701172,3273.720646286011
26,158,691,51.57518768310547,2996.002652511597
26,159,353,56.14267349243164,3261.327903175354
26,160,352,56.035701751708984,3255.113914756775
26,161,351,56.035701751708984,3255.113914756775
26,162,350,56.178287506103516,3263.3967212295533
26,163,360,57.75811767578125,3355.169055786133
26,164,359,57.41080093383789,3334.993426246643
26,165,358,57.20139694213867,3322.829148368836
26,166,357,57.13142776489258,3318.76463886261
26,166,361,58.78775405883789,3414.980633277893
26,167,356,57.20139694213867,3322.829148368836
26,167,361,59.09314727783203,3432.720925369263
26,168,355,57.41080093383789,3334.993426246643
26,168,360,58.957611083984375,3424.8476278686526
26,169,359,58.957611083984375,3424.8476278686526
26,170,353,58.24087905883789,3383.212664527893
26,170,355,58.37807846069336,3391.1825777816775
26,170,356,58.54912567138672,3401.1187102508547
26,170,357,58.78775405883789,3414.980633277893
26,170,358,59.09314727783203,3432.720925369263
26,171,330,56.035701751708984,3255.113914756775
26,171,347,56.32051086425781,3271.6584761047366
26,171,348,56.56854248046875,3286.0666326904297
26,171,349,56.88584899902344,3304.4989683532717
26,171,350,57.27128601074219,3326.889004364014
26,171,351,57.723480224609375,3353.156966247559
26,171,352,58.24087905883789,3383.212664527893
26,172,329,55.89275360107422,3246.8100566864014
26,172,335,56.14267349243164,3261.327903175354
26,172,346,56.178287506103516,3263.3967212295533
26,173,328,55.24490737915039,3209.1766696548466
26,173,334,56.07138442993164,3257.1867215347293
26,173,343,56.178287506103516,3263.3967212295533
26,173,344,56.14267349243164,3261.327903175354
26,173,345,56.178287506103516,3263.3967212295533
26,174,327,54.7357292175293,3179.598510246277
26,174,333,56.0,3253.04
26,174,342,56.46237564086914,3279.8994009780886
26,175,326,54.369110107421875,3158.3016061401368
26,175,332,55.89275360107422,3246.8100566864014
26,175,340,56.56854248046875,3286.0666326904297
26,175,341,56.603885650634766,3288.1197174453737
26,176,331,55.24490737915039,3209.1766696548466
26,176,337,56.35601043701172,3273.720646286011
26,176,338,56.46237564086914,3279.8994009780886
26,176,339,56.63920974731445,3290.1716942214966
26,177,334,55.89275360107422,3246.8100566864014
26,177,335,56.178287506103516,3263.3967212295533
26,177,336,56.14267349243164,3261.327903175354
26,178,332,54.918121337890625,3190.1936685180667
26,178,333,55.24490737915039,3209.1766696548466
26,179,328,54.147945404052734,3145.4541485214236
26,179,329,54.18486785888672,3147.59897392273
26,180,325,54.147945404052734,3145.4541485214236
26,180,326,54.18486785888672,3147.59897392273
26,180,327,54.07402420043945,3141.160065803528
26,181,410,60.56401443481445,3518.1635985183716
26,181,591,60.0333251953125,3487.3358605957033
26,182,321,54.147945404052734,3145.4541485214236
26,182,322,54.18486785888672,3147.59897392273
26,182,409,60.56401443481445,3518.1635985183716
26,182,590,60.13318634033203,3493.1367945098877
26,183,408,60.29925537109375,3502.7837445068362
26,183,590,60.266075134277344,3500.856304550171
26,184,407,60.13318634033203,3493.1367945098877
26,184,589,60.33241271972656,3504.709854888916
26,185,318,54.369110107421875,3158.3016061401368
26,185,319,54.18486785888672,3147.59897392273
26,185,320,54.07402420043945,3141.160065803528
26,185,321,54.037025451660156,3139.0108084869385
26,185,322,54.07402420043945,3141.160065803528
26,185,323,54.18486785888672,3147.59897392273
26,185,406,60.06663131713867,3489.2706132125854
26,185,589,60.43177795410156,3510.48198135376
26,186,408,60.0,3485.4
26,186,409,60.0333251953125,3487.3358605957033
26,186,410,60.13318634033203,3493.1367945098877
26,186,588,60.16643524169922,3495.068223190308
26,187,404,60.13318634033203,3493.1367945098877
26,187,406,60.0,3485.4
26,187,407,60.0,3485.4
26,188,402,60.33241271972656,3504.709854888916
26,188,403,60.29925537109375,3502.7837445068362
26,189,399,61.057350158691406,3546.821470718384
26,189,400,60.8276252746582,3533.476752204895
26,189,401,60.663002014160156,3523.913787002564
26,190,396,60.99180221557617,3543.01379070282
26,190,397,61.546730041503906,3575.249548110962
26,190,398,61.64413833618164,3580.9079959487917
26,191,393,59.396968841552734,3450.3699200057986
26,191,394,59.766212463378906,3471.8192819976807
26,191,395,60.199668884277344,3496.998765487671
26,192,318,55.928524017333984,3248.8879601669314
26,192,390,58.03447341918945,3371.2225609207158
26,192,391,58.54912567138672,3401.1187102508547
26,192,392,58.85575485229492,3418.930799369812
26,193,317,55.35340881347656,3215.4795179748535
26,193,387,56.70978927612305,3294.271659049988
26,193,388,57.026309967041016,3312.658345985413
26,193,389,57.41080093383789,3334.993426246643
26,194,316,54.918121337890625,3190.1936685180667
26,194,384,56.07138442993164,3257.1867215347293
26,194,385,56.178287506103516,3263.3967212295533
26,194,386,56.35601043701172,3273.720646286011
26,195,315,54.47935485839844,3164.7057237243653
26,195,381,56.14267349243164,3261.327903175354
26,195,382,56.035701751708984,3255.113914756775
26,195,383,56.0,3253.04
26,196,308,54.147945404052734,3145.4541485214236
26,196,309,54.18486785888672,3147.59897392273
26,196,310,54.147945404052734,3145.4541485214236
26,196,311,54.07402420043945,3141.160065803528
26,196,312,54.037025451660156,3139.0108084869385
26,196,313,54.07402420043945,3141.160065803528
26,196,314,54.18486785888672,3147.59897392273
26,196,378,56.920997619628906,3306.5407517242434
26,196,379,56.603885650634766,3288.1197174453737
26,196,380,56.35601043701172,3273.720646286011
26,196,732,52.345008850097656,3040.721564102173
26,197,375,58.37807846069336,3391.1825777816775
26,197,376,57.86190414428711,3361.1980117416383
26,197,377,57.41080093383789,3334.993426246643
26,198,372,58.172157287597656,3379.220616836548
26,198,373,58.27520751953125,3385.2068048095707
26,198,374,58.446556091308594,3395.1604433441166
26,198,729,50.990196228027344,2962.0204988861087
26,199,371,58.30952072143555,3387.200058708191
26,200,589,58.13776779174805,3377.2229310226444
26,200,590,58.03447341918945,3371.2225609207158
26,200,591,58.0,3369.2200000000003
26,201,588,58.30952072143555,3387.200058708191
26,206,656,58.03447341918945,3371.2225609207158
26,207,603,60.06663131713867,3489.2706132125854
26,207,623,57.75811767578125,3355.169055786133
26,207,655,57.827327728271484,3359.1894677352907
26,208,603,60.0333251953125,3487.3358605957033
26,208,622,57.41080093383789,3334.993426246643
26,208,655,57.44562530517578,3337.0163739776613
26,209,602,60.13318634033203,3493.1367945098877
26,209,621,57.20139694213867,3322.829148368836
26,209,654,57.44562530517578,3337.0163739776613
26,210,602,60.13318634033203,3493.1367945098877
26,210,620,57.13142776489258,3318.76463886261
26,210,645,58.54912567138672,3401.1187102508547
26,210,653,57.44562530517578,3337.0163739776613
26,211,602,60.16643524169922,3495.068223190308
26,211,619,57.13142776489258,3318.76463886261
26,211,645,58.85575485229492,3418.930799369812
26,211,652,57.44562530517578,3337.0163739776613
26,212,601,60.43177795410156,3510.48198135376
26,212,618,57.13142776489258,3318.76463886261
26,212,644,59.26213073730469,3442.5371745300295
26,212,651,57.44562530517578,3337.0163739776613
26,213,601,60.59703063964844,3520.081509857178
26,213,617,57.20139694213867,3322.829148368836
26,213,644,59.69924545288086,3467.9291683578494
26,213,651,57.13142776489258,3318.76463886261
26,214,601,60.8276252746582,3533.476752204895
26,214,616,57.41080093383789,3334.993426246643
26,214,644,60.199668884277344,3496.998765487671
26,214,651,56.88584899902344,3304.4989683532717
26,215,600,61.35144805908203,3563.9056177520756
26,215,615,57.44562530517578,3337.0163739776613
26,215,638,59.69924545288086,3467.9291683578494
26,215,643,60.530982971191406,3516.244800796509
26,215,650,57.026309967041016,3312.658345985413
26,216,600,61.61168670654297,3579.0228807830813
26,216,614,57.44562530517578,3337.0163739776613
26,216,637,59.36328887939453,3448.4134510040285
26,216,643,60.8276252746582,3533.476752204895
26,216,650,56.920997619628906,3306.5407517242434
26,216,670,58.343807220458984,3389.1917614364625
26,217,600,61.64413833618164,3580.9079959487917
26,217,613,57.584720611572266,3345.0964203262333
26,217,636,59.160797119140625,3436.650704650879
26,217,643,60.926185607910156,3539.202121963501
26,217,650,56.88584899902344,3304.4989683532717
26,217,669,58.30952072143555,3387.200058708191
26,218,599,62.032249450683594,3603.4533705902104
26,218,612,57.86190414428711,3361.1980117416383
26,218,635,59.09314727783203,3432.720925369263
26,218,642,60.95900344848633,3541.108510322571
26,218,649,57.27128601074219,3326.889004364014
26,218,668,58.03447341918945,3371.2225609207158
26,219,410,67.58698272705078,3926.12782661438
26,219,599,62.0,3601.5800000000004
26,219,611,58.27520751953125,3385.2068048095707
26,219,634,58.99152374267578,3426.8176142120365
26,219,638,60.06663131713867,3489.2706132125854
26,219,642,60.860496520996094,3535.3862429046635
26,219,649,57.30619430541992,3328.9168272018433
26,219,667,57.827327728271484,3359.1894677352907
26,220,409,67.3498306274414,3912.3516611480713
26,220,599,62.0,3601.5800000000004
26,220,610,58.8217658996582,3416.956381111145
26,220,633,58.85575485229492,3418.930799369812
26,220,637,60.0,3485.4
26,220,642,60.8276252746582,3533.476752204895
26,220,649,57.41080093383789,3334.993426246643
26,220,666,57.75811767578125,3355.169055786133
26,221,364,58.583274841308594,3403.1024355316163
26,221,365,58.88972854614258,3420.904331245423
26,221,366,59.26213073730469,3442.5371745300295
26,221,367,59.69924545288086,3467.9291683578494
26,221,368,60.199668884277344,3496.998765487671
26,221,369,60.43177795410156,3510.48198135376
26,221,370,60.59703063964844,3520.081509857178
26,221,371,60.8276252746582,3533.476752204895
26,221,372,61.122825622558594,3550.6249404144287
26,221,373,61.48170471191406,3571.4722267150883
26,221,374,61.90314865112305,3595.953905143738
26,221,375,62.385894775390625,3623.9966275024417
26,221,376,62.545982360839844,3633.2961153411866
26,221,377,62.64183807373047,3638.8643737030034
26,221,378,62.67375946044922,3640.718687057495
26,221,379,62.7694206237793,3646.2756440353396
26,221,380,62.928531646728516,3655.5184033584596
26,221,381,62.64183807373047,3638.8643737030034
26,221,382,62.417945861816406,3625.858475112915
26,221,383,62.257530212402344,3616.5399300384524
26,221,384,62.16107940673828,3610.937102737427
26,221,385,62.12889862060547,3609.0677208709717
26,221,386,62.12889862060547,3609.0677208709717
26,221,387,62.032249450683594,3603.4533705902104
26,221,388,62.0,3601.5800000000004
26,221,389,62.032249450683594,3603.4533705902104
26,221,390,62.064483642578125,3605.3258547973637
26,221,391,62.032249450683594,3603.4533705902104
26,221,392,62.064483642578125,3605.3258547973637
26,221,393,62.16107940673828,3610.937102737427
26,221,394,62.321746826171875,3620.2702731323243
26,221,395,62.545982360839844,3633.2961153411866
26,221,396,62.83311080932617,3649.9754069137575
26,221,397,63.18227767944336,3670.258510398865
26,221,398,63.59245300292969,3694.0855949401857
26,221,399,64.06246948242188,3721.388852233887
26,221,400,64.59101867675781,3752.0922749328615
26,221,401,65.17668151855469,3786.113429412842
26,221,402,65.81793212890625,3823.363677368164
26,221,403,66.51315307617188,3863.7490621948245
26,221,404,66.48307800292969,3862.0020011901856
26,221,405,66.51315307617188,3863.7490621948245
26,221,406,66.60330200195312,3868.9858132934573
26,221,407,66.75328063964844,3877.698072357178
26,221,408,66.87301635742188,3884.653520202637
26,221,598,62.0,3601.5800000000004
26,221,609,59.49789810180664,3456.232900733948
26,221,632,58.685604095458984,3409.0467419052125
26,221,636,60.0333251953125,3487.3358605957033
26,221,641,60.530982971191406,3516.244800796509
26,221,648,58.03447341918945,3371.2225609207158
26,221,665,57.75811767578125,3355.169055786133
26,222,361,58.172157287597656,3379.220616836548
26,222,362,58.27520751953125,3385.2068048095707
26,222,363,58.446556091308594,3395.1604433441166
26,222,598,62.032249450683594,3603.4533705902104
26,222,608,60.199668884277344,3496.998765487671
26,222,632,58.85575485229492,3418.930799369812
26,222,635,59.96665573120117,3483.4630314254764
26,222,641,60.29925537109375,3502.7837445068362
26,222,648,58.27520751953125,3385.2068048095707
26,222,664,57.827327728271484,3359.1894677352907
26,223,359,58.30952072143555,3387.200058708191
26,223,360,58.30952072143555,3387.200058708191
26,223,598,62.064483642578125,3605.3258547973637
26,223,607,60.56401443481445,3518.1635985183716
26,223,634,59.766212463378906,3471.8192819976807
26,223,641,59.79966735839844,3473.7626768493656
26,223,648,58.583274841308594,3403.1024355316163
26,223,663,58.03447341918945,3371.2225609207158
26,224,597,62.12889862060547,3609.0677208709717
26,224,606,60.95900344848633,3541.108510322571
26,224,640,59.26213073730469,3442.5371745300295
26,224,647,59.46427536010742,3454.2797556686405
26,224,662,58.343807220458984,3389.1917614364625
26,225,597,62.28964614868164,3618.405544776917
26,225,605,61.48170471191406,3571.4722267150883
26,225,631,59.09314727783203,3432.720925369263
26,225,640,58.88972854614258,3420.904331245423
26,225,647,59.89991760253906,3479.586213531494
26,225,661,58.13776779174805,3377.2229310226444
26,226,315,56.56854248046875,3286.0666326904297
26,226,316,56.603885650634766,3288.1197174453737
26,226,597,62.513999938964844,3631.438256454468
26,226,604,62.12889862060547,3609.0677208709717
26,226,631,59.46427536010742,3454.2797556686405
26,226,640,58.583274841308594,3403.1024355316163
26,226,647,60.16643524169922,3495.068223190308
26,226,660,58.06892395019531,3373.223792266846
26,226,668,58.03447341918945,3371.2225609207158
26,227,596,62.801273345947266,3648.125968666077
26,227,603,62.64183807373047,3638.8643737030034
26,227,630,59.396968841552734,3450.3699200057986
26,227,639,58.30952072143555,3387.200058708191
26,227,646,59.96665573120117,3483.4630314254764
26,227,659,58.13776779174805,3377.2229310226444
26,227,668,58.0,3369.2200000000003
26,228,596,63.150611877441406,3668.4190439605713
26,228,602,62.83311080932617,3649.9754069137575
26,228,630,59.69924545288086,3467.9291683578494
26,228,639,58.13776779174805,3377.2229310226444
26,228,646,59.79966735839844,3473.7626768493656
26,228,658,58.172157287597656,3379.220616836548
26,228,667,57.75811767578125,3355.169055786133
26,229,596,63.087242126464844,3664.737895126343
26,229,601,63.150611877441406,3668.4190439605713
26,229,630,59.396968841552734,3450.3699200057986
26,229,639,58.03447341918945,3371.2225609207158
26,229,646,59.36328887939453,3448.4134510040285
26,229,657,58.172157287597656,3379.220616836548
26,229,667,57.30619430541992,3328.9168272018433
26,230,595,62.64183807373047,3638.8643737030034
26,230,600,62.64183807373047,3638.8643737030034
26,230,629,59.396968841552734,3450.3699200057986
26,230,638,58.03447341918945,3371.2225609207158
26,230,645,58.88972854614258,3420.904331245423
26,230,656,58.172157287597656,3379.220616836548
26,230,667,56.920997619628906,3306.5407517242434
26,231,595,62.417945861816406,3625.858475112915
26,231,599,62.12889862060547,3609.0677208709717
26,231,629,59.160797119140625,3436.650704650879
26,231,638,58.06892395019531,3373.223792266846
26,231,645,58.583274841308594,3403.1024355316163
26,231,655,58.172157287597656,3379.220616836548
26,231,666,56.70978927612305,3294.271659049988
26,232,595,62.257530212402344,3616.5399300384524
26,232,598,61.741397857666016,3586.557801551819
26,232,629,58.99152374267578,3426.8176142120365
26,232,638,58.03447341918945,3371.2225609207158
26,232,645,58.343807220458984,3389.1917614364625
26,232,654,58.30952072143555,3387.200058708191
26,232,666,56.46237564086914,3279.8994009780886
26,233,594,62.064483642578125,3605.3258547973637
26,233,597,61.48170471191406,3571.4722267150883
26,233,628,59.26213073730469,3442.5371745300295
26,233,637,58.0,3369.2200000000003
26,233,644,58.13776779174805,3377.2229310226444
26,233,653,58.583274841308594,3403.1024355316163
26,233,666,56.28498840332031,3269.594976348877
26,234,594,62.0,3601.5800000000004
26,234,596,61.35144805908203,3563.9056177520756
26,234,628,59.228370666503906,3440.576052017212
26,234,637,58.0,3369.2200000000003
26,234,644,58.03447341918945,3371.2225609207158
26,234,652,58.343807220458984,3389.1917614364625
26,234,665,56.35601043701172,3273.720646286011
26,235,628,59.228370666503906,3440.576052017212
26,235,637,58.0,3369.2200000000003
26,235,644,58.0,3369.2200000000003
26,235,651,58.13776779174805,3377.2229310226444
26,235,665,56.32051086425781,3271.6584761047366
26,236,594,61.48170471191406,3571.4722267150883
26,236,627,59.69924545288086,3467.9291683578494
26,236,636,58.06892395019531,3373.223792266846
26,236,643,58.0,3369.2200000000003
26,236,650,58.03447341918945,3371.2225609207158
26,236,665,56.35601043701172,3273.720646286011
26,237,364,62.321746826171875,3620.2702731323243
26,237,593,61.741397857666016,3586.557801551819
26,237,627,59.79966735839844,3473.7626768493656
26,237,636,58.172157287597656,3379.220616836548
26,237,643,58.0,3369.2200000000003
26,237,649,58.03447341918945,3371.2225609207158
26,237,664,56.70978927612305,3294.271659049988
26,238,363,61.48170471191406,3571.4722267150883
26,238,593,61.64413833618164,3580.9079959487917
26,238,627,59.96665573120117,3483.4630314254764
26,238,643,58.03447341918945,3371.2225609207158
26,238,648,58.172157287597656,3379.220616836548
26,238,664,56.88584899902344,3304.4989683532717
26,239,362,60.7618293762207,3529.654668464661
26,239,593,61.61168670654297,3579.0228807830813
26,239,626,60.29925537109375,3502.7837445068362
26,239,635,58.583274841308594,3403.1024355316163
26,239,642,58.13776779174805,3377.2229310226444
26,239,647,58.446556091308594,3395.1604433441166
26,239,664,57.13142776489258,3318.76463886261
26,240,361,60.16643524169922,3495.068223190308
26,240,593,61.64413833618164,3580.9079959487917
26,240,626,60.33241271972656,3504.709854888916
26,240,635,58.88972854614258,3420.904331245423
26,240,642,58.30952072143555,3387.200058708191
26,240,646,58.61740493774414,3405.0850528335573
26,240,663,57.75811767578125,3355.169055786133
26,241,360,59.69924545288086,3467.9291683578494
26,241,593,61.741397857666016,3586.557801551819
26,241,626,60.43177795410156,3510.48198135376
26,241,635,59.26213073730469,3442.5371745300295
26,241,642,58.54912567138672,3401.1187102508547
26,241,645,58.685604095458984,3409.0467419052125
26,241,663,57.723480224609375,3353.156966247559
26,242,359,59.36328887939453,3448.4134510040285
26,242,593,61.90314865112305,3595.953905143738
26,242,625,60.8276252746582,3533.476752204895
26,242,634,59.66573715209961,3465.9826711654664
26,242,641,58.30952072143555,3387.200058708191
26,242,644,58.61740493774414,3405.0850528335573
26,242,662,57.236351013183594,3324.859630355835
26,242,683,56.14267349243164,3261.327903175354
26,243,358,59.160797119140625,3436.650704650879
26,243,593,62.12889862060547,3609.0677208709717
26,243,625,61.057350158691406,3546.821470718384
26,243,634,59.79966735839844,3473.7626768493656
26,243,643,58.27520751953125,3385.2068048095707
26,243,661,56.88584899902344,3304.4989683532717
26,244,357,59.09314727783203,3432.720925369263
26,244,593,62.417945861816406,3625.858475112915
26,244,625,61.35144805908203,3563.9056177520756
26,244,634,59.69924545288086,3467.9291683578494
26,244,660,56.67451095581055,3292.222341423035
26,245,356,59.160797119140625,3436.650704650879
26,245,361,60.99180221557617,3543.01379070282
26,245,362,61.546730041503906,3575.249548110962
26,245,363,62.16107940673828,3610.937102737427
26,245,364,62.83311080932617,3649.9754069137575
26,245,593,62.7694206237793,3646.2756440353396
26,245,624,62.0,3601.5800000000004
26,245,633,59.69924545288086,3467.9291683578494
26,245,640,58.03447341918945,3371.2225609207158
26,245,659,56.603885650634766,3288.1197174453737
26,246,358,60.06663131713867,3489.2706132125854
26,246,359,60.43177795410156,3510.48198135376
26,246,360,60.860496520996094,3535.3862429046635
26,246,593,62.22539520263672,3614.6732073211674
26,246,624,62.35382843017578,3622.1338935089116
26,246,633,59.26213073730469,3442.5371745300295
26,246,639,58.172157287597656,3379.220616836548
26,246,658,56.603885650634766,3288.1197174453737
26,247,354,59.69924545288086,3467.9291683578494
26,247,356,59.96665573120117,3483.4630314254764
26,247,357,60.199668884277344,3496.998765487671
26,247,593,61.741397857666016,3586.557801551819
26,247,624,62.16107940673828,3610.937102737427
26,247,633,58.88972854614258,3420.904331245423
26,247,639,58.27520751953125,3385.2068048095707
26,247,657,56.67451095581055,3292.222341423035
26,248,352,60.199668884277344,3496.998765487671
26,248,353,60.16643524169922,3495.068223190308
26,248,632,58.685604095458984,3409.0467419052125
26,248,638,58.61740493774414,3405.0850528335573
26,248,655,57.480430603027344,3339.0382137298584
26,248,656,56.88584899902344,3304.4989683532717
26,249,349,61.057350158691406,3546.821470718384
26,249,350,60.8276252746582,3533.476752204895
26,249,351,60.663002014160156,3523.913787002564
26,249,632,58.446556091308594,3395.1604433441166
26,249,638,58.85575485229492,3418.930799369812
26,249,653,58.13776779174805,3377.2229310226444
26,249,654,57.89645767211914,3363.205226173401
26,249,665,54.147945404052734,3145.4541485214236
26,249,666,54.18486785888672,3147.59897392273
26,249,674,57.061370849609375,3314.695032653809
26,250,346,59.126983642578125,3434.6864797973635
26,250,347,59.766212463378906,3471.8192819976807
26,250,348,60.464866638183594,3512.404103012085
26,250,632,58.27520751953125,3385.2068048095707
26,250,638,58.685604095458984,3409.0467419052125
26,251,343,57.827327728271484,3359.1894677352907
26,251,344,58.27520751953125,3385.2068048095707
26,251,345,58.78775405883789,3414.980633277893
26,251,631,58.343807220458984,3389.1917614364625
26,251,637,58.343807220458984,3389.1917614364625
26,252,340,57.20139694213867,3322.829148368836
26,252,341,57.44562530517578,3337.0163739776613
26,252,342,57.75811767578125,3355.169055786133
26,252,631,58.30952072143555,3387.200058708191
26,252,637,58.30952072143555,3387.200058708191
26,253,337,57.27128601074219,3326.889004364014
26,253,338,57.30619430541992,3328.9168272018433
26,253,339,57.41080093383789,3334.993426246643
26,253,631,58.343807220458984,3389.1917614364625
26,253,636,58.172157287597656,3379.220616836548
26,253,706,52.95280838012695,3076.0286388015747
26,254,334,58.03447341918945,3371.2225609207158
26,254,335,57.86190414428711,3361.1980117416383
26,254,336,57.75811767578125,3355.169055786133
26,254,630,58.685604095458984,3409.0467419052125
26,254,635,58.13776779174805,3377.2229310226444
26,255,331,59.46427536010742,3454.2797556686405
26,255,332,59.09314727783203,3432.720925369263
26,255,333,58.78775405883789,3414.980633277893
26,255,630,58.85575485229492,3418.930799369812
26,255,634,58.06892395019531,3373.223792266846
26,255,650,57.13142776489258,3318.76463886261
26,256,328,60.43177795410156,3510.48198135376
26,256,329,60.663002014160156,3523.913787002564
26,256,330,60.464866638183594,3512.404103012085
26,256,630,58.85575485229492,3418.930799369812
26,256,633,58.13776779174805,3377.2229310226444
26,256,649,57.20139694213867,3322.829148368836
26,257,325,60.0333251953125,3487.3358605957033
26,257,326,60.06663131713867,3489.2706132125854
26,257,327,60.16643524169922,3495.068223190308
26,257,629,59.228370666503906,3440.576052017212
26,257,632,58.30952072143555,3387.200058708191
26,257,649,57.026309967041016,3312.658345985413
26,258,324,60.0333251953125,3487.3358605957033
26,258,629,59.26213073730469,3442.5371745300295
26,258,631,58.583274841308594,3403.1024355316163
26,258,648,57.30619430541992,3328.9168272018433
26,259,323,60.13318634033203,3493.1367945098877
26,259,647,57.723480224609375,3353.156966247559
26,260,322,60.06663131713867,3489.2706132125854
26,260,629,59.5315055847168,3458.185159416199
26,260,646,58.24087905883789,3383.212664527893
26,261,321,60.13318634033203,3493.1367945098877
26,261,628,60.199668884277344,3496.998765487671
26,261,645,58.85575485229492,3418.930799369812
26,262,320,60.29925537109375,3502.7837445068362
26,262,628,60.49793243408203,3514.3248950958255
26,262,644,59.59865951538086,3462.0861312484744
26,263,319,60.43177795410156,3510.48198135376
26,263,628,60.860496520996094,3535.3862429046635
26,263,643,60.464866638183594,3512.404103012085
26,264,318,60.43177795410156,3510.48198135376
26,264,628,61.28621292114258,3560.1161085891727
26,264,642,60.29925537109375,3502.7837445068362
26,265,317,60.56401443481445,3518.1635985183716
26,265,628,61.773780822753906,3588.4389279937745
26,265,641,60.16643524169922,3495.068223190308
26,266,316,60.8276252746582,3533.476752204895
26,266,621,62.12889862060547,3609.0677208709717
26,266,640,60.16643524169922,3495.068223190308
26,267,315,61.22091293334961,3556.322832298279
26,267,622,61.64413833618164,3580.9079959487917
26,267,631,61.22091293334961,3556.322832298279
26,267,639,60.29925537109375,3502.7837445068362
26,267,650,58.27520751953125,3385.2068048095707
26,268,314,61.64413833618164,3580.9079959487917
26,268,623,61.122825622558594,3550.6249404144287
26,268,632,60.8276252746582,3533.476752204895
26,268,649,59.09314727783203,3432.720925369263
26,269,311,60.663002014160156,3523.913787002564
26,269,312,60.8276252746582,3533.476752204895
26,269,313,61.057350158691406,3546.821470718384
26,269,624,60.663002014160156,3523.913787002564
26,269,633,60.56401443481445,3518.1635985183716
26,269,638,60.860496520996094,3535.3862429046635
26,269,649,59.66573715209961,3465.9826711654664
26,269,691,55.35340881347656,3215.4795179748535
26,270,310,60.33241271972656,3504.709854888916
26,270,625,60.33241271972656,3504.709854888916
26,270,634,60.43177795410156,3510.48198135376
26,270,638,60.464866638183594,3512.404103012085
26,270,648,60.663002014160156,3523.913787002564
26,271,592,60.43177795410156,3510.48198135376
26,271,625,60.16643524169922,3495.068223190308
26,271,635,60.43177795410156,3510.48198135376
26,271,638,59.96665573120117,3483.4630314254764
26,271,647,60.49793243408203,3514.3248950958255
26,271,729,51.768714904785156,3007.24464881897
26,272,592,60.266075134277344,3500.856304550171
26,272,626,60.0333251953125,3487.3358605957033
26,272,635,60.199668884277344,3496.998765487671
26,272,637,59.766212463378906,3471.8192819976807
26,272,646,59.766212463378906,3471.8192819976807
26,273,592,60.16643524169922,3495.068223190308
26,273,627,60.0333251953125,3487.3358605957033
26,273,645,59.160797119140625,3436.650704650879
26,274,364,64.52906036376953,3748.4931165313724
26,274,593,60.0333251953125,3487.3358605957033
26,274,627,60.06663131713867,3489.2706132125854
26,274,637,58.99152374267578,3426.8176142120365
26,274,644,58.685604095458984,3409.0467419052125
26,274,729,50.71488952636719,2946.02793258667
26,275,593,60.0333251953125,3487.3358605957033
26,275,628,60.266075134277344,3500.856304550171
26,275,637,58.685604095458984,3409.0467419052125
26,275,691,54.7357292175293,3179.598510246277
26,276,593,60.0333251953125,3487.3358605957033
26,276,628,60.43177795410156,3510.48198135376
26,276,637,58.446556091308594,3395.1604433441166
26,277,594,60.0333251953125,3487.3358605957033
26,277,628,60.59703063964844,3520.081509857178
26,277,637,58.27520751953125,3385.2068048095707
26,278,594,60.13318634033203,3493.1367945098877
26,278,629,60.663002014160156,3523.913787002564
26,278,637,58.172157287597656,3379.220616836548
26,279,594,60.29925537109375,3502.7837445068362
26,279,629,60.95900344848633,3541.108510322571
26,279,637,58.13776779174805,3377.2229310226444
26,280,595,60.530982971191406,3516.244800796509
26,280,629,61.31884002685547,3562.0114171600344
26,280,638,58.06892395019531,3373.223792266846
26,281,595,60.8276252746582,3533.476752204895
26,281,630,60.860496520996094,3535.3862429046635
26,281,638,58.172157287597656,3379.220616836548
26,281,647,58.99152374267578,3426.8176142120365
26,282,595,61.188232421875,3554.424421386719
26,282,630,61.02458572387695,3544.9181847000123
26,282,638,58.27520751953125,3385.2068048095707
26,282,646,58.85575485229492,3418.930799369812
26,282,649,58.54912567138672,3401.1187102508547
26,282,650,58.583274841308594,3403.1024355316163
26,283,596,61.64413833618164,3580.9079959487917
26,283,630,60.464866638183594,3512.404103012085
26,283,638,58.446556091308594,3395.1604433441166
26,283,646,58.61740493774414,3405.0850528335573
26,284,596,62.12889862060547,3609.0677208709717
26,284,631,60.33241271972656,3504.709854888916
26,284,638,58.685604095458984,3409.0467419052125
26,285,596,62.67375946044922,3640.718687057495
26,285,631,59.69924545288086,3467.9291683578494
26,285,638,58.99152374267578,3426.8176142120365
26,285,646,58.27520751953125,3385.2068048095707
26,286,597,63.371917724609375,3681.2747006225586
26,286,631,59.126983642578125,3434.6864797973635
26,286,638,59.36328887939453,3448.4134510040285
26,286,645,58.343807220458984,3389.1917614364625
26,287,597,64.03124237060547,3719.574869308472
26,287,632,59.26213073730469,3442.5371745300295
26,287,638,59.79966735839844,3473.7626768493656
26,287,645,58.30952072143555,3387.200058708191
26,288,597,64.40496826171875,3741.2846063232423
26,288,632,58.8217658996582,3416.956381111145
26,288,638,60.29925537109375,3502.7837445068362
26,288,644,58.583274841308594,3403.1024355316163
26,289,598,64.03124237060547,3719.574869308472
26,289,632,58.446556091308594,3395.1604433441166
26,289,638,60.860496520996094,3535.3862429046635
26,289,644,58.685604095458984,3409.0467419052125
26,289,686,54.0,3136.86
26,290,598,64.37390899658203,3739.4803736114504
26,290,633,58.85575485229492,3418.930799369812
26,290,638,61.48170471191406,3571.4722267150883
26,290,644,58.85575485229492,3418.930799369812
26,290,720,49.638694763183594,2883.511778793335
26,291,598,64.77654266357422,3762.869363327027
26,291,633,58.61740493774414,3405.0850528335573
26,291,639,61.253570556640625,3558.219913635254
26,291,643,59.396968841552734,3450.3699200057986
26,292,599,64.65291595458984,3755.6878878021244
26,292,633,58.446556091308594,3395.1604433441166
26,292,639,61.546730041503906,3575.249548110962
26,292,642,60.06663131713867,3489.2706132125854
26,292,700,52.038448333740234,3022.9134637069706
26,293,599,65.17668151855469,3786.113429412842
26,293,634,59.126983642578125,3434.6864797973635
26,293,639,61.90314865112305,3595.953905143738
26,293,642,60.43177795410156,3510.48198135376
26,294,599,65.6353530883789,3812.757660903931
26,294,634,59.09314727783203,3432.720925369263
26,295,600,65.39112854003906,3798.5706568908695
26,295,634,59.126983642578125,3434.6864797973635
26,296,600,65.05382537841797,3778.9767162323
26,296,635,60.06663131713867,3489.2706132125854
26,296,640,62.801273345947266,3648.125968666077
26,296,720,50.11985778808594,2911.4625389099124
26,297,600,64.77654266357422,3762.869363327027
26,297,635,60.232879638671875,3498.9279782104495
26,297,640,62.8967399597168,3653.671624259949
26,298,601,64.77654266357422,3762.869363327027
26,298,635,60.464866638183594,3512.404103012085
26,298,640,62.16107940673828,3610.937102737427
26,299,601,64.62197875976562,3753.8907461547856
26,299,636,61.384037017822266,3565.798710365296
26,299,640,61.48170471191406,3571.4722267150883
26,300,601,64.52906036376953,3748.4931165313724
26,300,636,60.7618293762207,3529.654668464661
26,300,640,60.860496520996094,3535.3862429046635
26,301,602,64.52906036376953,3748.4931165313724
26,301,636,60.199668884277344,3496.998765487671
26,301,640,60.29925537109375,3502.7837445068362
26,302,602,64.62197875976562,3753.8907461547856
26,302,637,59.66573715209961,3465.9826711654664
26,302,640,59.79966735839844,3473.7626768493656
26,303,602,64.77654266357422,3762.869363327027
26,303,637,59.228370666503906,3440.576052017212
26,303,640,59.36328887939453,3448.4134510040285
26,303,690,52.64978790283203,3058.426179275513
26,304,603,64.03124237060547,3719.574869308472
26,304,637,58.85575485229492,3418.930799369812
26,304,640,58.99152374267578,3426.8176142120365
26,305,603,64.31173706054688,3735.868805847168
26,305,638,58.54912567138672,3401.1187102508547
26,305,640,58.685604095458984,3409.0467419052125
26,305,720,53.702884674072266,3119.600570716858
26,306,603,64.65291595458984,3755.6878878021244
26,306,638,58.24087905883789,3383.212664527893
26,306,640,58.37807846069336,3391.1825777816775
26,307,604,64.15605926513672,3726.825482711792
26,307,638,57.723480224609375,3353.156966247559
26,307,640,57.86190414428711,3361.1980117416383
26,308,604,64.62197875976562,3753.8907461547856
26,309,604,65.14598846435547,3784.3304698944094
26,309,639,56.920997619628906,3306.5407517242434
26,310,605,64.8999252319336,3770.0366567230226
26,310,639,56.603885650634766,3288.1197174453737
26,311,605,65.54387664794922,3807.4437944793704
26,311,638,56.32051086425781,3271.6584761047366
26,312,605,66.24198150634766,3847.9967057037356
26,312,639,56.178287506103516,3263.3967212295533
26,313,606,66.24198150634766,3847.9967057037356
26,313,639,56.07138442993164,3257.1867215347293
26,314,606,66.99253845214844,3891.596558685303
26,314,639,56.035701751708984,3255.113914756775
26,315,606,67.79380798339844,3938.1423057556153
26,316,607,67.91170501708984,3944.9909444427494
26,316,639,56.178287506103516,3263.3967212295533
26,316,698,52.76362228393555,3065.0388184738163
26,317,607,68.49817657470703,3979.0590772247315
26,317,639,56.35601043701172,3273.720646286011
26,317,731,49.030601501464844,2848.187641220093
26,318,607,68.93475341796875,4004.419826049805
26,318,639,56.603885650634766,3288.1197174453737
26,318,686,52.038448333740234,3022.9134637069706
26,319,608,68.87670135498047,4001.047581710816
26,319,638,56.88584899902344,3304.4989683532717
26,320,608,69.42621612548828,4032.9688947296145
26,320,639,57.30619430541992,3328.9168272018433
26,321,608,70.028564453125,4067.9593090820313
26,321,639,57.75811767578125,3355.169055786133
26,322,609,70.19971466064453,4077.901424636841
26,322,639,58.27520751953125,3385.2068048095707
26,323,609,70.90839385986328,4119.068599319458
26,323,632,59.66573715209961,3465.9826711654664
26,323,640,58.54912567138672,3401.1187102508547
26,324,609,71.6658935546875,4163.071756591798
26,324,633,60.0,3485.4
26,324,640,58.37807846069336,3391.1825777816775
26,325,610,72.05553436279297,4185.705991134644
26,325,634,60.464866638183594,3512.404103012085
26,325,640,58.27520751953125,3385.2068048095707
26,326,610,72.91090393066406,4235.394409332275
26,326,635,61.057350158691406,3546.821470718384
26,326,641,57.723480224609375,3353.156966247559
26,327,610,73.8105697631836,4287.655997543336
26,327,636,60.8276252746582,3533.476752204895
26,327,641,57.723480224609375,3353.156966247559
26,328,611,73.53910827636719,4271.88679977417
26,328,637,60.16643524169922,3495.068223190308
26,328,641,57.723480224609375,3353.156966247559
26,329,612,72.49827575683594,4211.4248387146
26,329,638,59.49789810180664,3456.232900733948
26,329,642,57.30619430541992,3328.9168272018433
26,330,612,71.69379425048828,4164.692508010865
26,330,639,58.957611083984375,3424.8476278686526
26,330,642,57.41080093383789,3334.993426246643
26,331,613,70.5691146850586,4099.3598720550535
26,331,640,58.54912567138672,3401.1187102508547
26,331,642,57.584720611572266,3345.0964203262333
26,332,610,70.90839385986328,4119.068599319458
26,332,614,69.54135131835938,4039.6570980834963
26,333,611,69.77105712890625,4053.0007086181645
26,333,615,68.6148681640625,3985.8376916503908
26,333,642,58.13776779174805,3377.2229310226444
26,334,612,68.73136138916016,3992.604783096314
26,334,616,67.70524597167969,3932.9977384948734
26,334,632,61.7089958190918,3584.6755671310425
26,334,642,58.51495361328125,3399.133655395508
26,335,613,67.79380798339844,3938.1423057556153
26,335,616,66.96267700195312,3889.8619070434574
26,335,633,61.122825622558594,3550.6249404144287
26,335,643,58.583274841308594,3403.1024355316163
26,336,614,66.87301635742188,3884.653520202637
26,336,634,60.663002014160156,3523.913787002564
26,336,643,58.88972854614258,3420.904331245423
26,337,635,60.33241271972656,3504.709854888916
26,337,643,58.99152374267578,3426.8176142120365
26,338,610,67.43885803222656,3917.5232630920414
26,338,617,64.8382568359375,3766.4543395996097
26,338,636,60.13318634033203,3493.1367945098877
26,338,644,58.85575485229492,3418.930799369812
26,338,679,54.29548645019531,3154.0248078918457
26,339,611,66.51315307617188,3863.7490621948245
26,339,637,60.0333251953125,3487.3358605957033
26,339,644,58.88972854614258,3420.904331245423
26,340,612,65.54387664794922,3807.4437944793704
26,340,613,65.08455657958984,3780.761891708374
26,340,614,64.68384552001953,3757.484586257935
26,340,615,64.34283447265625,3737.675254516602
26,340,616,64.06246948242188,3721.388852233887
26,340,617,63.84355926513672,3708.6723577117923
26,340,619,63.59245300292969,3694.0855949401857
26,340,638,60.0333251953125,3487.3358605957033
26,340,644,58.99152374267578,3426.8176142120365
26,340,679,54.7357292175293,3179.598510246277
26,341,620,63.150611877441406,3668.4190439605713
26,341,621,63.18227767944336,3670.258510398865
26,341,639,60.13318634033203,3493.1367945098877
26,341,645,58.85575485229492,3418.930799369812
26,342,622,62.83311080932617,3649.9754069137575
26,342,640,60.33241271972656,3504.709854888916
26,342,645,59.09314727783203,3432.720925369263
26,343,641,60.663002014160156,3523.913787002564
26,343,645,59.396968841552734,3450.3699200057986
26,344,642,60.860496520996094,3535.3862429046635
26,344,646,58.85575485229492,3418.930799369812
26,345,643,60.860496520996094,3535.3862429046635
26,345,645,59.59865951538086,3462.0861312484744
26,347,644,60.69596481323242,3525.8285960006715
26,350,692,50.635955810546875,2941.442673034668
26,422,644,57.026309967041016,3312.658345985413
26,425,662,52.191951751708984,3031.830477256775
26,460,395,58.85575485229492,3418.930799369812
26,462,633,58.85575485229492,3418.930799369812
26,463,394,59.5315055847168,3458.185159416199
26,464,393,59.79966735839844,3473.7626768493656
26,465,392,60.199668884277344,3496.998765487671
26,466,391,60.728904724121094,3527.7420754241944
26,467,390,61.057350158691406,3546.821470718384
26,468,389,61.057350158691406,3546.821470718384
26,469,388,60.7618293762207,3529.654668464661
26,469,665,49.030601501464844,2848.187641220093
26,470,387,60.16643524169922,3495.068223190308
26,471,386,59.69924545288086,3467.9291683578494
26,472,385,59.36328887939453,3448.4134510040285
26,473,384,59.160797119140625,3436.650704650879
26,474,383,59.09314727783203,3432.720925369263
26,475,382,59.160797119140625,3436.650704650879
26,476,380,59.79966735839844,3473.7626768493656
26,476,381,59.36328887939453,3448.4134510040285
26,482,648,52.611785888671875,3056.218642272949
26,496,632,52.801513671875,3067.2399291992188
26,535,657,52.801513671875,3067.2399291992188
26,578,635,49.71921157836914,2888.1890005874634
26,583,635,53.291648864746094,3095.7118825531006
27,79,510,60.199668884277344,3496.998765487671
27,79,529,64.56005096435547,3750.2933605194094
27,80,386,52.383201599121094,3042.9401808929447
27,80,511,60.860496520996094,3535.3862429046635
27,80,529,65.14598846435547,3784.3304698944094
27,81,511,61.02458572387695,3544.9181847000123
27,81,530,65.78753662109375,3821.598002319336
27,82,512,61.87083435058594,3594.076767425537
27,82,530,66.48307800292969,3862.0020011901856
27,83,530,66.75328063964844,3877.698072357178
27,84,512,62.513999938964844,3631.438256454468
27,84,514,62.64183807373047,3638.8643737030034
27,84,531,66.27216339111328,3849.7499713897705
27,85,512,62.928531646728516,3655.5184033584596
27,85,515,62.83311080932617,3649.9754069137575
27,85,531,66.36264038085938,3855.005779724121
27,86,513,63.43500518798828,3684.9394513702396
27,86,516,63.150611877441406,3668.4190439605713
27,86,531,66.51315307617188,3863.7490621948245
27,87,513,63.52952194213867,3690.4299296188356
27,87,517,63.59245300292969,3694.0855949401857
27,87,532,65.78753662109375,3821.598002319336
27,88,514,63.27716827392578,3675.770705032349
27,88,518,63.52952194213867,3690.4299296188356
27,88,519,63.749507904052734,3703.2089141464235
27,88,532,66.06057739257812,3837.4589407348635
27,89,515,62.64183807373047,3638.8643737030034
27,89,520,63.43500518798828,3684.9394513702396
27,89,532,66.39276885986328,3856.755943069458
27,90,516,62.12889862060547,3609.0677208709717
27,90,533,65.90902709960938,3828.655384216309
27,91,517,61.741397857666016,3586.557801551819
27,91,533,66.36264038085938,3855.005779724121
27,92,518,61.48170471191406,3571.4722267150883
27,92,533,66.60330200195312,3868.9858132934573
27,93,519,61.35144805908203,3563.9056177520756
27,93,534,65.87867736816406,3826.8923683166504
27,94,520,61.35144805908203,3563.9056177520756
27,94,534,65.6048812866211,3810.9875539398195
27,95,521,61.48170471191406,3571.4722267150883
27,95,534,65.39112854003906,3798.5706568908695
27,96,522,61.741397857666016,3586.557801551819
27,96,535,64.8999252319336,3770.0366567230226
27,96,587,54.18486785888672,3147.59897392273
27,97,523,62.12889862060547,3609.0677208709717
27,97,535,64.80740356445312,3764.662073059082
27,98,524,62.64183807373047,3638.8643737030034
27,98,535,64.77654266357422,3762.869363327027
27,99,525,63.27716827392578,3675.770705032349
27,99,536,64.40496826171875,3741.2846063232423
27,99,581,56.35601043701172,3273.720646286011
27,100,526,63.90618133544922,3712.310073776245
27,100,536,64.31173706054688,3735.868805847168
27,101,527,63.27716827392578,3675.770705032349
27,101,536,64.06246948242188,3721.388852233887
27,102,528,62.7694206237793,3646.2756440353396
27,102,529,62.928531646728516,3655.5184033584596
27,102,537,63.68673324584961,3699.562334251404
27,103,537,63.27716827392578,3675.770705032349
27,103,671,49.839744567871094,2895.190761947632
27,104,537,62.928531646728516,3655.5184033584596
27,105,538,62.801273345947266,3648.125968666077
27,106,538,62.57794952392578,3635.153087844849
27,107,538,62.417945861816406,3625.858475112915
27,108,539,62.28964614868164,3618.405544776917
27,109,539,62.12889862060547,3609.0677208709717
27,110,539,62.032249450683594,3603.4533705902104
27,111,392,55.35340881347656,3215.4795179748535
27,111,540,62.032249450683594,3603.4533705902104
27,112,540,62.032249450683594,3603.4533705902104
27,113,540,62.032249450683594,3603.4533705902104
27,114,541,62.12889862060547,3609.0677208709717
27,115,541,62.064483642578125,3605.3258547973637
27,116,341,58.24087905883789,3383.212664527893
27,116,541,62.032249450683594,3603.4533705902104
27,117,542,61.64413833618164,3580.9079959487917
27,118,535,62.032249450683594,3603.4533705902104
27,118,542,61.741397857666016,3586.557801551819
27,119,536,62.032249450683594,3603.4533705902104
27,119,542,61.90314865112305,3595.953905143738
27,120,537,62.12889862060547,3609.0677208709717
27,120,542,62.12889862060547,3609.0677208709717
27,127,455,58.583274841308594,3403.1024355316163
27,127,456,58.685604095458984,3409.0467419052125
27,127,457,58.85575485229492,3418.930799369812
27,127,458,59.09314727783203,3432.720925369263
27,127,459,59.396968841552734,3450.3699200057986
27,127,460,59.766212463378906,3471.8192819976807
27,127,461,60.13318634033203,3493.1367945098877
27,127,462,60.16643524169922,3495.068223190308
27,127,463,60.266075134277344,3500.856304550171
27,127,464,60.43177795410156,3510.48198135376
27,127,465,60.663002014160156,3523.913787002564
27,127,466,60.95900344848633,3541.108510322571
27,127,467,61.31884002685547,3562.0114171600344
27,127,468,61.741397857666016,3586.557801551819
27,127,469,62.22539520263672,3614.6732073211674
27,127,470,62.7694206237793,3646.2756440353396
27,127,471,62.83311080932617,3649.9754069137575
27,127,472,62.801273345947266,3648.125968666077
27,127,473,62.801273345947266,3648.125968666077
27,127,474,62.83311080932617,3649.9754069137575
27,127,475,62.928531646728516,3655.5184033584596
27,127,476,63.087242126464844,3664.737895126343
27,127,477,63.27716827392578,3675.770705032349
27,127,478,63.43500518798828,3684.9394513702396
27,127,479,63.65532302856445,3697.737714729309
27,127,480,63.937469482421875,3714.127602233887
27,127,481,64.28063201904297,3734.0619139862065
27,127,482,64.68384552001953,3757.484586257935
27,128,453,58.446556091308594,3395.1604433441166
27,128,454,58.685604095458984,3409.0467419052125
27,128,565,62.032249450683594,3603.4533705902104
27,129,426,62.12889862060547,3609.0677208709717
27,129,564,62.16107940673828,3610.937102737427
27,130,563,62.417945861816406,3625.858475112915
27,131,562,62.801273345947266,3648.125968666077
27,134,330,53.291648864746094,3095.7118825531006
27,139,354,54.18486785888672,3147.59897392273
27,139,425,60.464866638183594,3512.404103012085
27,139,426,59.96665573120117,3483.4630314254764
27,140,362,54.29548645019531,3154.0248078918457
27,140,366,55.46169662475586,3221.769956932068
27,146,707,49.39635467529297,2869.4342430877687
27,147,447,61.188232421875,3554.424421386719
27,147,448,61.61168670654297,3579.0228807830813
27,148,449,62.09669876098633,3607.197231025696
27,148,450,62.28964614868164,3618.405544776917
27,148,451,62.321746826171875,3620.2702731323243
27,149,452,62.513999938964844,3631.438256454468
27,149,453,62.545982360839844,3633.2961153411866
27,149,454,62.64183807373047,3638.8643737030034
27,150,361,56.35601043701172,3273.720646286011
27,150,455,63.087242126464844,3664.737895126343
27,150,456,63.27716827392578,3675.770705032349
27,150,457,62.928531646728516,3655.5184033584596
27,150,567,60.13318634033203,3493.1367945098877
27,151,458,62.801273345947266,3648.125968666077
27,151,459,62.57794952392578,3635.153087844849
27,151,460,62.417945861816406,3625.858475112915
27,151,567,60.0333251953125,3487.3358605957033
27,152,461,62.417945861816406,3625.858475112915
27,152,462,62.321746826171875,3620.2702731323243
27,152,463,62.28964614868164,3618.405544776917
27,152,464,62.321746826171875,3620.2702731323243
27,152,465,62.417945861816406,3625.858475112915
27,152,467,62.22539520263672,3614.6732073211674
27,152,468,61.741397857666016,3586.557801551819
27,152,469,61.31884002685547,3562.0114171600344
27,152,470,60.95900344848633,3541.108510322571
27,152,471,60.663002014160156,3523.913787002564
27,152,472,60.43177795410156,3510.48198135376
27,152,473,60.266075134277344,3500.856304550171
27,152,474,60.16643524169922,3495.068223190308
27,152,475,60.13318634033203,3493.1367945098877
27,152,476,60.16643524169922,3495.068223190308
27,152,477,60.266075134277344,3500.856304550171
27,152,478,60.43177795410156,3510.48198135376
27,152,567,60.0,3485.4
27,153,567,60.0,3485.4
27,154,467,62.417945861816406,3625.858475112915
27,154,468,62.0,3601.5800000000004
27,154,469,61.64413833618164,3580.9079959487917
27,154,567,60.0,3485.4
27,155,470,61.057350158691406,3546.821470718384
27,155,471,60.8276252746582,3533.476752204895
27,155,472,60.663002014160156,3523.913787002564
27,155,567,60.0333251953125,3487.3358605957033
27,156,473,60.33241271972656,3504.709854888916
27,156,474,60.29925537109375,3502.7837445068362
27,156,475,60.33241271972656,3504.709854888916
27,156,476,60.43177795410156,3510.48198135376
27,156,477,60.59703063964844,3520.081509857178
27,156,478,60.8276252746582,3533.476752204895
27,156,567,60.0333251953125,3487.3358605957033
27,157,566,60.13318634033203,3493.1367945098877
27,158,566,60.16643524169922,3495.068223190308
27,158,583,58.27520751953125,3385.2068048095707
27,158,691,49.71921157836914,2888.1890005874634
27,159,566,60.266075134277344,3500.856304550171
27,159,583,58.446556091308594,3395.1604433441166
27,160,565,59.69924545288086,3467.9291683578494
27,160,584,58.583274841308594,3403.1024355316163
27,161,565,59.66573715209961,3465.9826711654664
27,161,584,58.88972854614258,3420.904331245423
27,162,361,56.32051086425781,3271.6584761047366
27,162,565,59.69924545288086,3467.9291683578494
27,162,584,59.26213073730469,3442.5371745300295
27,163,564,59.36328887939453,3448.4134510040285
27,163,583,58.99152374267578,3426.8176142120365
27,164,564,59.5315055847168,3458.185159416199
27,164,583,58.685604095458984,3409.0467419052125
27,165,361,56.63920974731445,3290.1716942214966
27,165,564,59.766212463378906,3471.8192819976807
27,165,583,58.446556091308594,3395.1604433441166
27,165,586,59.160797119140625,3436.650704650879
27,166,563,59.69924545288086,3467.9291683578494
27,166,583,58.27520751953125,3385.2068048095707
27,166,585,58.685604095458984,3409.0467419052125
27,167,562,59.766212463378906,3471.8192819976807
27,167,571,60.0,3485.4
27,168,561,59.96665573120117,3483.4630314254764
27,168,571,60.0,3485.4
27,168,583,58.13776779174805,3377.2229310226444
27,169,459,65.6353530883789,3812.757660903931
27,169,560,60.06663131713867,3489.2706132125854
27,169,570,60.0,3485.4
27,169,583,58.172157287597656,3379.220616836548
27,170,326,54.442630767822266,3162.5724213027956
27,170,331,54.0,3136.86
27,170,457,66.45298767089844,3860.2540538024905
27,170,458,66.24198150634766,3847.9967057037356
27,170,560,60.16643524169922,3495.068223190308
27,170,565,60.13318634033203,3493.1367945098877
27,170,570,60.0333251953125,3487.3358605957033
27,170,582,58.172157287597656,3379.220616836548
27,171,336,54.037025451660156,3139.0108084869385
27,171,454,67.94115447998047,3946.7016637420656
27,171,455,67.55738067626953,3924.4082434844972
27,171,456,67.23094177246094,3905.445407562256
27,171,560,60.266075134277344,3500.856304550171
27,171,565,60.16643524169922,3495.068223190308
27,171,570,60.0333251953125,3487.3358605957033
27,171,582,58.343807220458984,3389.1917614364625
27,172,559,60.43177795410156,3510.48198135376
27,172,564,60.33241271972656,3504.709854888916
27,172,569,60.0,3485.4
27,172,582,58.583274841308594,3403.1024355316163
27,173,444,65.3299331665039,3795.015817642212
27,173,448,67.23094177246094,3905.445407562256
27,173,449,67.79380798339844,3938.1423057556153
27,173,450,68.20557403564453,3962.0617957305913
27,173,451,68.64401245117188,3987.5306832885744
27,173,452,69.13754272460938,4016.199856872559
27,173,454,69.10861206054688,4014.519274597168
27,173,455,68.73136138916016,3992.604783096314
27,173,456,68.4105224609375,3973.9672497558595
27,173,457,68.14689636230469,3958.6532096862798
27,173,458,67.94115447998047,3946.7016637420656
27,173,459,67.79380798339844,3938.1423057556153
27,173,559,60.663002014160156,3523.913787002564
27,173,564,60.56401443481445,3518.1635985183716
27,173,569,60.0333251953125,3487.3358605957033
27,173,581,58.446556091308594,3395.1604433441166
27,174,443,64.52906036376953,3748.4931165313724
27,174,447,66.45298767089844,3860.2540538024905
27,174,559,60.95900344848633,3541.108510322571
27,174,564,60.8276252746582,3533.476752204895
27,174,569,60.13318634033203,3493.1367945098877
27,174,581,58.27520751953125,3385.2068048095707
27,175,445,65.39112854003906,3798.5706568908695
27,175,446,65.78753662109375,3821.598002319336
27,175,558,61.22091293334961,3556.322832298279
27,175,563,60.95900344848633,3541.108510322571
27,175,568,60.13318634033203,3493.1367945098877
27,175,581,58.172157287597656,3379.220616836548
27,176,435,62.12889862060547,3609.0677208709717
27,176,436,62.16107940673828,3610.937102737427
27,176,437,62.257530212402344,3616.5399300384524
27,176,438,62.417945861816406,3625.858475112915
27,176,439,62.64183807373047,3638.8643737030034
27,176,440,62.928531646728516,3655.5184033584596
27,176,441,63.27716827392578,3675.770705032349
27,176,443,64.15605926513672,3726.825482711792
27,176,444,64.68384552001953,3757.484586257935
27,176,558,61.64413833618164,3580.9079959487917
27,176,563,60.860496520996094,3535.3862429046635
27,176,568,60.0333251953125,3487.3358605957033
27,176,580,58.30952072143555,3387.200058708191
27,177,432,61.773780822753906,3588.4389279937745
27,177,433,62.16107940673828,3610.937102737427
27,177,434,62.064483642578125,3605.3258547973637
27,177,558,61.22091293334961,3556.322832298279
27,177,563,60.8276252746582,3533.476752204895
27,177,568,60.0,3485.4
27,177,580,58.343807220458984,3389.1917614364625
27,178,429,60.199668884277344,3496.998765487671
27,178,430,60.49793243408203,3514.3248950958255
27,178,431,60.860496520996094,3535.3862429046635
27,178,557,60.95900344848633,3541.108510322571
27,178,562,60.95900344848633,3541.108510322571
27,178,567,60.06663131713867,3489.2706132125854
27,178,580,58.446556091308594,3395.1604433441166
27,179,411,58.27520751953125,3385.2068048095707
27,179,426,59.26213073730469,3442.5371745300295
27,179,427,59.36328887939453,3448.4134510040285
27,179,428,59.5315055847168,3458.185159416199
27,179,557,60.663002014160156,3523.913787002564
27,179,562,60.663002014160156,3523.913787002564
27,179,567,60.16643524169922,3495.068223190308
27,179,579,58.85575485229492,3418.930799369812
27,180,411,58.446556091308594,3395.1604433441166
27,180,423,58.85575485229492,3418.930799369812
27,180,424,58.85575485229492,3418.930799369812
27,180,425,58.85575485229492,3418.930799369812
27,180,557,60.43177795410156,3510.48198135376
27,180,562,60.43177795410156,3510.48198135376
27,180,567,60.266075134277344,3500.856304550171
27,180,579,58.85575485229492,3418.930799369812
27,181,420,58.85575485229492,3418.930799369812
27,181,421,58.685604095458984,3409.0467419052125
27,181,422,58.583274841308594,3403.1024355316163
27,181,556,60.43177795410156,3510.48198135376
27,181,561,60.16643524169922,3495.068223190308
27,181,566,60.56401443481445,3518.1635985183716
27,181,579,58.685604095458984,3409.0467419052125
27,182,417,58.27520751953125,3385.2068048095707
27,182,418,58.446556091308594,3395.1604433441166
27,182,419,58.685604095458984,3409.0467419052125
27,182,556,60.33241271972656,3504.709854888916
27,182,561,60.06663131713867,3489.2706132125854
27,182,566,60.663002014160156,3523.913787002564
27,182,578,58.343807220458984,3389.1917614364625
27,183,414,58.343807220458984,3389.1917614364625
27,183,415,58.30952072143555,3387.200058708191
27,183,416,58.343807220458984,3389.1917614364625
27,183,556,60.29925537109375,3502.7837445068362
27,183,561,60.0333251953125,3487.3358605957033
27,183,566,60.8276252746582,3533.476752204895
27,183,578,58.172157287597656,3379.220616836548
27,184,413,58.685604095458984,3409.0467419052125
27,184,555,60.530982971191406,3516.244800796509
27,184,560,60.0,3485.4
27,184,565,60.530982971191406,3516.244800796509
27,184,578,58.06892395019531,3373.223792266846
27,185,324,52.383201599121094,3042.9401808929447
27,185,555,60.56401443481445,3518.1635985183716
27,185,560,60.0,3485.4
27,185,565,60.530982971191406,3516.244800796509
27,185,577,58.0,3369.2200000000003
27,185,633,57.75811767578125,3355.169055786133
27,186,555,60.663002014160156,3523.913787002564
27,186,560,60.0333251953125,3487.3358605957033
27,186,565,60.56401443481445,3518.1635985183716
27,186,577,58.0,3369.2200000000003
27,186,672,54.33230972290039,3156.1638718032837
27,186,674,52.801513671875,3067.2399291992188
27,187,554,61.122825622558594,3550.6249404144287
27,187,559,60.16643524169922,3495.068223190308
27,187,564,60.43177795410156,3510.48198135376
27,187,577,58.03447341918945,3371.2225609207158
27,187,587,58.03447341918945,3371.2225609207158
27,188,554,61.35144805908203,3563.9056177520756
27,188,559,60.33241271972656,3504.709854888916
27,188,564,60.59703063964844,3520.081509857178
27,188,576,58.172157287597656,3379.220616836548
27,188,585,58.03447341918945,3371.2225609207158
27,188,586,58.03447341918945,3371.2225609207158
27,189,554,61.64413833618164,3580.9079959487917
27,189,559,60.56401443481445,3518.1635985183716
27,189,564,60.8276252746582,3533.476752204895
27,189,576,58.343807220458984,3389.1917614364625
27,189,582,58.446556091308594,3395.1604433441166
27,189,583,58.27520751953125,3385.2068048095707
27,189,584,58.172157287597656,3379.220616836548
27,190,553,62.35382843017578,3622.1338935089116
27,190,558,60.95900344848633,3541.108510322571
27,190,563,60.95900344848633,3541.108510322571
27,190,579,58.685604095458984,3409.0467419052125
27,190,580,58.85575485229492,3418.930799369812
27,190,581,58.85575485229492,3418.930799369812
27,191,319,54.0,3136.86
27,191,553,62.22539520263672,3614.6732073211674
27,191,558,61.31884002685547,3562.0114171600344
27,191,563,61.31884002685547,3562.0114171600344
27,191,578,58.88972854614258,3420.904331245423
27,192,553,62.12889862060547,3609.0677208709717
27,192,558,61.741397857666016,3586.557801551819
27,192,563,61.741397857666016,3586.557801551819
27,192,575,59.36328887939453,3448.4134510040285
27,193,552,61.48170471191406,3571.4722267150883
27,193,557,62.321746826171875,3620.2702731323243
27,193,562,62.064483642578125,3605.3258547973637
27,193,574,59.96665573120117,3483.4630314254764
27,194,552,61.31884002685547,3562.0114171600344
27,194,557,62.28964614868164,3618.405544776917
27,194,562,62.032249450683594,3603.4533705902104
27,194,573,60.69596481323242,3525.8285960006715
27,195,552,60.95900344848633,3541.108510322571
27,195,557,62.321746826171875,3620.2702731323243
27,195,562,62.064483642578125,3605.3258547973637
27,195,572,61.31884002685547,3562.0114171600344
27,195,733,51.146846771240234,2971.120328941345
27,196,551,60.56401443481445,3518.1635985183716
27,196,556,61.7089958190918,3584.6755671310425
27,196,561,62.12889862060547,3609.0677208709717
27,196,572,61.48170471191406,3571.4722267150883
27,197,551,60.33241271972656,3504.709854888916
27,197,556,61.48170471191406,3571.4722267150883
27,197,561,62.28964614868164,3618.405544776917
27,197,571,62.12889862060547,3609.0677208709717
27,197,730,49.35585021972656,2867.081339263916
27,198,551,60.16643524169922,3495.068223190308
27,198,556,61.31884002685547,3562.0114171600344
27,198,561,62.513999938964844,3631.438256454468
27,198,571,62.417945861816406,3625.858475112915
27,199,418,64.8999252319336,3770.0366567230226
27,199,550,60.0333251953125,3487.3358605957033
27,199,555,60.860496520996094,3535.3862429046635
27,199,560,62.83311080932617,3649.9754069137575
27,199,571,62.7694206237793,3646.2756440353396
27,200,418,65.23802947998047,3789.6771324920655
27,200,551,60.0333251953125,3487.3358605957033
27,200,555,60.8276252746582,3533.476752204895
27,200,560,63.18227767944336,3670.258510398865
27,200,570,63.65532302856445,3697.737714729309
27,201,417,65.78753662109375,3821.598002319336
27,201,551,60.06663131713867,3489.2706132125854
27,201,555,60.860496520996094,3535.3862429046635
27,201,560,63.27716827392578,3675.770705032349
27,201,570,64.1248779296875,3725.014158935547
27,202,417,66.24198150634766,3847.9967057037356
27,202,551,60.16643524169922,3495.068223190308
27,202,554,60.663002014160156,3523.913787002564
27,202,559,62.7694206237793,3646.2756440353396
27,202,570,64.65291595458984,3755.6878878021244
27,202,585,57.30619430541992,3328.9168272018433
27,202,586,56.920997619628906,3306.5407517242434
27,202,587,56.603885650634766,3288.1197174453737
27,203,417,66.72331237792969,3875.9572160339358
27,203,550,60.29925537109375,3502.7837445068362
27,203,554,60.8276252746582,3533.476752204895
27,203,559,62.928531646728516,3655.5184033584596
27,203,569,64.52906036376953,3748.4931165313724
27,203,582,58.957611083984375,3424.8476278686526
27,203,583,58.37807846069336,3391.1825777816775
27,203,584,57.86190414428711,3361.1980117416383
27,204,416,67.52777099609375,3922.6882171630864
27,204,551,60.56401443481445,3518.1635985183716
27,204,554,61.057350158691406,3546.821470718384
27,204,559,63.150611877441406,3668.4190439605713
27,204,569,64.49806213378906,3746.692429351807
27,204,575,62.7694206237793,3646.2756440353396
27,204,576,62.417945861816406,3625.858475112915
27,204,577,62.12889862060547,3609.0677208709717
27,204,578,61.90314865112305,3595.953905143738
27,204,579,61.22091293334961,3556.322832298279
27,204,580,60.464866638183594,3512.404103012085
27,204,581,59.766212463378906,3471.8192819976807
27,205,416,68.11754608154297,3956.9482518768314
27,205,551,60.860496520996094,3535.3862429046635
27,205,553,61.122825622558594,3550.6249404144287
27,205,558,62.8967399597168,3653.671624259949
27,205,572,64.40496826171875,3741.2846063232423
27,205,573,64.1248779296875,3725.014158935547
27,205,574,63.65532302856445,3697.737714729309
27,206,416,68.5273666381836,3980.7547280120853
27,206,551,61.22091293334961,3556.322832298279
27,206,553,61.48170471191406,3571.4722267150883
27,206,558,63.24555206298828,3673.9341193389896
27,206,571,64.03124237060547,3719.574869308472
27,206,603,58.172157287597656,3379.220616836548
27,206,624,56.32051086425781,3271.6584761047366
27,207,415,69.3397445678711,4027.945761947632
27,207,550,61.61168670654297,3579.0228807830813
27,207,553,61.90314865112305,3595.953905143738
27,207,558,63.65532302856445,3697.737714729309
27,207,568,64.40496826171875,3741.2846063232423
27,208,415,69.82836151123047,4056.329520187378
27,208,557,63.65532302856445,3697.737714729309
27,208,567,64.40496826171875,3741.2846063232423
27,209,415,70.37044525146484,4087.819164657593
27,209,557,64.18722534179688,3728.635920104981
27,209,566,64.52906036376953,3748.4931165313724
27,209,645,56.32051086425781,3271.6584761047366
27,210,414,69.91423034667969,4061.3176408386234
27,210,551,63.150611877441406,3668.4190439605713
27,210,557,64.28063201904297,3734.0619139862065
27,210,565,64.77654266357422,3762.869363327027
27,211,414,69.07966613769531,4012.837805938721
27,211,453,62.032249450683594,3603.4533705902104
27,211,551,62.801273345947266,3648.125968666077
27,211,556,63.59245300292969,3694.0855949401857
27,211,563,65.23802947998047,3789.6771324920655
27,211,564,65.14598846435547,3784.3304698944094
27,212,414,68.29348754882812,3967.168691711426
27,212,452,62.032249450683594,3603.4533705902104
27,212,551,62.513999938964844,3631.438256454468
27,212,556,63.30876541137695,3677.6061827468875
27,212,561,65.6353530883789,3812.757660903931
27,212,562,65.78753662109375,3821.598002319336
27,213,413,67.94115447998047,3946.7016637420656
27,213,451,62.032249450683594,3603.4533705902104
27,213,551,62.28964614868164,3618.405544776917
27,213,556,63.087242126464844,3664.737895126343
27,213,559,64.31173706054688,3735.868805847168
27,213,560,64.8382568359375,3766.4543395996097
27,214,413,67.26068878173828,3907.173411331177
27,214,551,62.12889862060547,3609.0677208709717
27,214,556,62.928531646728516,3655.5184033584596
27,214,558,63.68673324584961,3699.562334251404
27,214,639,58.24087905883789,3383.212664527893
27,215,413,66.6333236694336,3870.7297719573976
27,215,671,56.14267349243164,3261.327903175354
27,216,412,66.51315307617188,3863.7490621948245
27,217,412,65.87867736816406,3826.8923683166504
27,217,435,62.0,3601.5800000000004
27,218,411,65.75712585449219,3819.831440887451
27,218,639,58.27520751953125,3385.2068048095707
27,220,419,62.12889862060547,3609.0677208709717
27,221,418,61.741397857666016,3586.557801551819
27,222,417,61.48170471191406,3571.4722267150883
27,223,416,61.35144805908203,3563.9056177520756
27,224,372,58.85575485229492,3418.930799369812
27,224,415,61.35144805908203,3563.9056177520756
27,225,371,58.54912567138672,3401.1187102508547
27,225,414,61.35144805908203,3563.9056177520756
27,225,668,56.14267349243164,3261.327903175354
27,226,370,58.30952072143555,3387.200058708191
27,226,413,61.48170471191406,3571.4722267150883
27,227,369,58.13776779174805,3377.2229310226444
27,227,388,60.0333251953125,3487.3358605957033
27,227,412,61.741397857666016,3586.557801551819
27,228,368,58.06892395019531,3373.223792266846
27,228,387,60.0333251953125,3487.3358605957033
27,228,411,62.12889862060547,3609.0677208709717
27,229,367,58.13776779174805,3377.2229310226444
27,229,386,60.16643524169922,3495.068223190308
27,229,410,62.0,3601.5800000000004
27,230,366,58.343807220458984,3389.1917614364625
27,230,385,60.33241271972656,3504.709854888916
27,230,403,60.56401443481445,3518.1635985183716
27,230,404,60.530982971191406,3516.244800796509
27,230,405,60.56401443481445,3518.1635985183716
27,230,406,60.663002014160156,3523.913787002564
27,230,407,60.8276252746582,3533.476752204895
27,230,408,61.057350158691406,3546.821470718384
27,230,409,61.35144805908203,3563.9056177520756
27,231,366,58.583274841308594,3403.1024355316163
27,231,384,60.530982971191406,3516.244800796509
27,231,400,60.8276252746582,3533.476752204895
27,231,401,60.59703063964844,3520.081509857178
27,231,402,60.43177795410156,3510.48198135376
27,232,366,58.88972854614258,3420.904331245423
27,232,383,60.860496520996094,3535.3862429046635
27,232,397,61.31884002685547,3562.0114171600344
27,232,398,61.22091293334961,3556.322832298279
27,232,399,60.95900344848633,3541.108510322571
27,232,571,61.741397857666016,3586.557801551819
27,233,365,59.36328887939453,3448.4134510040285
27,233,382,61.31884002685547,3562.0114171600344
27,233,394,61.64413833618164,3580.9079959487917
27,233,395,61.35144805908203,3563.9056177520756
27,233,396,61.122825622558594,3550.6249404144287
27,233,570,61.48170471191406,3571.4722267150883
27,234,365,59.79966735839844,3473.7626768493656
27,234,381,61.90314865112305,3595.953905143738
27,234,391,62.12889862060547,3609.0677208709717
27,234,392,62.12889862060547,3609.0677208709717
27,234,393,61.7089958190918,3584.6755671310425
27,234,552,60.06663131713867,3489.2706132125854
27,234,569,61.35144805908203,3563.9056177520756
27,235,365,60.29925537109375,3502.7837445068362
27,235,380,62.60990524291992,3637.0093955612183
27,235,389,62.22539520263672,3614.6732073211674
27,235,390,62.385894775390625,3623.9966275024417
27,235,551,60.13318634033203,3493.1367945098877
27,235,568,61.35144805908203,3563.9056177520756
27,236,365,60.860496520996094,3535.3862429046635
27,236,379,63.43500518798828,3684.9394513702396
27,236,388,62.67375946044922,3640.718687057495
27,236,551,60.16643524169922,3495.068223190308
27,236,567,61.48170471191406,3571.4722267150883
27,237,378,64.37390899658203,3739.4803736114504
27,237,385,63.27716827392578,3675.770705032349
27,237,386,63.27716827392578,3675.770705032349
27,237,387,63.24555206298828,3673.9341193389896
27,237,551,60.266075134277344,3500.856304550171
27,237,566,61.741397857666016,3586.557801551819
27,238,377,65.17668151855469,3786.113429412842
27,238,382,64.03124237060547,3719.574869308472
27,238,383,63.937469482421875,3714.127602233887
27,238,384,63.90618133544922,3712.310073776245
27,238,551,60.33241271972656,3504.709854888916
27,238,565,62.0,3601.5800000000004
27,239,379,65.39112854003906,3798.5706568908695
27,239,380,65.11528015136719,3782.54662399292
27,239,381,64.8999252319336,3770.0366567230226
27,239,550,60.663002014160156,3523.913787002564
27,239,564,62.0,3601.5800000000004
27,240,373,64.68384552001953,3757.484586257935
27,240,374,65.08455657958984,3780.761891708374
27,240,375,65.54387664794922,3807.4437944793704
27,240,377,66.60330200195312,3868.9858132934573
27,240,378,66.27216339111328,3849.7499713897705
27,240,550,60.8276252746582,3533.476752204895
27,240,563,62.12889862060547,3609.0677208709717
27,241,370,63.90618133544922,3712.310073776245
27,241,371,64.62197875976562,3753.8907461547856
27,241,372,65.17668151855469,3786.113429412842
27,241,550,61.057350158691406,3546.821470718384
27,241,562,62.385894775390625,3623.9966275024417
27,242,367,62.12889862060547,3609.0677208709717
27,242,368,62.67375946044922,3640.718687057495
27,242,369,63.27716827392578,3675.770705032349
27,242,550,61.35144805908203,3563.9056177520756
27,242,561,62.321746826171875,3620.2702731323243
27,242,683,54.147945404052734,3145.4541485214236
27,243,366,61.741397857666016,3586.557801551819
27,243,395,61.35144805908203,3563.9056177520756
27,243,550,61.7089958190918,3584.6755671310425
27,243,560,62.257530212402344,3616.5399300384524
27,244,365,61.44916534423828,3569.582014846802
27,244,394,62.0,3601.5800000000004
27,244,550,62.12889862060547,3609.0677208709717
27,244,559,62.321746826171875,3620.2702731323243
27,245,393,62.64183807373047,3638.8643737030034
27,245,550,62.513999938964844,3631.438256454468
27,245,558,62.513999938964844,3631.438256454468
27,246,392,63.087242126464844,3664.737895126343
27,246,550,62.801273345947266,3648.125968666077
27,246,557,62.801273345947266,3648.125968666077
27,247,391,63.65532302856445,3697.737714729309
27,247,551,63.18227767944336,3670.258510398865
27,247,556,63.18227767944336,3670.258510398865
27,248,390,64.31173706054688,3735.868805847168
27,248,551,63.59245300292969,3694.0855949401857
27,248,555,63.68673324584961,3699.562334251404
27,248,592,59.26213073730469,3442.5371745300295
27,248,623,60.69596481323242,3525.8285960006715
27,249,389,64.06246948242188,3721.388852233887
27,249,551,64.06246948242188,3721.388852233887
27,249,554,64.31173706054688,3735.868805847168
27,249,592,58.88972854614258,3420.904331245423
27,249,622,61.22091293334961,3556.322832298279
27,249,667,52.306785583496094,3038.5011745452884
27,249,674,55.17245864868164,3204.9681229019166
27,250,381,67.55738067626953,3924.4082434844972
27,250,388,63.937469482421875,3714.127602233887
27,250,417,60.33241271972656,3504.709854888916
27,250,592,58.583274841308594,3403.1024355316163
27,250,622,61.057350158691406,3546.821470718384
27,251,380,67.9705810546875,3948.411053466797
27,251,387,63.937469482421875,3714.127602233887
27,251,416,60.266075134277344,3500.856304550171
27,251,591,58.30952072143555,3387.200058708191
27,251,621,60.663002014160156,3523.913787002564
27,252,379,67.55738067626953,3924.4082434844972
27,252,386,64.06246948242188,3721.388852233887
27,252,413,60.29925537109375,3502.7837445068362
27,252,414,60.29925537109375,3502.7837445068362
27,252,415,60.33241271972656,3504.709854888916
27,252,552,65.90902709960938,3828.655384216309
27,252,591,58.13776779174805,3377.2229310226444
27,252,621,60.56401443481445,3518.1635985183716
27,253,378,66.96267700195312,3889.8619070434574
27,253,385,64.31173706054688,3735.868805847168
27,253,412,60.56401443481445,3518.1635985183716
27,253,551,66.51315307617188,3863.7490621948245
27,253,591,58.03447341918945,3371.2225609207158
27,253,621,60.530982971191406,3516.244800796509
27,253,706,50.990196228027344,2962.0204988861087
27,254,377,66.48307800292969,3862.0020011901856
27,254,384,64.68384552001953,3757.484586257935
27,254,412,60.860496520996094,3535.3862429046635
27,254,552,66.60330200195312,3868.9858132934573
27,254,591,58.0,3369.2200000000003
27,254,620,60.33241271972656,3504.709854888916
27,255,376,66.12110137939453,3840.9747791290283
27,255,383,64.62197875976562,3753.8907461547856
27,255,412,61.22091293334961,3556.322832298279
27,255,552,66.39276885986328,3856.755943069458
27,255,591,58.0,3369.2200000000003
27,255,620,60.43177795410156,3510.48198135376
27,255,625,59.126983642578125,3434.6864797973635
27,256,375,65.87867736816406,3826.8923683166504
27,256,382,63.937469482421875,3714.127602233887
27,256,411,61.741397857666016,3586.557801551819
27,256,552,66.24198150634766,3847.9967057037356
27,256,591,58.03447341918945,3371.2225609207158
27,256,620,60.59703063964844,3520.081509857178
27,257,374,65.75712585449219,3819.831440887451
27,257,381,63.371917724609375,3681.2747006225586
27,257,410,62.385894775390625,3623.9966275024417
27,257,551,66.30233764648438,3851.5027938842777
27,257,591,58.13776779174805,3377.2229310226444
27,257,619,60.663002014160156,3523.913787002564
27,257,625,59.46427536010742,3454.2797556686405
27,258,373,65.75712585449219,3819.831440887451
27,258,380,62.928531646728516,3655.5184033584596
27,258,409,62.12889862060547,3609.0677208709717
27,258,552,66.12110137939453,3840.9747791290283
27,258,591,58.30952072143555,3387.200058708191
27,258,619,60.95900344848633,3541.108510322571
27,258,624,60.199668884277344,3496.998765487671
27,259,372,65.87867736816406,3826.8923683166504
27,259,379,62.60990524291992,3637.0093955612183
27,259,408,61.61168670654297,3579.0228807830813
27,259,552,66.12110137939453,3840.9747791290283
27,259,592,58.583274841308594,3403.1024355316163
27,259,619,61.31884002685547,3562.0114171600344
27,259,623,60.860496520996094,3535.3862429046635
27,260,371,66.12110137939453,3840.9747791290283
27,260,378,62.417945861816406,3625.858475112915
27,260,407,61.188232421875,3554.424421386719
27,260,552,66.1513442993164,3842.7315903472904
27,260,592,58.88972854614258,3420.904331245423
27,260,618,61.64413833618164,3580.9079959487917
27,260,622,60.663002014160156,3523.913787002564
27,261,370,66.48307800292969,3862.0020011901856
27,261,377,62.35382843017578,3622.1338935089116
27,261,406,60.8276252746582,3533.476752204895
27,261,551,66.39276885986328,3856.755943069458
27,261,592,59.26213073730469,3442.5371745300295
27,261,618,61.48170471191406,3571.4722267150883
27,261,621,60.59703063964844,3520.081509857178
27,262,369,66.87301635742188,3884.653520202637
27,262,376,62.321746826171875,3620.2702731323243
27,262,405,60.43177795410156,3510.48198135376
27,262,552,66.30233764648438,3851.5027938842777
27,262,593,59.79966735839844,3473.7626768493656
27,262,620,60.663002014160156,3523.913787002564
27,263,368,66.24198150634766,3847.9967057037356
27,263,375,62.257530212402344,3616.5399300384524
27,263,404,60.16643524169922,3495.068223190308
27,263,552,66.27216339111328,3849.7499713897705
27,263,593,60.29925537109375,3502.7837445068362
27,264,367,65.6353530883789,3812.757660903931
27,264,374,62.321746826171875,3620.2702731323243
27,264,403,60.0333251953125,3487.3358605957033
27,264,552,66.30233764648438,3851.5027938842777
27,264,593,60.464866638183594,3512.404103012085
27,264,617,60.8276252746582,3533.476752204895
27,265,366,65.14598846435547,3784.3304698944094
27,265,373,62.513999938964844,3631.438256454468
27,265,402,60.0,3485.4
27,265,551,66.60330200195312,3868.9858132934573
27,265,593,59.96665573120117,3483.4630314254764
27,265,619,60.33241271972656,3504.709854888916
27,265,620,60.29925537109375,3502.7837445068362
27,266,308,58.685604095458984,3409.0467419052125
27,266,366,64.80740356445312,3764.662073059082
27,266,372,62.83311080932617,3649.9754069137575
27,266,402,60.0333251953125,3487.3358605957033
27,266,552,66.54322052001953,3865.495680007935
27,266,593,59.5315055847168,3458.185159416199
27,266,629,59.96665573120117,3483.4630314254764
27,266,630,59.66573715209961,3465.9826711654664
27,267,308,58.446556091308594,3395.1604433441166
27,267,371,63.27716827392578,3675.770705032349
27,267,401,60.16643524169922,3495.068223190308
27,267,552,66.27216339111328,3849.7499713897705
27,267,593,59.160797119140625,3436.650704650879
27,268,307,58.172157287597656,3379.220616836548
27,268,366,64.31173706054688,3735.868805847168
27,268,370,63.84355926513672,3708.6723577117923
27,268,401,60.266075134277344,3500.856304550171
27,268,552,66.0,3833.94
27,268,591,59.396968841552734,3450.3699200057986
27,268,638,58.583274841308594,3403.1024355316163
27,269,307,58.06892395019531,3373.223792266846
27,269,365,63.937469482421875,3714.127602233887
27,269,369,64.52906036376953,3748.4931165313724
27,269,401,60.43177795410156,3510.48198135376
27,269,551,65.39112854003906,3798.5706568908695
27,269,593,58.61740493774414,3405.0850528335573
27,269,691,53.40412139892578,3102.245412063599
27,270,307,58.03447341918945,3371.2225609207158
27,270,365,63.59245300292969,3694.0855949401857
27,270,368,64.31173706054688,3735.868805847168
27,270,400,60.8276252746582,3533.476752204895
27,270,552,65.6353530883789,3812.757660903931
27,270,592,58.685604095458984,3409.0467419052125
27,271,306,58.0,3369.2200000000003
27,271,309,58.13776779174805,3377.2229310226444
27,271,365,63.30876541137695,3677.6061827468875
27,271,367,64.06246948242188,3721.388852233887
27,271,399,60.464866638183594,3512.404103012085
27,271,552,65.54387664794922,3807.4437944793704
27,271,730,50.11985778808594,2911.4625389099124
27,272,306,58.0,3369.2200000000003
27,272,308,58.03447341918945,3371.2225609207158
27,272,399,60.0333251953125,3487.3358605957033
27,272,552,65.51335906982422,3805.671028366089
27,273,365,62.928531646728516,3655.5184033584596
27,273,398,59.09314727783203,3432.720925369263
27,273,551,65.14598846435547,3784.3304698944094
27,274,398,58.78775405883789,3414.980633277893
27,274,552,65.6353530883789,3812.757660903931
27,275,363,62.28964614868164,3618.405544776917
27,275,398,58.54912567138672,3401.1187102508547
27,275,552,65.78753662109375,3821.598002319336
27,275,644,56.46237564086914,3279.8994009780886
27,275,691,52.76362228393555,3065.0388184738163
27,276,362,62.12889862060547,3609.0677208709717
27,276,397,57.86190414428711,3361.1980117416383
27,276,552,66.0,3833.94
27,277,396,57.30619430541992,3328.9168272018433
27,277,551,65.87867736816406,3826.8923683166504
27,278,395,56.88584899902344,3304.4989683532717
27,278,552,66.12110137939453,3840.9747791290283
27,279,394,56.603885650634766,3288.1197174453737
27,279,552,66.27216339111328,3849.7499713897705
27,280,394,56.70978927612305,3294.271659049988
27,280,552,66.48307800292969,3862.0020011901856
27,280,648,57.30619430541992,3328.9168272018433
27,281,394,56.88584899902344,3304.4989683532717
27,281,551,66.78323364257812,3879.4380422973636
27,281,692,52.64978790283203,3058.426179275513
27,282,393,56.88584899902344,3304.4989683532717
27,282,552,67.08203887939453,3896.7956385040284
27,283,393,57.20139694213867,3322.829148368836
27,283,552,67.46851348876953,3919.2459485626223
27,283,648,56.35601043701172,3273.720646286011
27,284,393,57.584720611572266,3345.0964203262333
27,284,552,67.4981460571289,3920.9673044586184
27,285,392,57.86190414428711,3361.1980117416383
27,285,551,66.60330200195312,3868.9858132934573
27,286,392,58.37807846069336,3391.1825777816775
27,286,552,66.06057739257812,3837.4589407348635
27,287,392,58.957611083984375,3424.8476278686526
27,287,552,65.42170715332031,3800.346968536377
27,288,391,59.49789810180664,3456.232900733948
27,288,552,64.8382568359375,3766.4543395996097
27,289,391,60.199668884277344,3496.998765487671
27,289,551,64.15605926513672,3726.825482711792
27,289,683,52.038448333740234,3022.9134637069706
27,289,686,52.0,3020.6800000000003
27,290,391,60.95900344848633,3541.108510322571
27,290,552,63.84355926513672,3708.6723577117923
27,291,390,61.741397857666016,3586.557801551819
27,291,552,63.43500518798828,3684.9394513702396
27,292,390,62.60990524291992,3637.0093955612183
27,292,552,63.087242126464844,3664.737895126343
27,293,390,63.52952194213867,3690.4299296188356
27,293,551,62.64183807373047,3638.8643737030034
27,293,701,50.03998565673828,2906.8227667999267
27,294,389,64.52906036376953,3748.4931165313724
27,294,551,62.417945861816406,3625.858475112915
27,295,389,65.54387664794922,3807.4437944793704
27,295,418,68.38128662109375,3972.268939819336
27,296,389,65.14598846435547,3784.3304698944094
27,296,417,68.20557403564453,3962.0617957305913
27,297,388,64.77654266357422,3762.869363327027
27,297,416,68.14689636230469,3958.6532096862798
27,298,388,64.49806213378906,3746.692429351807
27,298,415,68.20557403564453,3962.0617957305913
27,299,388,64.28063201904297,3734.0619139862065
27,299,414,68.38128662109375,3972.268939819336
27,300,387,64.15605926513672,3726.825482711792
27,300,413,67.88224792480469,3943.2797819519046
27,301,387,64.06246948242188,3721.388852233887
27,301,412,66.99253845214844,3891.596558685303
27,302,387,64.03124237060547,3719.574869308472
27,302,411,66.21178436279297,3846.2425536346436
27,303,386,64.15605926513672,3726.825482711792
27,303,410,65.54387664794922,3807.4437944793704
27,303,691,50.39841079711914,2927.643683204651
27,304,409,64.9923095703125,3775.4032629394533
27,305,385,64.56005096435547,3750.2933605194094
27,305,387,64.31173706054688,3735.868805847168
27,305,388,64.28063201904297,3734.0619139862065
27,305,389,64.31173706054688,3735.868805847168
27,305,390,64.40496826171875,3741.2846063232423
27,305,391,64.56005096435547,3750.2933605194094
27,305,392,64.77654266357422,3762.869363327027
27,305,393,65.05382537841797,3778.9767162323
27,305,394,65.39112854003906,3798.5706568908695
27,305,395,65.78753662109375,3821.598002319336
27,305,396,66.24198150634766,3847.9967057037356
27,305,397,66.24198150634766,3847.9967057037356
27,305,398,65.78753662109375,3821.598002319336
27,305,399,65.39112854003906,3798.5706568908695
27,305,400,65.05382537841797,3778.9767162323
27,305,401,64.77654266357422,3762.869363327027
27,305,402,64.56005096435547,3750.2933605194094
27,305,403,64.40496826171875,3741.2846063232423
27,305,404,64.31173706054688,3735.868805847168
27,305,405,64.28063201904297,3734.0619139862065
27,305,406,64.31173706054688,3735.868805847168
27,305,407,64.40496826171875,3741.2846063232423
27,305,408,64.56005096435547,3750.2933605194094
27,305,721,51.61395263671875,2998.2545086669925
27,306,384,64.9923095703125,3775.4032629394533
27,317,699,51.34199142456055,2982.4562818527224
27,319,687,50.19960021972656,2916.0947767639163
27,322,631,57.584720611572266,3345.0964203262333
27,330,609,71.16178894042969,4133.788319549561
27,331,609,70.2851333618164,4082.863396987915
27,333,631,60.0333251953125,3487.3358605957033
27,334,606,66.96267700195312,3889.8619070434574
27,335,607,66.54322052001953,3865.495680007935
27,336,608,66.24198150634766,3847.9967057037356
27,337,609,66.06057739257812,3837.4589407348635
27,338,680,52.49761962890625,3049.586724243164
27,341,680,53.291648864746094,3095.7118825531006
27,367,428,68.87670135498047,4001.047581710816
27,367,453,72.13875579833984,4190.540324325561
27,368,427,69.68500518798828,4048.0019513702396
27,368,453,72.22187805175781,4195.368896026612
27,368,566,70.88018035888672,4117.4296770477295
27,368,589,63.0238037109375,3661.0527575683595
27,369,426,69.5988540649414,4042.9974326324464
27,369,453,71.91661834716797,4177.636359786988
27,369,565,69.79971313476562,4054.6653359985353
27,369,589,62.801273345947266,3648.125968666077
27,370,425,68.49817657470703,3979.0590772247315
27,370,452,70.68238830566406,4105.939936676025
27,370,564,68.818603515625,3997.6726782226565
27,370,589,62.57794952392578,3635.153087844849
27,371,424,67.4981460571289,3920.9673044586184
27,371,452,70.028564453125,4067.9593090820313
27,371,563,67.94115447998047,3946.7016637420656
27,371,589,62.417945861816406,3625.858475112915
27,372,423,66.60330200195312,3868.9858132934573
27,372,452,69.42621612548828,4032.9688947296145
27,372,562,67.17142486572266,3901.988070449829
27,372,589,62.321746826171875,3620.2702731323243
27,373,422,65.81793212890625,3823.363677368164
27,373,451,68.38128662109375,3972.268939819336
27,373,562,67.08203887939453,3896.7956385040284
27,373,589,62.28964614868164,3618.405544776917
27,374,421,65.14598846435547,3784.3304698944094
27,374,451,67.88224792480469,3943.2797819519046
27,374,562,67.05221557617188,3895.0632028198243
27,374,588,62.545982360839844,3633.2961153411866
27,375,420,64.59101867675781,3752.0922749328615
27,375,451,67.43885803222656,3917.5232630920414
27,375,562,67.08203887939453,3896.7956385040284
27,375,588,62.64183807373047,3638.8643737030034
27,376,419,64.15605926513672,3726.825482711792
27,376,450,66.60330200195312,3868.9858132934573
27,376,561,66.60330200195312,3868.9858132934573
27,376,588,62.67375946044922,3640.718687057495
27,377,418,63.84355926513672,3708.6723577117923
27,377,450,66.21178436279297,3846.2425536346436
27,377,587,63.18227767944336,3670.258510398865
27,378,417,63.65532302856445,3697.737714729309
27,378,450,65.87867736816406,3826.8923683166504
27,378,587,63.27716827392578,3675.770705032349
27,379,416,63.59245300292969,3694.0855949401857
27,379,449,65.2686767578125,3791.4574328613285
27,379,587,63.371917724609375,3681.2747006225586
27,380,415,63.59245300292969,3694.0855949401857
27,380,449,65.05382537841797,3778.9767162323
27,380,586,64.06246948242188,3721.388852233887
27,381,414,63.65532302856445,3697.737714729309
27,381,449,64.8999252319336,3770.0366567230226
27,381,586,63.937469482421875,3714.127602233887
27,382,413,63.84355926513672,3708.6723577117923
27,382,448,64.52906036376953,3748.4931165313724
27,382,586,63.27716827392578,3675.770705032349
27,383,412,64.15605926513672,3726.825482711792
27,383,448,64.49806213378906,3746.692429351807
27,383,585,62.64183807373047,3638.8643737030034
27,384,411,64.59101867675781,3752.0922749328615
27,384,448,64.52906036376953,3748.4931165313724
27,384,585,62.09669876098633,3607.197231025696
27,385,410,64.31173706054688,3735.868805847168
27,385,447,64.40496826171875,3741.2846063232423
27,385,585,61.61168670654297,3579.0228807830813
27,386,409,63.65532302856445,3697.737714729309
27,386,447,64.56005096435547,3750.2933605194094
27,386,584,61.22091293334961,3556.322832298279
27,387,409,63.43500518798828,3684.9394513702396
27,387,447,64.77654266357422,3762.869363327027
27,387,584,60.860496520996094,3535.3862429046635
27,388,408,62.928531646728516,3655.5184033584596
27,388,446,64.8999252319336,3770.0366567230226
27,388,584,60.56401443481445,3518.1635985183716
27,389,408,62.83311080932617,3649.9754069137575
27,389,446,65.23802947998047,3789.6771324920655
27,389,583,60.43177795410156,3510.48198135376
27,390,408,62.801273345947266,3648.125968666077
27,390,446,65.6353530883789,3812.757660903931
27,390,583,60.266075134277344,3500.856304550171
27,391,407,62.513999938964844,3631.438256454468
27,391,445,64.8999252319336,3770.0366567230226
27,391,583,60.06663131713867,3489.2706132125854
27,392,407,62.545982360839844,3633.2961153411866
27,392,445,64.68384552001953,3757.484586257935
27,392,582,60.199668884277344,3496.998765487671
27,393,407,62.64183807373047,3638.8643737030034
27,393,445,64.52906036376953,3748.4931165313724
27,393,582,59.96665573120117,3483.4630314254764
27,394,406,62.57794952392578,3635.153087844849
27,394,444,63.59245300292969,3694.0855949401857
27,394,582,59.79966735839844,3473.7626768493656
27,395,406,62.801273345947266,3648.125968666077
27,395,444,63.56099319458008,3692.258094673157
27,395,581,60.199668884277344,3496.998765487671
27,396,406,63.087242126464844,3664.737895126343
27,396,444,63.59245300292969,3694.0855949401857
27,396,581,60.16643524169922,3495.068223190308
27,397,405,63.27716827392578,3675.770705032349
27,397,443,62.8967399597168,3653.671624259949
27,397,581,60.199668884277344,3496.998765487671
27,398,405,63.68673324584961,3699.562334251404
27,398,443,63.0555305480957,3662.8957695388794
27,398,580,60.860496520996094,3535.3862429046635
27,399,405,64.15605926513672,3726.825482711792
27,399,443,63.27716827392578,3675.770705032349
27,399,459,69.07966613769531,4012.837805938721
27,399,580,61.02458572387695,3544.9181847000123
27,400,404,64.59101867675781,3752.0922749328615
27,400,442,62.83311080932617,3649.9754069137575
27,400,458,69.82836151123047,4056.329520187378
27,400,580,61.253570556640625,3558.219913635254
27,401,405,65.2686767578125,3791.4574328613285
27,401,442,63.18227767944336,3670.258510398865
27,401,457,70.68238830566406,4105.939936676025
27,402,405,65.75712585449219,3819.831440887451
27,402,442,63.43500518798828,3684.9394513702396
27,402,456,71.63797760009766,4161.450118789673
27,403,405,65.17668151855469,3786.113429412842
27,403,441,63.30876541137695,3677.6061827468875
27,403,455,72.69112396240234,4222.627390975952
27,404,441,63.59245300292969,3694.0855949401857
27,404,454,72.38784790039062,4205.010084533692
27,405,441,63.937469482421875,3714.127602233887
27,405,453,71.72168731689453,4166.312816238404
27,406,440,64.06246948242188,3721.388852233887
27,406,452,71.16178894042969,4133.788319549561
27,407,440,64.52906036376953,3748.4931165313724
27,407,451,70.71067810058594,4107.583290863037
27,408,440,65.05382537841797,3778.9767162323
27,408,450,70.37044525146484,4087.819164657593
27,409,439,65.05382537841797,3778.9767162323
27,409,449,69.79971313476562,4054.6653359985353
27,410,439,64.77654266357422,3762.869363327027
27,410,448,68.818603515625,3997.6726782226565
27,411,439,64.56005096435547,3750.2933605194094
27,411,447,67.94115447998047,3946.7016637420656
27,412,438,63.65532302856445,3697.737714729309
27,412,446,67.17142486572266,3901.988070449829
27,413,438,63.18227767944336,3670.258510398865
27,413,445,66.51315307617188,3863.7490621948245
27,414,444,65.96968841552734,3832.1792000579835
27,415,443,65.39112854003906,3798.5706568908695
27,421,645,54.918121337890625,3190.1936685180667
27,426,663,50.19960021972656,2916.0947767639163
27,427,456,64.06246948242188,3721.388852233887
27,427,460,62.545982360839844,3633.2961153411866
27,428,455,64.56005096435547,3750.2933605194094
27,428,460,62.513999938964844,3631.438256454468
27,429,455,64.59101867675781,3752.0922749328615
27,429,460,62.545982360839844,3633.2961153411866
27,430,454,65.2686767578125,3791.4574328613285
27,430,459,62.928531646728516,3655.5184033584596
27,431,454,65.42170715332031,3800.346968536377
27,431,459,63.087242126464844,3664.737895126343
27,432,454,65.6353530883789,3812.757660903931
27,432,459,63.30876541137695,3677.6061827468875
27,433,453,65.90902709960938,3828.655384216309
27,433,458,63.937469482421875,3714.127602233887
27,434,453,66.06057739257812,3837.4589407348635
27,434,458,64.28063201904297,3734.0619139862065
27,435,453,66.27216339111328,3849.7499713897705
27,435,458,64.68384552001953,3757.484586257935
27,436,452,65.90902709960938,3828.655384216309
27,436,457,65.54387664794922,3807.4437944793704
27,437,452,66.24198150634766,3847.9967057037356
27,437,457,66.06057739257812,3837.4589407348635
27,437,561,65.11528015136719,3782.54662399292
27,437,563,65.96968841552734,3832.1792000579835
27,438,452,66.6333236694336,3870.7297719573976
27,438,457,66.6333236694336,3870.7297719573976
27,438,471,62.321746826171875,3620.2702731323243
27,439,451,66.51315307617188,3863.7490621948245
27,439,456,66.51315307617188,3863.7490621948245
27,439,470,62.64183807373047,3638.8643737030034
27,439,561,65.23802947998047,3789.6771324920655
27,440,451,66.75328063964844,3877.698072357178
27,440,456,66.30233764648438,3851.5027938842777
27,440,469,63.087242126464844,3664.737895126343
27,440,560,64.8382568359375,3766.4543395996097
27,441,451,66.60330200195312,3868.9858132934573
27,441,456,66.1513442993164,3842.7315903472904
27,441,468,63.59245300292969,3694.0855949401857
27,441,560,65.05382537841797,3778.9767162323
27,442,450,66.6333236694336,3870.7297719573976
27,442,455,66.0302963256836,3835.6999135589604
27,442,467,64.15605926513672,3726.825482711792
27,442,560,65.3299331665039,3795.015817642212
27,443,450,65.87867736816406,3826.8923683166504
27,443,455,66.0,3833.94
27,443,466,64.8382568359375,3766.4543395996097
27,443,559,65.14598846435547,3784.3304698944094
27,444,450,65.17668151855469,3786.113429412842
27,444,455,66.0302963256836,3835.6999135589604
27,444,465,65.6353530883789,3812.757660903931
27,444,559,65.54387664794922,3807.4437944793704
27,445,449,63.937469482421875,3714.127602233887
27,445,454,66.1513442993164,3842.7315903472904
27,445,464,66.54322052001953,3865.495680007935
27,445,559,66.0,3833.94
27,446,449,63.34035110473633,3679.4409956741333
27,446,454,66.30233764648438,3851.5027938842777
27,446,463,67.55738067626953,3924.4082434844972
27,446,558,66.06057739257812,3837.4589407348635
27,447,449,62.801273345947266,3648.125968666077
27,447,454,65.81793212890625,3823.363677368164
27,447,462,67.94115447998047,3946.7016637420656
27,447,558,66.27216339111328,3849.7499713897705
27,448,448,61.773780822753906,3588.4389279937745
27,448,453,64.52906036376953,3748.4931165313724
27,448,461,67.55738067626953,3924.4082434844972
27,448,558,66.0,3833.94
27,449,448,61.35144805908203,3563.9056177520756
27,449,453,63.937469482421875,3714.127602233887
27,449,460,67.26068878173828,3907.173411331177
27,449,557,65.39112854003906,3798.5706568908695
27,450,448,60.860496520996094,3535.3862429046635
27,450,453,63.40346908569336,3683.1075191879277
27,450,459,67.08203887939453,3896.7956385040284
27,450,557,65.23802947998047,3789.6771324920655
27,451,447,60.06663131713867,3489.2706132125854
27,451,452,62.321746826171875,3620.2702731323243
27,451,458,66.78323364257812,3879.4380422973636
27,451,557,65.14598846435547,3784.3304698944094
27,452,447,59.69924545288086,3467.9291683578494
27,452,452,61.90314865112305,3595.953905143738
27,452,457,65.51335906982422,3805.671028366089
27,452,556,64.77654266357422,3762.869363327027
27,453,447,59.396968841552734,3450.3699200057986
27,453,452,61.546730041503906,3575.249548110962
27,453,456,64.34283447265625,3737.675254516602
27,453,471,64.06246948242188,3721.388852233887
27,453,556,64.80740356445312,3764.662073059082
27,454,446,58.85575485229492,3418.930799369812
27,454,451,60.69596481323242,3525.8285960006715
27,454,455,63.27716827392578,3675.770705032349
27,454,470,63.43500518798828,3684.9394513702396
27,454,556,64.8999252319336,3770.0366567230226
27,455,397,57.41080093383789,3334.993426246643
27,455,446,58.61740493774414,3405.0850528335573
27,455,451,60.464866638183594,3512.404103012085
27,455,454,62.321746826171875,3620.2702731323243
27,455,469,62.928531646728516,3655.5184033584596
27,455,556,65.05382537841797,3778.9767162323
27,456,396,56.920997619628906,3306.5407517242434
27,456,446,58.446556091308594,3395.1604433441166
27,456,453,61.48170471191406,3571.4722267150883
27,456,468,62.545982360839844,3633.2961153411866
27,456,556,65.2686767578125,3791.4574328613285
27,457,396,56.88584899902344,3304.4989683532717
27,457,445,58.172157287597656,3379.220616836548
27,457,467,62.28964614868164,3618.405544776917
27,457,556,65.54387664794922,3807.4437944793704
27,458,396,56.920997619628906,3306.5407517242434
27,458,445,58.13776779174805,3377.2229310226444
27,458,450,59.66573715209961,3465.9826711654664
27,458,466,62.16107940673828,3610.937102737427
27,458,556,65.87867736816406,3826.8923683166504
27,459,396,57.026309967041016,3312.658345985413
27,459,445,58.13776779174805,3377.2229310226444
27,459,449,59.228370666503906,3440.576052017212
27,459,465,62.16107940673828,3610.937102737427
27,459,556,65.66581726074219,3814.5273246765137
27,460,444,58.06892395019531,3373.223792266846
27,460,448,58.88972854614258,3420.904331245423
27,460,464,62.28964614868164,3618.405544776917
27,460,556,65.3299331665039,3795.015817642212
27,461,444,58.172157287597656,3379.220616836548
27,461,447,58.685604095458984,3409.0467419052125
27,461,463,62.417945861816406,3625.858475112915
27,461,556,65.05382537841797,3778.9767162323
27,462,446,58.61740493774414,3405.0850528335573
27,462,462,62.16107940673828,3610.937102737427
27,462,556,64.8382568359375,3766.4543395996097
27,463,461,62.032249450683594,3603.4533705902104
27,463,556,64.62197875976562,3753.8907461547856
27,463,634,57.30619430541992,3328.9168272018433
27,464,443,58.85575485229492,3418.930799369812
27,464,460,62.032249450683594,3603.4533705902104
27,464,473,63.65532302856445,3697.737714729309
27,464,485,64.40496826171875,3741.2846063232423
27,464,494,64.15605926513672,3726.825482711792
27,464,557,64.06246948242188,3721.388852233887
27,465,432,59.766212463378906,3471.8192819976807
27,465,443,59.228370666503906,3440.576052017212
27,465,459,62.12889862060547,3609.0677208709717
27,465,472,63.59245300292969,3694.0855949401857
27,465,485,64.24951171875,3732.254135742188
27,465,494,64.06246948242188,3721.388852233887
27,465,557,64.03124237060547,3719.574869308472
27,466,431,59.160797119140625,3436.650704650879
27,466,442,59.66573715209961,3465.9826711654664
27,466,458,62.321746826171875,3620.2702731323243
27,466,472,63.937469482421875,3714.127602233887
27,466,485,64.15605926513672,3726.825482711792
27,466,494,64.03124237060547,3719.574869308472
27,466,557,64.06246948242188,3721.388852233887
27,467,430,58.685604095458984,3409.0467419052125
27,467,442,60.16643524169922,3495.068223190308
27,467,457,62.64183807373047,3638.8643737030034
27,467,471,64.06246948242188,3721.388852233887
27,467,484,64.03124237060547,3719.574869308472
27,467,493,64.59101867675781,3752.0922749328615
27,467,539,65.2686767578125,3791.4574328613285
27,467,545,64.8999252319336,3770.0366567230226
27,467,556,64.1248779296875,3725.014158935547
27,468,442,60.728904724121094,3527.7420754241944
27,468,456,63.087242126464844,3664.737895126343
27,468,471,64.52906036376953,3748.4931165313724
27,468,484,64.03124237060547,3719.574869308472
27,468,493,64.68384552001953,3757.484586257935
27,468,538,65.87867736816406,3826.8923683166504
27,468,544,65.14598846435547,3784.3304698944094
27,468,557,64.06246948242188,3721.388852233887
27,469,441,61.253570556640625,3558.219913635254
27,469,455,63.65532302856445,3697.737714729309
27,469,471,65.05382537841797,3778.9767162323
27,469,484,64.06246948242188,3721.388852233887
27,469,493,64.8382568359375,3766.4543395996097
27,469,538,66.27216339111328,3849.7499713897705
27,469,543,65.51335906982422,3805.671028366089
27,469,557,64.15605926513672,3726.825482711792
27,470,441,61.02458572387695,3544.9181847000123
27,470,454,63.65532302856445,3697.737714729309
27,470,470,65.3299331665039,3795.015817642212
27,470,483,64.1248779296875,3725.014158935547
27,470,492,65.6353530883789,3812.757660903931
27,470,537,66.75328063964844,3877.698072357178
27,470,542,66.0,3833.94
27,470,557,64.06246948242188,3721.388852233887
27,471,441,60.860496520996094,3535.3862429046635
27,471,453,63.59245300292969,3694.0855949401857
27,471,470,65.66581726074219,3814.5273246765137
27,471,483,64.28063201904297,3734.0619139862065
27,471,492,65.90902709960938,3828.655384216309
27,471,537,67.02238464355469,3893.330323944092
27,471,542,66.51315307617188,3863.7490621948245
27,471,556,64.0,3717.76
27,472,440,60.199668884277344,3496.998765487671
27,472,452,63.65532302856445,3697.737714729309
27,472,470,66.06057739257812,3837.4589407348635
27,472,483,64.49806213378906,3746.692429351807
27,472,492,66.24198150634766,3847.9967057037356
27,472,537,67.3498306274414,3912.3516611480713
27,472,542,67.08203887939453,3896.7956385040284
27,472,557,64.03124237060547,3719.574869308472
27,473,440,60.16643524169922,3495.068223190308
27,473,451,63.84355926513672,3708.6723577117923
27,473,469,66.0,3833.94
27,473,482,64.80740356445312,3764.662073059082
27,473,491,66.72331237792969,3875.9572160339358
27,473,536,67.94115447998047,3946.7016637420656
27,473,541,67.46851348876953,3919.2459485626223
27,473,557,64.06246948242188,3721.388852233887
27,474,440,60.16643524169922,3495.068223190308
27,474,450,64.15605926513672,3726.825482711792
27,474,469,66.48307800292969,3862.0020011901856
27,474,482,65.14598846435547,3784.3304698944094
27,474,491,67.05221557617188,3895.0632028198243
27,474,536,68.38128662109375,3972.268939819336
27,474,541,67.91170501708984,3944.9909444427494
27,474,557,64.15605926513672,3726.825482711792
27,475,439,59.66573715209961,3465.9826711654664
27,475,449,64.59101867675781,3752.0922749328615
27,475,469,66.51315307617188,3863.7490621948245
27,475,482,65.54387664794922,3807.4437944793704
27,475,491,67.43885803222656,3917.5232630920414
27,475,536,68.87670135498047,4001.047581710816
27,475,541,68.4105224609375,3973.9672497558595
27,475,556,64.28063201904297,3734.0619139862065
27,476,439,59.69924545288086,3467.9291683578494
27,476,448,65.14598846435547,3784.3304698944094
27,476,468,66.87301635742188,3884.653520202637
27,476,481,66.0908432006836,3839.21708152771
27,476,490,67.43885803222656,3917.5232630920414
27,476,535,69.68500518798828,4048.0019513702396
27,476,540,68.96376037597656,4006.1048402404786
27,476,557,64.52906036376953,3748.4931165313724
27,477,439,59.79966735839844,3473.7626768493656
27,477,447,65.42170715332031,3800.346968536377
27,477,468,67.02238464355469,3893.330323944092
27,477,481,65.78753662109375,3821.598002319336
27,477,490,67.94115447998047,3946.7016637420656
27,477,535,70.2851333618164,4082.863396987915
27,477,540,69.57010650634766,4041.3274869537354
27,477,557,64.80740356445312,3764.662073059082
27,478,438,59.5315055847168,3458.185159416199
27,478,446,64.68384552001953,3757.484586257935
27,478,468,66.87301635742188,3884.653520202637
27,478,481,64.8999252319336,3770.0366567230226
27,478,490,68.49817657470703,3979.0590772247315
27,478,535,70.93659210205078,4120.70663520813
27,478,540,69.36858367919922,4029.6210259246827
27,478,557,65.14598846435547,3784.3304698944094
27,479,438,59.766212463378906,3471.8192819976807
27,479,445,64.06246948242188,3721.388852233887
27,479,467,66.6333236694336,3870.7297719573976
27,479,480,63.84355926513672,3708.6723577117923
27,479,489,67.23094177246094,3905.445407562256
27,479,528,70.028564453125,4067.9593090820313
27,479,534,71.94441986083984,4179.251349716187
27,479,539,69.42621612548828,4032.9688947296145
27,479,556,64.65291595458984,3755.6878878021244
27,480,438,60.06663131713867,3489.2706132125854
27,480,444,63.56099319458008,3692.258094673157
27,480,467,65.87867736816406,3826.8923683166504
27,480,480,63.0555305480957,3662.8957695388794
27,480,489,66.36264038085938,3855.005779724121
27,480,528,70.48403930664062,4094.417843322754
27,480,534,72.69112396240234,4222.627390975952
27,480,539,68.87670135498047,4001.047581710816
27,480,557,64.03124237060547,3719.574869308472
27,481,437,60.06663131713867,3489.2706132125854
27,481,443,63.18227767944336,3670.258510398865
27,481,467,65.17668151855469,3786.113429412842
27,481,480,62.321746826171875,3620.2702731323243
27,481,489,65.54387664794922,3807.4437944793704
27,481,528,70.68238830566406,4105.939936676025
27,481,534,72.49827575683594,4211.4248387146
27,481,539,68.38128662109375,3972.268939819336
27,481,557,63.371917724609375,3681.2747006225586
27,482,437,60.49793243408203,3514.3248950958255
27,482,442,62.928531646728516,3655.5184033584596
27,482,479,61.48170471191406,3571.4722267150883
27,482,488,64.31173706054688,3735.868805847168
27,482,527,70.2851333618164,4082.863396987915
27,482,533,73.04792785644531,4243.354129180909
27,482,538,68.67314147949219,3989.2227885437014
27,482,557,62.7694206237793,3646.2756440353396
27,483,440,62.257530212402344,3616.5399300384524
27,483,441,62.801273345947266,3648.125968666077
27,483,479,60.860496520996094,3535.3862429046635
27,483,488,63.59245300292969,3694.0855949401857
27,483,527,70.59745025634766,4101.005885391236
27,483,533,72.08328247070312,4187.3178787231445
27,483,538,68.29348754882812,3967.168691711426
27,483,556,62.12889862060547,3609.0677208709717
27,483,567,60.56401443481445,3518.1635985183716
27,483,649,50.39841079711914,2927.643683204651
27,484,439,62.321746826171875,3620.2702731323243
27,484,479,60.29925537109375,3502.7837445068362
27,484,488,62.928531646728516,3655.5184033584596
27,484,527,70.96478271484375,4122.344227905273
27,484,533,71.16178894042969,4133.788319549561
27,484,538,67.9705810546875,3948.411053466797
27,484,556,61.64413833618164,3580.9079959487917
27,484,567,60.530982971191406,3516.244800796509
27,485,436,61.87083435058594,3594.076767425537
27,485,487,61.90314865112305,3595.953905143738
27,485,526,70.79547882080078,4112.509364700318
27,485,532,70.71067810058594,4107.583290863037
27,485,537,68.49817657470703,3979.0590772247315
27,485,556,61.22091293334961,3556.322832298279
27,485,566,60.860496520996094,3535.3862429046635
27,486,435,61.90314865112305,3595.953905143738
27,486,487,61.35144805908203,3563.9056177520756
27,486,526,71.27411651611328,4140.313428421021
27,486,532,69.8856201171875,4059.6556726074223
27,486,537,68.29348754882812,3967.168691711426
27,486,556,60.860496520996094,3535.3862429046635
27,486,566,60.464866638183594,3512.404103012085
27,487,434,61.31884002685547,3562.0114171600344
27,487,438,62.35382843017578,3622.1338935089116
27,487,487,60.860496520996094,3535.3862429046635
27,487,526,71.04927825927734,4127.252574081421
27,487,532,69.10861206054688,4014.519274597168
27,487,537,67.4981460571289,3920.9673044586184
27,487,555,60.464866638183594,3512.404103012085
27,487,566,59.766212463378906,3471.8192819976807
27,488,433,60.69596481323242,3525.8285960006715
27,488,437,61.64413833618164,3580.9079959487917
27,488,486,60.06663131713867,3489.2706132125854
27,488,525,70.31358337402344,4084.5160581970217
27,488,531,68.87670135498047,4001.047581710816
27,488,536,66.96267700195312,3889.8619070434574
27,488,555,59.96665573120117,3483.4630314254764
27,488,565,58.957611083984375,3424.8476278686526
27,489,432,59.96665573120117,3483.4630314254764
27,489,436,61.057350158691406,3546.821470718384
27,489,486,59.69924545288086,3467.9291683578494
27,489,525,70.11418914794922,4072.9332476043705
27,489,531,68.20557403564453,3962.0617957305913
27,489,536,66.27216339111328,3849.7499713897705
27,489,555,59.5315055847168,3458.185159416199
27,490,431,59.36328887939453,3448.4134510040285
27,490,435,60.43177795410156,3510.48198135376
27,490,486,59.396968841552734,3450.3699200057986
27,490,525,69.57010650634766,4041.3274869537354
27,490,531,67.58698272705078,3926.12782661438
27,490,536,65.6353530883789,3812.757660903931
27,490,554,59.396968841552734,3450.3699200057986
27,491,430,58.88972854614258,3420.904331245423
27,491,434,59.69924545288086,3467.9291683578494
27,491,485,58.85575485229492,3418.930799369812
27,491,525,68.96376037597656,4006.1048402404786
27,491,530,67.58698272705078,3926.12782661438
27,491,535,65.3299331665039,3795.015817642212
27,491,554,59.09314727783203,3432.720925369263
27,492,429,58.54912567138672,3401.1187102508547
27,492,433,59.09314727783203,3432.720925369263
27,492,485,58.685604095458984,3409.0467419052125
27,492,525,68.4105224609375,3973.9672497558595
27,492,530,67.02238464355469,3893.330323944092
27,492,535,64.80740356445312,3764.662073059082
27,492,554,58.85575485229492,3418.930799369812
27,493,432,58.61740493774414,3405.0850528335573
27,493,485,58.583274841308594,3403.1024355316163
27,493,525,67.79380798339844,3938.1423057556153
27,493,530,66.51315307617188,3863.7490621948245
27,493,535,64.34283447265625,3737.675254516602
27,493,553,58.99152374267578,3426.8176142120365
27,494,430,58.172157287597656,3379.220616836548
27,494,431,58.27520751953125,3385.2068048095707
27,494,484,58.30952072143555,3387.200058708191
27,494,525,67.17142486572266,3901.988070449829
27,494,529,66.6333236694336,3870.7297719573976
27,494,534,64.28063201904297,3734.0619139862065
27,494,553,58.88972854614258,3420.904331245423
27,495,427,58.06892395019531,3373.223792266846
27,495,484,58.30952072143555,3387.200058708191
27,495,525,66.60330200195312,3868.9858132934573
27,495,529,66.24198150634766,3847.9967057037356
27,495,534,63.52952194213867,3690.4299296188356
27,495,553,58.85575485229492,3418.930799369812
27,496,426,58.13776779174805,3377.2229310226444
27,496,484,58.343807220458984,3389.1917614364625
27,496,525,66.0908432006836,3839.21708152771
27,496,529,65.90902709960938,3828.655384216309
27,496,534,62.801273345947266,3648.125968666077
27,496,552,59.26213073730469,3442.5371745300295
27,497,425,58.343807220458984,3389.1917614364625
27,497,483,58.27520751953125,3385.2068048095707
27,497,525,65.6353530883789,3812.757660903931
27,497,528,66.27216339111328,3849.7499713897705
27,497,533,62.737548828125,3644.4242114257813
27,497,552,59.36328887939453,3448.4134510040285
27,497,633,50.990196228027344,2962.0204988861087
27,498,424,58.685604095458984,3409.0467419052125
27,498,483,58.446556091308594,3395.1604433441166
27,498,524,65.14598846435547,3784.3304698944094
27,498,528,65.87867736816406,3826.8923683166504
27,498,533,62.12889862060547,3609.0677208709717
27,498,552,59.5315055847168,3458.185159416199
27,499,423,59.160797119140625,3436.650704650879
27,499,483,58.685604095458984,3409.0467419052125
27,499,524,64.80740356445312,3764.662073059082
27,499,528,65.51335906982422,3805.671028366089
27,499,533,61.57921600341797,3577.13665763855
27,499,551,59.89991760253906,3479.586213531494
27,500,422,59.766212463378906,3471.8192819976807
27,500,482,58.88972854614258,3420.904331245423
27,500,524,64.52906036376953,3748.4931165313724
27,500,527,64.9923095703125,3775.4032629394533
27,500,532,61.773780822753906,3588.4389279937745
27,500,551,59.396968841552734,3450.3699200057986
27,501,421,60.16643524169922,3495.068223190308
27,501,482,59.228370666503906,3440.576052017212
27,501,523,64.28063201904297,3734.0619139862065
27,501,527,64.77654266357422,3762.869363327027
27,501,532,61.35144805908203,3563.9056177520756
27,501,551,58.957611083984375,3424.8476278686526
27,502,420,59.49789810180664,3456.232900733948
27,502,482,59.228370666503906,3440.576052017212
27,502,550,58.13776779174805,3377.2229310226444
27,503,481,59.66573715209961,3465.9826711654664
27,504,481,59.69924545288086,3467.9291683578494
27,505,481,59.79966735839844,3473.7626768493656
27,506,480,60.464866638183594,3512.404103012085
27,507,480,60.464866638183594,3512.404103012085
27,508,480,60.0333251953125,3487.3358605957033
27,509,479,59.09314727783203,3432.720925369263
27,510,479,58.78775405883789,3414.980633277893
27,511,479,58.54912567138672,3401.1187102508547
27,512,478,57.86190414428711,3361.1980117416383
27,513,478,57.75811767578125,3355.169055786133
27,514,478,57.723480224609375,3353.156966247559
27,515,477,57.30619430541992,3328.9168272018433
27,516,477,57.41080093383789,3334.993426246643
27,517,477,57.584720611572266,3345.0964203262333
27,518,476,57.44562530517578,3337.0163739776613
27,519,476,57.75811767578125,3355.169055786133
27,520,476,58.13776779174805,3377.2229310226444
27,521,475,58.27520751953125,3385.2068048095707
27,522,475,58.78775405883789,3414.980633277893
27,523,475,59.36328887939453,3448.4134510040285
27,544,477,63.68673324584961,3699.562334251404
27,545,477,63.59245300292969,3694.0855949401857
27,546,477,63.18227767944336,3670.258510398865
27,547,477,62.83311080932617,3649.9754069137575
27,548,477,62.545982360839844,3633.2961153411866
27,584,635,50.990196228027344,2962.0204988861087
28,78,528,62.12889862060547,3609.0677208709717
28,79,385,50.635955810546875,2941.442673034668
28,90,521,61.35144805908203,3563.9056177520756
28,96,588,52.076866149902344,3025.1451546478274
28,99,581,54.442630767822266,3162.5724213027956
28,103,530,60.69596481323242,3525.8285960006715
28,109,500,60.16643524169922,3495.068223190308
28,109,502,60.0333251953125,3487.3358605957033
28,109,503,60.06663131713867,3489.2706132125854
28,109,504,60.16643524169922,3495.068223190308
28,109,505,60.33241271972656,3504.709854888916
28,109,506,60.266075134277344,3500.856304550171
28,109,507,60.16643524169922,3495.068223190308
28,110,508,60.16643524169922,3495.068223190308
28,110,509,60.13318634033203,3493.1367945098877
28,110,510,60.16643524169922,3495.068223190308
28,111,391,53.88877487182617,3130.3989323043825
28,111,511,60.29925537109375,3502.7837445068362
28,111,512,60.33241271972656,3504.709854888916
28,111,513,60.43177795410156,3510.48198135376
28,112,514,60.43177795410156,3510.48198135376
28,112,515,60.43177795410156,3510.48198135376
28,112,516,60.33241271972656,3504.709854888916
28,113,483,60.663002014160156,3523.913787002564
28,113,517,60.13318634033203,3493.1367945098877
28,113,518,59.69924545288086,3467.9291683578494
28,113,519,59.26213073730469,3442.5371745300295
28,113,520,58.88972854614258,3420.904331245423
28,113,521,58.583274841308594,3403.1024355316163
28,113,522,58.343807220458984,3389.1917614364625
28,113,523,58.172157287597656,3379.220616836548
28,114,484,61.122825622558594,3550.6249404144287
28,114,524,58.172157287597656,3379.220616836548
28,114,525,58.13776779174805,3377.2229310226444
28,114,526,58.13776779174805,3377.2229310226444
28,115,527,58.343807220458984,3389.1917614364625
28,115,528,58.446556091308594,3395.1604433441166
28,115,529,58.61740493774414,3405.0850528335573
28,116,530,59.09314727783203,3432.720925369263
28,116,531,59.396968841552734,3450.3699200057986
28,116,532,59.766212463378906,3471.8192819976807
28,117,533,60.13318634033203,3493.1367945098877
28,117,534,60.16643524169922,3495.068223190308
28,121,538,60.29925537109375,3502.7837445068362
28,121,542,60.49793243408203,3514.3248950958255
28,122,542,60.56401443481445,3518.1635985183716
28,123,542,60.663002014160156,3523.913787002564
28,124,543,60.59703063964844,3520.081509857178
28,125,543,60.59703063964844,3520.081509857178
28,126,543,60.43177795410156,3510.48198135376
28,127,483,63.24555206298828,3673.9341193389896
28,127,484,63.78087615966797,3705.0310961151126
28,127,485,64.37390899658203,3739.4803736114504
28,127,486,65.0230712890625,3777.1902111816407
28,127,487,65.7267074584961,3818.0644362640382
28,127,488,66.48307800292969,3862.0020011901856
28,127,489,67.05221557617188,3895.0632028198243
28,127,566,60.0333251953125,3487.3358605957033
28,129,427,59.96665573120117,3483.4630314254764
28,133,329,51.41984176635742,2986.978608207703
28,138,354,52.076866149902344,3025.1451546478274
28,139,361,52.076866149902344,3025.1451546478274
28,139,366,53.40412139892578,3102.245412063599
28,148,349,53.96295166015625,3134.7078619384765
28,150,360,54.18486785888672,3147.59897392273
28,152,360,54.918121337890625,3190.1936685180667
28,152,479,58.685604095458984,3409.0467419052125
28,152,480,58.99152374267578,3426.8176142120365
28,152,481,59.36328887939453,3448.4134510040285
28,152,482,59.79966735839844,3473.7626768493656
28,152,483,60.16643524169922,3495.068223190308
28,152,484,60.13318634033203,3493.1367945098877
28,152,485,60.13318634033203,3493.1367945098877
28,152,486,60.06663131713867,3489.2706132125854
28,152,487,60.0333251953125,3487.3358605957033
28,152,488,60.06663131713867,3489.2706132125854
28,152,489,60.13318634033203,3493.1367945098877
28,152,490,60.16643524169922,3495.068223190308
28,152,491,60.266075134277344,3500.856304550171
28,152,492,60.16643524169922,3495.068223190308
28,152,493,60.13318634033203,3493.1367945098877
28,152,494,60.16643524169922,3495.068223190308
28,152,495,59.69924545288086,3467.9291683578494
28,152,496,59.26213073730469,3442.5371745300295
28,152,497,58.88972854614258,3420.904331245423
28,152,498,58.583274841308594,3403.1024355316163
28,152,499,58.343807220458984,3389.1917614364625
28,152,500,58.172157287597656,3379.220616836548
28,152,501,58.06892395019531,3373.223792266846
28,152,502,58.03447341918945,3371.2225609207158
28,152,503,58.06892395019531,3373.223792266846
28,152,504,58.172157287597656,3379.220616836548
28,152,505,58.343807220458984,3389.1917614364625
28,152,506,58.583274841308594,3403.1024355316163
28,152,507,58.88972854614258,3420.904331245423
28,152,508,59.26213073730469,3442.5371745300295
28,152,509,59.69924545288086,3467.9291683578494
28,152,510,60.199668884277344,3496.998765487671
28,152,511,60.7618293762207,3529.654668464661
28,152,512,61.384037017822266,3565.798710365296
28,152,513,62.064483642578125,3605.3258547973637
28,152,514,62.28964614868164,3618.405544776917
28,152,515,62.321746826171875,3620.2702731323243
28,152,516,62.417945861816406,3625.858475112915
28,152,517,62.257530212402344,3616.5399300384524
28,152,518,62.12889862060547,3609.0677208709717
28,152,519,62.032249450683594,3603.4533705902104
28,152,520,62.0,3601.5800000000004
28,152,521,61.90314865112305,3595.953905143738
28,156,479,59.160797119140625,3436.650704650879
28,156,480,59.5315055847168,3458.185159416199
28,156,481,59.96665573120117,3483.4630314254764
28,156,482,60.266075134277344,3500.856304550171
28,156,483,60.16643524169922,3495.068223190308
28,156,484,60.13318634033203,3493.1367945098877
28,156,485,60.13318634033203,3493.1367945098877
28,156,486,60.13318634033203,3493.1367945098877
28,156,487,60.13318634033203,3493.1367945098877
28,162,360,53.851646423339844,3128.2421407318116
28,162,461,62.0,3601.5800000000004
28,163,461,62.032249450683594,3603.4533705902104
28,163,522,64.06246948242188,3721.388852233887
28,164,461,62.12889862060547,3609.0677208709717
28,164,522,64.15605926513672,3726.825482711792
28,164,587,57.827327728271484,3359.1894677352907
28,165,360,54.18486785888672,3147.59897392273
28,165,460,62.321746826171875,3620.2702731323243
28,165,521,63.84355926513672,3708.6723577117923
28,166,460,62.545982360839844,3633.2961153411866
28,166,466,61.773780822753906,3588.4389279937745
28,166,467,61.28621292114258,3560.1161085891727
28,166,468,60.860496520996094,3535.3862429046635
28,166,469,60.49793243408203,3514.3248950958255
28,166,470,60.199668884277344,3496.998765487671
28,166,471,59.96665573120117,3483.4630314254764
28,166,472,59.79966735839844,3473.7626768493656
28,166,473,59.69924545288086,3467.9291683578494
28,166,474,59.66573715209961,3465.9826711654664
28,166,475,59.69924545288086,3467.9291683578494
28,166,476,59.79966735839844,3473.7626768493656
28,166,477,59.96665573120117,3483.4630314254764
28,166,478,60.199668884277344,3496.998765487671
28,166,479,60.16643524169922,3495.068223190308
28,166,480,60.06663131713867,3489.2706132125854
28,166,481,60.0333251953125,3487.3358605957033
28,166,482,60.06663131713867,3489.2706132125854
28,166,483,60.16643524169922,3495.068223190308
28,166,484,60.33241271972656,3504.709854888916
28,166,485,60.33241271972656,3504.709854888916
28,166,486,60.16643524169922,3495.068223190308
28,166,487,60.06663131713867,3489.2706132125854
28,166,521,64.06246948242188,3721.388852233887
28,166,571,58.03447341918945,3371.2225609207158
28,167,463,62.928531646728516,3655.5184033584596
28,167,464,62.801273345947266,3648.125968666077
28,167,465,62.64183807373047,3638.8643737030034
28,167,521,64.34283447265625,3737.675254516602
28,168,462,63.18227767944336,3670.258510398865
28,168,520,64.28063201904297,3734.0619139862065
28,169,326,52.99056625366211,3078.221993675232
28,169,331,52.038448333740234,3022.9134637069706
28,169,520,64.68384552001953,3757.484586257935
28,169,565,58.13776779174805,3377.2229310226444
28,170,520,64.34283447265625,3737.675254516602
28,171,336,52.038448333740234,3022.9134637069706
28,171,519,63.65532302856445,3697.737714729309
28,172,445,64.28063201904297,3734.0619139862065
28,172,519,63.30876541137695,3677.6061827468875
28,172,527,66.87301635742188,3884.653520202637
28,173,460,65.54387664794922,3807.4437944793704
28,173,519,63.0238037109375,3661.0527575683595
28,173,526,65.90902709960938,3828.655384216309
28,174,518,62.57794952392578,3635.153087844849
28,174,525,65.05382537841797,3778.9767162323
28,175,518,62.385894775390625,3623.9966275024417
28,175,524,64.31173706054688,3735.868805847168
28,176,518,62.22539520263672,3614.6732073211674
28,176,523,63.68673324584961,3699.562334251404
28,177,517,61.64413833618164,3580.9079959487917
28,177,522,63.18227767944336,3670.258510398865
28,178,411,56.178287506103516,3263.3967212295533
28,178,517,61.61168670654297,3579.0228807830813
28,178,521,62.801273345947266,3648.125968666077
28,179,517,61.61168670654297,3579.0228807830813
28,179,520,62.513999938964844,3631.438256454468
28,180,516,61.22091293334961,3556.322832298279
28,180,519,62.321746826171875,3620.2702731323243
28,181,516,61.31884002685547,3562.0114171600344
28,181,518,62.22539520263672,3614.6732073211674
28,182,324,50.5173225402832,2934.5512663650516
28,183,516,61.7089958190918,3584.6755671310425
28,184,634,55.17245864868164,3204.9681229019166
28,185,324,50.39841079711914,2927.643683204651
28,185,515,62.0,3601.5800000000004
28,185,672,52.191951751708984,3031.830477256775
28,185,675,50.19960021972656,2916.0947767639163
28,186,455,60.663002014160156,3523.913787002564
28,186,515,61.64413833618164,3580.9079959487917
28,187,455,60.56401443481445,3518.1635985183716
28,187,514,61.48170471191406,3571.4722267150883
28,188,455,60.530982971191406,3516.244800796509
28,188,514,61.122825622558594,3550.6249404144287
28,189,454,60.8276252746582,3533.476752204895
28,189,514,60.8276252746582,3533.476752204895
28,190,454,60.8276252746582,3533.476752204895
28,190,472,61.057350158691406,3546.821470718384
28,190,486,61.057350158691406,3546.821470718384
28,190,487,61.35144805908203,3563.9056177520756
28,190,488,61.7089958190918,3584.6755671310425
28,190,489,62.12889862060547,3609.0677208709717
28,190,513,60.8276252746582,3533.476752204895
28,191,319,52.076866149902344,3025.1451546478274
28,191,454,60.8276252746582,3533.476752204895
28,191,472,60.8276252746582,3533.476752204895
28,191,483,60.860496520996094,3535.3862429046635
28,191,484,60.95900344848633,3541.108510322571
28,191,485,61.122825622558594,3550.6249404144287
28,191,513,60.530982971191406,3516.244800796509
28,192,454,60.860496520996094,3535.3862429046635
28,192,471,60.43177795410156,3510.48198135376
28,192,480,61.31884002685547,3562.0114171600344
28,192,481,61.22091293334961,3556.322832298279
28,192,482,61.188232421875,3554.424421386719
28,192,513,60.29925537109375,3502.7837445068362
28,192,547,58.172157287597656,3379.220616836548
28,193,454,60.95900344848633,3541.108510322571
28,193,471,60.33241271972656,3504.709854888916
28,193,477,61.057350158691406,3546.821470718384
28,193,478,61.35144805908203,3563.9056177520756
28,193,479,61.7089958190918,3584.6755671310425
28,193,490,63.43500518798828,3684.9394513702396
28,193,512,60.16643524169922,3495.068223190308
28,193,546,58.03447341918945,3371.2225609207158
28,194,454,61.122825622558594,3550.6249404144287
28,194,474,60.33241271972656,3504.709854888916
28,194,475,60.43177795410156,3510.48198135376
28,194,476,60.59703063964844,3520.081509857178
28,194,490,63.749507904052734,3703.2089141464235
28,194,512,60.06663131713867,3489.2706132125854
28,194,515,60.0333251953125,3487.3358605957033
28,194,545,58.03447341918945,3371.2225609207158
28,194,734,50.15974426269531,2913.779544219971
28,195,454,60.860496520996094,3535.3862429046635
28,195,473,60.13318634033203,3493.1367945098877
28,195,489,64.18722534179688,3728.635920104981
28,195,514,60.0333251953125,3487.3358605957033
28,195,544,58.172157287597656,3379.220616836548
28,196,454,60.56401443481445,3518.1635985183716
28,196,470,60.06663131713867,3489.2706132125854
28,196,489,64.77654266357422,3762.869363327027
28,196,543,58.30952072143555,3387.200058708191
28,197,454,60.33241271972656,3504.709854888916
28,197,469,60.0,3485.4
28,197,489,65.3299331665039,3795.015817642212
28,197,511,60.0333251953125,3487.3358605957033
28,197,542,58.583274841308594,3403.1024355316163
28,198,418,62.545982360839844,3633.2961153411866
28,198,454,60.16643524169922,3495.068223190308
28,198,468,60.0333251953125,3487.3358605957033
28,198,488,65.2686767578125,3791.4574328613285
28,198,511,60.06663131713867,3489.2706132125854
28,198,541,58.99152374267578,3426.8176142120365
28,199,454,60.06663131713867,3489.2706132125854
28,199,467,60.16643524169922,3495.068223190308
28,199,488,65.54387664794922,3807.4437944793704
28,199,510,60.266075134277344,3500.856304550171
28,199,540,59.5315055847168,3458.185159416199
28,200,454,60.0333251953125,3487.3358605957033
28,200,466,60.43177795410156,3510.48198135376
28,200,488,65.87867736816406,3826.8923683166504
28,200,510,60.33241271972656,3504.709854888916
28,200,539,60.199668884277344,3496.998765487671
28,200,547,58.30952072143555,3387.200058708191
28,201,454,60.0333251953125,3487.3358605957033
28,201,465,60.8276252746582,3533.476752204895
28,201,470,60.13318634033203,3493.1367945098877
28,201,487,65.6353530883789,3812.757660903931
28,201,510,60.43177795410156,3510.48198135376
28,201,538,60.33241271972656,3504.709854888916
28,201,546,58.583274841308594,3403.1024355316163
28,202,454,60.0333251953125,3487.3358605957033
28,202,464,60.8276252746582,3533.476752204895
28,202,469,60.33241271972656,3504.709854888916
28,202,509,60.8276252746582,3533.476752204895
28,202,537,60.13318634033203,3493.1367945098877
28,202,545,58.99152374267578,3426.8176142120365
28,203,454,60.0333251953125,3487.3358605957033
28,203,463,60.8276252746582,3533.476752204895
28,203,468,60.663002014160156,3523.913787002564
28,203,485,65.05382537841797,3778.9767162323
28,203,509,61.057350158691406,3546.821470718384
28,203,536,60.06663131713867,3489.2706132125854
28,203,544,59.5315055847168,3458.185159416199
28,204,454,60.0,3485.4
28,204,462,60.95900344848633,3541.108510322571
28,204,467,61.122825622558594,3550.6249404144287
28,204,485,65.3299331665039,3795.015817642212
28,204,509,61.35144805908203,3563.9056177520756
28,204,535,60.13318634033203,3493.1367945098877
28,204,543,60.199668884277344,3496.998765487671
28,205,454,60.0333251953125,3487.3358605957033
28,205,461,60.95900344848633,3541.108510322571
28,205,466,61.7089958190918,3584.6755671310425
28,205,485,65.6353530883789,3812.757660903931
28,205,508,62.0,3601.5800000000004
28,205,534,60.33241271972656,3504.709854888916
28,205,542,60.13318634033203,3493.1367945098877
28,205,603,56.28498840332031,3269.594976348877
28,205,624,55.02726745605469,3196.533966522217
28,206,454,60.0,3485.4
28,206,460,60.56401443481445,3518.1635985183716
28,206,465,62.12889862060547,3609.0677208709717
28,206,470,61.61168670654297,3579.0228807830813
28,206,484,65.3299331665039,3795.015817642212
28,206,508,62.417945861816406,3625.858475112915
28,206,533,60.16643524169922,3495.068223190308
28,206,541,60.06663131713867,3489.2706132125854
28,207,454,60.0333251953125,3487.3358605957033
28,207,459,60.29925537109375,3502.7837445068362
28,207,464,62.064483642578125,3605.3258547973637
28,207,469,62.12889862060547,3609.0677208709717
28,207,484,65.66581726074219,3814.5273246765137
28,207,508,62.8967399597168,3653.671624259949
28,207,532,60.0333251953125,3487.3358605957033
28,207,540,60.13318634033203,3493.1367945098877
28,208,454,60.06663131713867,3489.2706132125854
28,208,458,60.13318634033203,3493.1367945098877
28,208,463,61.61168670654297,3579.0228807830813
28,208,468,62.545982360839844,3633.2961153411866
28,208,484,66.06057739257812,3837.4589407348635
28,208,507,63.78087615966797,3705.0310961151126
28,208,531,60.0333251953125,3487.3358605957033
28,208,539,60.29925537109375,3502.7837445068362
28,208,646,54.147945404052734,3145.4541485214236
28,209,457,60.06663131713867,3489.2706132125854
28,209,462,61.22091293334961,3556.322832298279
28,209,467,62.28964614868164,3618.405544776917
28,209,483,66.0,3833.94
28,209,507,64.37390899658203,3739.4803736114504
28,209,530,60.16643524169922,3495.068223190308
28,209,538,60.56401443481445,3518.1635985183716
28,210,456,60.13318634033203,3493.1367945098877
28,210,461,60.95900344848633,3541.108510322571
28,210,466,62.16107940673828,3610.937102737427
28,210,483,66.51315307617188,3863.7490621948245
28,210,507,65.0230712890625,3777.1902111816407
28,210,510,63.78087615966797,3705.0310961151126
28,210,529,60.43177795410156,3510.48198135376
28,210,537,60.95900344848633,3541.108510322571
28,211,460,60.8276252746582,3533.476752204895
28,211,465,62.16107940673828,3610.937102737427
28,211,483,66.87301635742188,3884.653520202637
28,211,492,69.91423034667969,4061.3176408386234
28,211,506,65.23802947998047,3789.6771324920655
28,211,509,63.65532302856445,3697.737714729309
28,211,528,60.56401443481445,3518.1635985183716
28,211,536,60.56401443481445,3518.1635985183716
28,212,459,60.8276252746582,3533.476752204895
28,212,464,62.28964614868164,3618.405544776917
28,212,482,65.90902709960938,3828.655384216309
28,212,491,68.76045227050781,3994.294672393799
28,212,508,63.65532302856445,3697.737714729309
28,212,527,60.8276252746582,3533.476752204895
28,212,535,60.29925537109375,3502.7837445068362
28,213,463,62.417945861816406,3625.858475112915
28,213,482,65.6353530883789,3812.757660903931
28,213,490,67.70524597167969,3932.9977384948734
28,213,526,61.22091293334961,3556.322832298279
28,213,534,60.16643524169922,3495.068223190308
28,214,450,60.0333251953125,3487.3358605957033
28,214,457,61.057350158691406,3546.821470718384
28,214,462,62.35382843017578,3622.1338935089116
28,214,482,65.42170715332031,3800.346968536377
28,214,489,66.75328063964844,3877.698072357178
28,214,505,64.68384552001953,3757.484586257935
28,214,525,61.741397857666016,3586.557801551819
28,214,533,60.16643524169922,3495.068223190308
28,214,639,56.32051086425781,3271.6584761047366
28,214,672,54.07402420043945,3141.160065803528
28,215,438,59.96665573120117,3483.4630314254764
28,215,443,59.69924545288086,3467.9291683578494
28,215,446,60.199668884277344,3496.998765487671
28,215,450,60.06663131713867,3489.2706132125854
28,215,456,60.860496520996094,3535.3862429046635
28,215,461,62.417945861816406,3625.858475112915
28,215,475,62.417945861816406,3625.858475112915
28,215,481,64.68384552001953,3757.484586257935
28,215,488,65.90902709960938,3828.655384216309
28,215,504,64.62197875976562,3753.8907461547856
28,215,524,62.12889862060547,3609.0677208709717
28,215,532,60.29925537109375,3502.7837445068362
28,215,550,59.766212463378906,3471.8192819976807
28,215,560,62.67375946044922,3640.718687057495
28,215,561,62.67375946044922,3640.718687057495
28,216,436,60.06663131713867,3489.2706132125854
28,216,438,59.5315055847168,3458.185159416199
28,216,445,59.5315055847168,3458.185159416199
28,216,450,60.16643524169922,3495.068223190308
28,216,456,60.95900344848633,3541.108510322571
28,216,460,62.60990524291992,3637.0093955612183
28,216,474,62.16107940673828,3610.937102737427
28,216,481,64.59101867675781,3752.0922749328615
28,216,487,65.17668151855469,3786.113429412842
28,216,503,64.56005096435547,3750.2933605194094
28,216,523,61.48170471191406,3571.4722267150883
28,216,531,60.56401443481445,3518.1635985183716
28,216,550,59.396968841552734,3450.3699200057986
28,216,556,60.8276252746582,3533.476752204895
28,216,558,61.61168670654297,3579.0228807830813
28,216,559,62.09669876098633,3607.197231025696
28,217,438,59.160797119140625,3436.650704650879
28,217,449,60.43177795410156,3510.48198135376
28,217,456,61.122825622558594,3550.6249404144287
28,217,459,62.0,3601.5800000000004
28,217,473,62.032249450683594,3603.4533705902104
28,217,481,64.56005096435547,3750.2933605194094
28,217,486,64.56005096435547,3750.2933605194094
28,217,502,64.62197875976562,3753.8907461547856
28,217,522,60.95900344848633,3541.108510322571
28,217,530,60.95900344848633,3541.108510322571
28,217,550,59.09314727783203,3432.720925369263
28,217,555,60.530982971191406,3516.244800796509
28,218,434,60.0333251953125,3487.3358605957033
28,218,437,59.09314727783203,3432.720925369263
28,218,442,58.54912567138672,3401.1187102508547
28,218,449,60.199668884277344,3496.998765487671
28,218,455,60.860496520996094,3535.3862429046635
28,218,458,61.35144805908203,3563.9056177520756
28,218,473,62.032249450683594,3603.4533705902104
28,218,480,64.03124237060547,3719.574869308472
28,218,485,63.937469482421875,3714.127602233887
28,218,521,60.56401443481445,3518.1635985183716
28,218,529,61.48170471191406,3571.4722267150883
28,218,550,58.85575485229492,3418.930799369812
28,218,554,60.29925537109375,3502.7837445068362
28,218,639,56.28498840332031,3269.594976348877
28,219,420,60.728904724121094,3527.7420754241944
28,219,433,60.16643524169922,3495.068223190308
28,219,437,58.85575485229492,3418.930799369812
28,219,441,58.30952072143555,3387.200058708191
28,219,449,59.96665573120117,3483.4630314254764
28,219,455,60.56401443481445,3518.1635985183716
28,219,457,60.8276252746582,3533.476752204895
28,219,480,63.749507904052734,3703.2089141464235
28,219,484,63.24555206298828,3673.9341193389896
28,219,499,64.06246948242188,3721.388852233887
28,219,521,60.530982971191406,3516.244800796509
28,219,528,62.12889862060547,3609.0677208709717
28,219,550,58.685604095458984,3409.0467419052125
28,219,553,59.79966735839844,3473.7626768493656
28,220,432,60.06663131713867,3489.2706132125854
28,220,437,58.685604095458984,3409.0467419052125
28,220,440,58.172157287597656,3379.220616836548
28,220,448,59.36328887939453,3448.4134510040285
28,220,472,62.0,3601.5800000000004
28,220,480,63.150611877441406,3668.4190439605713
28,220,483,62.67375946044922,3640.718687057495
28,220,498,63.68673324584961,3699.562334251404
28,220,520,60.29925537109375,3502.7837445068362
28,220,527,62.57794952392578,3635.153087844849
28,220,552,59.26213073730469,3442.5371745300295
28,221,431,60.0,3485.4
28,221,436,58.88972854614258,3420.904331245423
28,221,439,58.172157287597656,3379.220616836548
28,221,448,59.26213073730469,3442.5371745300295
28,221,455,60.16643524169922,3495.068223190308
28,221,472,62.0,3601.5800000000004
28,221,479,62.7694206237793,3646.2756440353396
28,221,482,62.22539520263672,3614.6732073211674
28,221,497,63.43500518798828,3684.9394513702396
28,221,520,60.29925537109375,3502.7837445068362
28,221,526,62.64183807373047,3638.8643737030034
28,222,431,60.0,3485.4
28,222,436,58.85575485229492,3418.930799369812
28,222,438,58.30952072143555,3387.200058708191
28,222,448,59.228370666503906,3440.576052017212
28,222,454,60.0333251953125,3487.3358605957033
28,222,471,62.0,3601.5800000000004
28,222,479,62.22539520263672,3614.6732073211674
28,222,481,61.90314865112305,3595.953905143738
28,222,496,63.30876541137695,3677.6061827468875
28,222,520,60.33241271972656,3504.709854888916
28,222,525,62.12889862060547,3609.0677208709717
28,222,549,58.343807220458984,3389.1917614364625
28,223,373,57.30619430541992,3328.9168272018433
28,223,447,58.85575485229492,3418.930799369812
28,223,453,60.0333251953125,3487.3358605957033
28,223,471,62.032249450683594,3603.4533705902104
28,223,495,63.30876541137695,3677.6061827468875
28,223,519,60.266075134277344,3500.856304550171
28,223,524,61.741397857666016,3586.557801551819
28,223,548,58.27520751953125,3385.2068048095707
28,224,430,60.16643524169922,3495.068223190308
28,224,436,58.99152374267578,3426.8176142120365
28,224,447,58.88972854614258,3420.904331245423
28,224,452,60.16643524169922,3495.068223190308
28,224,471,62.064483642578125,3605.3258547973637
28,224,479,61.31884002685547,3562.0114171600344
28,224,494,63.43500518798828,3684.9394513702396
28,224,519,60.43177795410156,3510.48198135376
28,224,523,61.48170471191406,3571.4722267150883
28,224,547,58.343807220458984,3389.1917614364625
28,225,430,60.33241271972656,3504.709854888916
28,225,435,59.5315055847168,3458.185159416199
28,225,447,58.99152374267578,3426.8176142120365
28,225,451,60.43177795410156,3510.48198135376
28,225,470,62.12889862060547,3609.0677208709717
28,225,478,61.122825622558594,3550.6249404144287
28,225,493,63.150611877441406,3668.4190439605713
28,225,519,60.663002014160156,3523.913787002564
28,225,522,61.35144805908203,3563.9056177520756
28,225,546,58.54912567138672,3401.1187102508547
28,225,554,60.69596481323242,3525.8285960006715
28,225,668,54.147945404052734,3145.4541485214236
28,226,389,58.13776779174805,3377.2229310226444
28,226,430,60.56401443481445,3518.1635985183716
28,226,435,59.766212463378906,3471.8192819976807
28,226,446,58.85575485229492,3418.930799369812
28,226,450,60.464866638183594,3512.404103012085
28,226,470,62.257530212402344,3616.5399300384524
28,226,478,60.8276252746582,3533.476752204895
28,226,492,62.385894775390625,3623.9966275024417
28,226,518,60.860496520996094,3535.3862429046635
28,226,521,61.35144805908203,3563.9056177520756
28,226,546,58.583274841308594,3403.1024355316163
28,226,552,60.06663131713867,3489.2706132125854
28,226,553,60.49793243408203,3514.3248950958255
28,227,429,60.266075134277344,3500.856304550171
28,227,434,60.49793243408203,3514.3248950958255
28,227,446,59.09314727783203,3432.720925369263
28,227,449,60.199668884277344,3496.998765487671
28,227,470,62.417945861816406,3625.858475112915
28,227,477,60.8276252746582,3533.476752204895
28,227,491,61.741397857666016,3586.557801551819
28,227,518,61.22091293334961,3556.322832298279
28,227,520,61.48170471191406,3571.4722267150883
28,227,549,59.5315055847168,3458.185159416199
28,227,550,59.766212463378906,3471.8192819976807
28,227,551,60.06663131713867,3489.2706132125854
28,228,429,60.16643524169922,3495.068223190308
28,228,434,60.8276252746582,3533.476752204895
28,228,448,60.06663131713867,3489.2706132125854
28,228,469,62.417945861816406,3625.858475112915
28,228,477,60.663002014160156,3523.913787002564
28,228,490,61.22091293334961,3556.322832298279
28,228,548,59.5315055847168,3458.185159416199
28,229,429,60.13318634033203,3493.1367945098877
28,229,434,61.122825622558594,3550.6249404144287
28,229,469,62.513999938964844,3631.438256454468
28,229,477,60.56401443481445,3518.1635985183716
28,229,489,60.8276252746582,3533.476752204895
28,229,518,62.12889862060547,3609.0677208709717
28,229,545,58.685604095458984,3409.0467419052125
28,230,428,60.0333251953125,3487.3358605957033
28,230,433,60.95900344848633,3541.108510322571
28,230,445,59.96665573120117,3483.4630314254764
28,230,469,62.513999938964844,3631.438256454468
28,230,476,60.59703063964844,3520.081509857178
28,230,488,60.56401443481445,3518.1635985183716
28,230,517,62.64183807373047,3638.8643737030034
28,230,544,58.61740493774414,3405.0850528335573
28,231,428,60.0333251953125,3487.3358605957033
28,231,433,60.860496520996094,3535.3862429046635
28,231,445,60.464866638183594,3512.404103012085
28,231,468,62.321746826171875,3620.2702731323243
28,231,476,60.43177795410156,3510.48198135376
28,231,487,60.43177795410156,3510.48198135376
28,231,517,63.24555206298828,3673.9341193389896
28,231,543,58.685604095458984,3409.0467419052125
28,231,572,60.0333251953125,3487.3358605957033
28,232,428,60.0,3485.4
28,232,433,60.56401443481445,3518.1635985183716
28,232,444,60.860496520996094,3535.3862429046635
28,232,468,62.417945861816406,3625.858475112915
28,232,476,60.33241271972656,3504.709854888916
28,232,486,60.33241271972656,3504.709854888916
28,232,516,63.937469482421875,3714.127602233887
28,232,542,58.88972854614258,3420.904331245423
28,233,427,60.0,3485.4
28,233,432,60.29925537109375,3502.7837445068362
28,233,444,61.48170471191406,3571.4722267150883
28,233,468,62.12889862060547,3609.0677208709717
28,233,475,60.43177795410156,3510.48198135376
28,233,485,60.266075134277344,3500.856304550171
28,233,516,64.65291595458984,3755.6878878021244
28,233,541,59.228370666503906,3440.576052017212
28,233,553,58.13776779174805,3377.2229310226444
28,234,427,60.0333251953125,3487.3358605957033
28,234,432,60.13318634033203,3493.1367945098877
28,234,444,62.16107940673828,3610.937102737427
28,234,467,62.35382843017578,3622.1338935089116
28,234,475,60.266075134277344,3500.856304550171
28,234,484,60.266075134277344,3500.856304550171
28,234,516,64.49806213378906,3746.692429351807
28,234,540,59.69924545288086,3467.9291683578494
28,235,427,60.13318634033203,3493.1367945098877
28,235,432,60.0333251953125,3487.3358605957033
28,235,443,62.22539520263672,3614.6732073211674
28,235,467,62.0,3601.5800000000004
28,235,475,60.13318634033203,3493.1367945098877
28,235,483,60.33241271972656,3504.709854888916
28,235,515,64.28063201904297,3734.0619139862065
28,235,539,60.29925537109375,3502.7837445068362
28,236,426,60.0333251953125,3487.3358605957033
28,236,431,60.0333251953125,3487.3358605957033
28,236,443,62.12889862060547,3609.0677208709717
28,236,467,61.7089958190918,3584.6755671310425
28,236,474,60.06663131713867,3489.2706132125854
28,236,482,60.266075134277344,3500.856304550171
28,236,515,64.1248779296875,3725.014158935547
28,236,537,61.188232421875,3554.424421386719
28,236,538,61.02458572387695,3544.9181847000123
28,237,426,60.06663131713867,3489.2706132125854
28,237,431,60.06663131713867,3489.2706132125854
28,237,443,62.09669876098633,3607.197231025696
28,237,466,61.90314865112305,3595.953905143738
28,237,474,60.0333251953125,3487.3358605957033
28,237,480,60.16643524169922,3495.068223190308
28,237,481,60.33241271972656,3504.709854888916
28,237,515,64.03124237060547,3719.574869308472
28,237,534,61.90314865112305,3595.953905143738
28,237,535,61.741397857666016,3586.557801551819
28,237,536,61.64413833618164,3580.9079959487917
28,238,426,60.16643524169922,3495.068223190308
28,238,431,60.0333251953125,3487.3358605957033
28,238,442,61.61168670654297,3579.0228807830813
28,238,466,61.741397857666016,3586.557801551819
28,238,477,60.13318634033203,3493.1367945098877
28,238,478,60.13318634033203,3493.1367945098877
28,238,479,60.16643524169922,3495.068223190308
28,238,514,64.03124237060547,3719.574869308472
28,238,531,63.24555206298828,3673.9341193389896
28,238,532,62.8967399597168,3653.671624259949
28,238,533,62.60990524291992,3637.0093955612183
28,238,637,54.33230972290039,3156.1638718032837
28,239,425,60.29925537109375,3502.7837445068362
28,239,430,60.0333251953125,3487.3358605957033
28,239,442,61.64413833618164,3580.9079959487917
28,239,466,61.64413833618164,3580.9079959487917
28,239,476,60.16643524169922,3495.068223190308
28,239,514,64.0,3717.76
28,239,528,65.17668151855469,3786.113429412842
28,239,529,64.65291595458984,3755.6878878021244
28,239,530,64.18722534179688,3728.635920104981
28,240,430,60.13318634033203,3493.1367945098877
28,240,442,61.741397857666016,3586.557801551819
28,240,465,62.09669876098633,3607.197231025696
28,240,473,60.0,3485.4
28,240,514,64.03124237060547,3719.574869308472
28,240,525,66.60330200195312,3868.9858132934573
28,240,526,66.96267700195312,3889.8619070434574
28,240,527,66.3324966430664,3853.2547299957278
28,241,430,60.29925537109375,3502.7837445068362
28,241,441,61.48170471191406,3571.4722267150883
28,241,465,62.12889862060547,3609.0677208709717
28,241,471,60.16643524169922,3495.068223190308
28,241,472,60.06663131713867,3489.2706132125854
28,241,513,64.1248779296875,3725.014158935547
28,241,522,65.39112854003906,3798.5706568908695
28,241,523,65.78753662109375,3821.598002319336
28,241,524,66.24198150634766,3847.9967057037356
28,242,429,60.56401443481445,3518.1635985183716
28,242,441,61.7089958190918,3584.6755671310425
28,242,468,60.95900344848633,3541.108510322571
28,242,469,60.663002014160156,3523.913787002564
28,242,470,60.43177795410156,3510.48198135376
28,242,513,64.28063201904297,3734.0619139862065
28,242,519,64.77654266357422,3762.869363327027
28,242,520,64.9923095703125,3775.4032629394533
28,242,521,65.2686767578125,3791.4574328613285
28,243,441,62.0,3601.5800000000004
28,243,467,61.48170471191406,3571.4722267150883
28,243,516,64.62197875976562,3753.8907461547856
28,243,517,64.77654266357422,3762.869363327027
28,243,518,64.8999252319336,3770.0366567230226
28,244,440,62.0,3601.5800000000004
28,244,464,63.150611877441406,3668.4190439605713
28,244,515,64.80740356445312,3764.662073059082
28,245,440,62.35382843017578,3622.1338935089116
28,245,463,64.03124237060547,3719.574869308472
28,246,440,62.7694206237793,3646.2756440353396
28,246,462,65.0230712890625,3777.1902111816407
28,247,439,62.8967399597168,3653.671624259949
28,247,461,66.12110137939453,3840.9747791290283
28,248,439,63.43500518798828,3684.9394513702396
28,248,460,67.26068878173828,3907.173411331177
28,249,382,65.42170715332031,3800.346968536377
28,249,439,64.03124237060547,3719.574869308472
28,249,459,68.38128662109375,3972.268939819336
28,250,438,64.31173706054688,3735.868805847168
28,250,458,69.54135131835938,4039.6570980834963
28,250,667,50.19960021972656,2916.0947767639163
28,250,675,53.88877487182617,3130.3989323043825
28,251,438,64.52906036376953,3748.4931165313724
28,251,457,70.68238830566406,4105.939936676025
28,252,456,70.48403930664062,4094.417843322754
28,253,450,68.76045227050781,3994.294672393799
28,253,451,69.07966613769531,4012.837805938721
28,253,452,69.45502471923828,4034.642385940552
28,253,453,69.8856201171875,4059.6556726074223
28,253,455,70.028564453125,4067.9593090820313
28,253,706,49.030601501464844,2848.187641220093
28,254,447,67.3498306274414,3912.3516611480713
28,254,448,67.4981460571289,3920.9673044586184
28,254,449,67.70524597167969,3932.9977384948734
28,254,626,56.46237564086914,3279.8994009780886
28,255,444,66.21178436279297,3846.2425536346436
28,255,445,66.24198150634766,3847.9967057037356
28,255,446,66.3324966430664,3853.2547299957278
28,256,441,65.6353530883789,3812.757660903931
28,256,442,65.51335906982422,3805.671028366089
28,256,443,65.42170715332031,3800.346968536377
28,264,444,60.8276252746582,3533.476752204895
28,265,308,57.026309967041016,3312.658345985413
28,265,444,60.530982971191406,3516.244800796509
28,265,618,58.446556091308594,3395.1604433441166
28,266,443,60.33241271972656,3504.709854888916
28,267,443,60.16643524169922,3495.068223190308
28,267,590,58.13776779174805,3377.2229310226444
28,268,443,60.06663131713867,3489.2706132125854
28,269,442,60.13318634033203,3493.1367945098877
28,269,691,51.45872116088867,2989.237112236023
28,270,442,60.06663131713867,3489.2706132125854
28,271,442,60.0333251953125,3487.3358605957033
28,272,441,60.16643524169922,3495.068223190308
28,273,441,60.266075134277344,3500.856304550171
28,274,441,60.43177795410156,3510.48198135376
28,275,440,60.8276252746582,3533.476752204895
28,275,691,50.793701171875,2950.6061010742187
28,276,440,61.122825622558594,3550.6249404144287
28,277,440,61.48170471191406,3571.4722267150883
28,277,646,54.625999450683594,3173.2243080902103
28,278,439,62.12889862060547,3609.0677208709717
28,278,647,54.918121337890625,3190.1936685180667
28,279,439,62.417945861816406,3625.858475112915
28,280,433,62.801273345947266,3648.125968666077
28,280,439,62.64183807373047,3638.8643737030034
28,281,432,63.30876541137695,3677.6061827468875
28,281,438,62.83311080932617,3649.9754069137575
28,281,693,51.02940368652344,2964.2980601501467
28,282,431,63.937469482421875,3714.127602233887
28,282,438,63.18227767944336,3670.258510398865
28,282,472,64.9923095703125,3775.4032629394533
28,283,430,64.68384552001953,3757.484586257935
28,283,438,63.59245300292969,3694.0855949401857
28,283,471,65.54387664794922,3807.4437944793704
28,284,429,65.39112854003906,3798.5706568908695
28,284,437,64.03124237060547,3719.574869308472
28,284,471,65.87867736816406,3826.8923683166504
28,285,428,66.0,3833.94
28,285,437,64.56005096435547,3750.2933605194094
28,285,470,66.60330200195312,3868.9858132934573
28,286,427,66.72331237792969,3875.9572160339358
28,286,437,65.14598846435547,3784.3304698944094
28,286,450,68.5273666381836,3980.7547280120853
28,286,469,67.43885803222656,3917.5232630920414
28,287,426,67.3498306274414,3912.3516611480713
28,287,436,65.78753662109375,3821.598002319336
28,287,449,69.05070495605469,4011.155450897217
28,287,468,68.38128662109375,3972.268939819336
28,288,425,67.23094177246094,3905.445407562256
28,288,436,66.48307800292969,3862.0020011901856
28,288,448,69.68500518798828,4048.0019513702396
28,288,467,68.818603515625,3997.6726782226565
28,289,424,67.23094177246094,3905.445407562256
28,289,436,67.02238464355469,3893.330323944092
28,289,447,70.028564453125,4067.9593090820313
28,289,466,68.4105224609375,3973.9672497558595
28,289,683,50.03998565673828,2906.8227667999267
28,289,686,50.0,2904.5
28,290,423,67.3498306274414,3912.3516611480713
28,290,435,66.60330200195312,3868.9858132934573
28,290,446,70.028564453125,4067.9593090820313
28,290,465,67.94115447998047,3946.7016637420656
28,291,419,68.6148681640625,3985.8376916503908
28,291,422,67.58698272705078,3926.12782661438
28,291,435,66.39276885986328,3856.755943069458
28,291,445,70.14271545410156,4074.59034072876
28,291,464,67.52777099609375,3922.6882171630864
28,292,419,67.94115447998047,3946.7016637420656
28,292,421,67.70524597167969,3932.9977384948734
28,292,435,66.24198150634766,3847.9967057037356
28,292,444,69.42621612548828,4032.9688947296145
28,292,463,67.23094177246094,3905.445407562256
28,293,434,66.06057739257812,3837.4589407348635
28,293,443,68.67314147949219,3989.2227885437014
28,293,462,67.05221557617188,3895.0632028198243
28,294,419,66.75328063964844,3877.698072357178
28,294,434,66.0302963256836,3835.6999135589604
28,294,442,68.02940368652344,3951.828060150147
28,294,462,66.60330200195312,3868.9858132934573
28,295,434,66.06057739257812,3837.4589407348635
28,295,441,67.4981460571289,3920.9673044586184
28,295,461,66.60330200195312,3868.9858132934573
28,295,551,60.266075134277344,3500.856304550171
28,296,433,66.12110137939453,3840.9747791290283
28,296,440,67.08203887939453,3896.7956385040284
28,296,460,66.72331237792969,3875.9572160339358
28,296,551,60.16643524169922,3495.068223190308
28,297,433,66.12110137939453,3840.9747791290283
28,297,439,66.75328063964844,3877.698072357178
28,297,459,66.72331237792969,3875.9572160339358
28,297,551,60.13318634033203,3493.1367945098877
28,298,433,66.0302963256836,3835.6999135589604
28,298,438,66.51315307617188,3863.7490621948245
28,298,458,66.45298767089844,3860.2540538024905
28,298,551,60.13318634033203,3493.1367945098877
28,298,561,64.62197875976562,3753.8907461547856
28,299,432,65.14598846435547,3784.3304698944094
28,299,437,66.24198150634766,3847.9967057037356
28,299,457,66.27216339111328,3849.7499713897705
28,299,551,60.16643524169922,3495.068223190308
28,299,561,64.65291595458984,3755.6878878021244
28,300,432,64.68384552001953,3757.484586257935
28,300,436,66.06057739257812,3837.4589407348635
28,300,456,66.21178436279297,3846.2425536346436
28,300,551,60.266075134277344,3500.856304550171
28,300,561,64.74565887451172,3761.075324020386
28,301,432,64.28063201904297,3734.0619139862065
28,301,435,64.8999252319336,3770.0366567230226
28,301,455,66.27216339111328,3849.7499713897705
28,301,550,60.33241271972656,3504.709854888916
28,301,561,64.52906036376953,3748.4931165313724
28,302,431,63.56099319458008,3692.258094673157
28,302,434,63.84355926513672,3708.6723577117923
28,302,454,66.45298767089844,3860.2540538024905
28,302,550,60.56401443481445,3518.1635985183716
28,302,561,64.31173706054688,3735.868805847168
28,303,431,62.7694206237793,3646.2756440353396
28,303,433,62.8967399597168,3653.671624259949
28,303,453,66.75328063964844,3877.698072357178
28,303,461,64.31173706054688,3735.868805847168
28,303,550,60.860496520996094,3535.3862429046635
28,304,452,66.0908432006836,3839.21708152771
28,304,460,64.24951171875,3732.254135742188
28,304,549,61.188232421875,3554.424421386719
28,304,561,64.06246948242188,3721.388852233887
28,305,431,61.35144805908203,3563.9056177520756
28,305,451,65.54387664794922,3807.4437944793704
28,305,459,64.31173706054688,3735.868805847168
28,305,549,61.61168670654297,3579.0228807830813
28,305,561,64.03124237060547,3719.574869308472
28,305,722,49.558048248291016,2878.8270227432254
28,306,430,60.7618293762207,3529.654668464661
28,306,450,65.11528015136719,3782.54662399292
28,306,458,64.49806213378906,3746.692429351807
28,306,549,62.09669876098633,3607.197231025696
28,306,561,63.937469482421875,3714.127602233887
28,307,430,60.199668884277344,3496.998765487671
28,307,449,64.80740356445312,3764.662073059082
28,307,457,64.80740356445312,3764.662073059082
28,307,548,62.64183807373047,3638.8643737030034
28,307,560,63.30876541137695,3677.6061827468875
28,308,429,59.79966735839844,3473.7626768493656
28,308,448,64.62197875976562,3753.8907461547856
28,308,456,65.23802947998047,3789.6771324920655
28,308,548,63.087242126464844,3664.737895126343
28,308,560,63.0238037109375,3661.0527575683595
28,309,429,59.36328887939453,3448.4134510040285
28,309,447,64.56005096435547,3750.2933605194094
28,309,455,65.78753662109375,3821.598002319336
28,309,548,63.30876541137695,3677.6061827468875
28,309,560,62.801273345947266,3648.125968666077
28,309,578,61.48170471191406,3571.4722267150883
28,310,429,58.99152374267578,3426.8176142120365
28,310,446,64.62197875976562,3753.8907461547856
28,310,454,66.45298767089844,3860.2540538024905
28,310,547,63.30876541137695,3677.6061827468875
28,310,559,62.417945861816406,3625.858475112915
28,310,566,64.62197875976562,3753.8907461547856
28,310,577,61.741397857666016,3586.557801551819
28,311,428,58.85575485229492,3418.930799369812
28,311,445,64.80740356445312,3764.662073059082
28,311,453,67.23094177246094,3905.445407562256
28,311,547,63.65532302856445,3697.737714729309
28,311,559,62.321746826171875,3620.2702731323243
28,311,566,64.77654266357422,3762.869363327027
28,311,576,62.12889862060547,3609.0677208709717
28,312,428,58.61740493774414,3405.0850528335573
28,312,444,63.84355926513672,3708.6723577117923
28,312,452,67.05221557617188,3895.0632028198243
28,312,547,64.06246948242188,3721.388852233887
28,312,559,62.28964614868164,3618.405544776917
28,312,566,64.9923095703125,3775.4032629394533
28,312,576,62.09669876098633,3607.197231025696
28,313,428,58.446556091308594,3395.1604433441166
28,313,443,62.8967399597168,3653.671624259949
28,313,451,66.99253845214844,3891.596558685303
28,313,546,64.31173706054688,3735.868805847168
28,313,558,62.16107940673828,3610.937102737427
28,313,566,65.17668151855469,3786.113429412842
28,313,576,62.12889862060547,3609.0677208709717
28,314,427,58.583274841308594,3403.1024355316163
28,314,442,62.064483642578125,3605.3258547973637
28,314,450,67.05221557617188,3895.0632028198243
28,314,546,64.8382568359375,3766.4543395996097
28,314,558,62.257530212402344,3616.5399300384524
28,314,566,65.2686767578125,3791.4574328613285
28,314,575,62.7694206237793,3646.2756440353396
28,315,427,58.54912567138672,3401.1187102508547
28,315,441,61.35144805908203,3563.9056177520756
28,315,449,67.23094177246094,3905.445407562256
28,315,546,65.42170715332031,3800.346968536377
28,315,558,62.417945861816406,3625.858475112915
28,315,566,65.2686767578125,3791.4574328613285
28,315,575,62.928531646728516,3655.5184033584596
28,315,585,60.0333251953125,3487.3358605957033
28,315,640,52.191951751708984,3031.830477256775
28,316,427,58.583274841308594,3403.1024355316163
28,316,440,60.7618293762207,3529.654668464661
28,316,448,67.26068878173828,3907.173411331177
28,316,545,65.90902709960938,3828.655384216309
28,316,557,62.545982360839844,3633.2961153411866
28,316,566,64.80740356445312,3764.662073059082
28,316,575,63.150611877441406,3668.4190439605713
28,316,584,60.16643524169922,3495.068223190308
28,316,587,60.0333251953125,3487.3358605957033
28,317,426,58.99152374267578,3426.8176142120365
28,317,439,60.29925537109375,3502.7837445068362
28,317,447,66.36264038085938,3855.005779724121
28,317,545,66.24198150634766,3847.9967057037356
28,317,557,62.83311080932617,3649.9754069137575
28,317,566,64.34283447265625,3737.675254516602
28,317,574,63.84355926513672,3708.6723577117923
28,317,583,60.43177795410156,3510.48198135376
28,317,586,60.13318634033203,3493.1367945098877
28,318,426,59.160797119140625,3436.650704650879
28,318,438,59.96665573120117,3483.4630314254764
28,318,446,65.57438659667969,3809.2161174011235
28,318,545,66.45298767089844,3860.2540538024905
28,318,557,63.18227767944336,3670.258510398865
28,318,566,63.937469482421875,3714.127602233887
28,318,574,63.43500518798828,3684.9394513702396
28,318,582,60.8276252746582,3533.476752204895
28,318,585,60.33241271972656,3504.709854888916
28,319,426,59.396968841552734,3450.3699200057986
28,319,437,59.766212463378906,3471.8192819976807
28,319,445,64.8999252319336,3770.0366567230226
28,319,544,66.78323364257812,3879.4380422973636
28,319,556,63.56099319458008,3692.258094673157
28,319,566,63.59245300292969,3694.0855949401857
28,319,574,63.087242126464844,3664.737895126343
28,319,581,61.35144805908203,3563.9056177520756
28,319,584,60.663002014160156,3523.913787002564
28,320,425,60.06663131713867,3489.2706132125854
28,320,436,59.69924545288086,3467.9291683578494
28,320,444,64.34283447265625,3737.675254516602
28,320,544,66.87301635742188,3884.653520202637
28,320,556,64.03124237060547,3719.574869308472
28,320,566,63.30876541137695,3677.6061827468875
28,320,573,62.64183807373047,3638.8643737030034
28,320,580,62.0,3601.5800000000004
28,320,583,61.122825622558594,3550.6249404144287
28,321,425,60.43177795410156,3510.48198135376
28,321,435,59.766212463378906,3471.8192819976807
28,321,443,63.90618133544922,3712.310073776245
28,321,544,67.02238464355469,3893.330323944092
28,321,556,64.56005096435547,3750.2933605194094
28,321,566,63.087242126464844,3664.737895126343
28,321,574,62.57794952392578,3635.153087844849
28,321,579,62.7694206237793,3646.2756440353396
28,321,582,61.7089958190918,3584.6755671310425
28,321,632,54.772254943847656,3181.7202896881104
28,322,425,60.860496520996094,3535.3862429046635
28,322,434,59.96665573120117,3483.4630314254764
28,322,442,63.59245300292969,3694.0855949401857
28,322,543,67.55738067626953,3924.4082434844972
28,322,555,65.17668151855469,3786.113429412842
28,322,566,62.928531646728516,3655.5184033584596
28,322,574,62.417945861816406,3625.858475112915
28,322,578,63.65532302856445,3697.737714729309
28,322,581,62.417945861816406,3625.858475112915
28,323,424,61.773780822753906,3588.4389279937745
28,323,433,60.29925537109375,3502.7837445068362
28,323,441,63.40346908569336,3683.1075191879277
28,323,543,67.82330322265625,3939.8556842041016
28,323,555,65.81793212890625,3823.363677368164
28,323,566,62.83311080932617,3649.9754069137575
28,323,574,62.321746826171875,3620.2702731323243
28,323,577,63.18227767944336,3670.258510398865
28,323,580,63.24555206298828,3673.9341193389896
28,324,424,62.321746826171875,3620.2702731323243
28,324,432,60.7618293762207,3529.654668464661
28,324,440,63.34035110473633,3679.4409956741333
28,324,543,68.14689636230469,3958.6532096862798
28,324,555,66.51315307617188,3863.7490621948245
28,324,566,62.801273345947266,3648.125968666077
28,324,573,62.12889862060547,3609.0677208709717
28,324,576,62.801273345947266,3648.125968666077
28,324,579,64.03124237060547,3719.574869308472
28,325,424,62.928531646728516,3655.5184033584596
28,325,431,61.35144805908203,3563.9056177520756
28,325,439,63.40346908569336,3683.1075191879277
28,325,542,68.90573120117188,4002.7339254760745
28,325,554,67.05221557617188,3895.0632028198243
28,325,566,62.83311080932617,3649.9754069137575
28,325,573,62.16107940673828,3610.937102737427
28,325,575,62.545982360839844,3633.2961153411866
28,325,578,63.59245300292969,3694.0855949401857
28,326,423,64.06246948242188,3721.388852233887
28,326,430,62.064483642578125,3605.3258547973637
28,326,438,63.59245300292969,3694.0855949401857
28,326,542,68.90573120117188,4002.7339254760745
28,326,554,66.48307800292969,3862.0020011901856
28,326,566,62.928531646728516,3655.5184033584596
28,326,573,62.257530212402344,3616.5399300384524
28,326,575,62.64183807373047,3638.8643737030034
28,326,577,63.27716827392578,3675.770705032349
28,327,423,64.77654266357422,3762.869363327027
28,327,429,62.8967399597168,3653.671624259949
28,327,437,63.90618133544922,3712.310073776245
28,327,541,68.96376037597656,4006.1048402404786
28,327,554,65.96968841552734,3832.1792000579835
28,327,566,63.087242126464844,3664.737895126343
28,327,573,62.417945861816406,3625.858475112915
28,328,423,65.54387664794922,3807.4437944793704
28,328,428,63.84355926513672,3708.6723577117923
28,328,436,64.34283447265625,3737.675254516602
28,328,553,65.54387664794922,3807.4437944793704
28,328,566,63.30876541137695,3677.6061827468875
28,328,573,62.64183807373047,3638.8643737030034
28,328,575,63.0238037109375,3661.0527575683595
28,329,422,66.87301635742188,3884.653520202637
28,329,427,64.8999252319336,3770.0366567230226
28,329,435,64.8999252319336,3770.0366567230226
28,329,553,65.14598846435547,3784.3304698944094
28,329,566,63.59245300292969,3694.0855949401857
28,329,609,70.3420181274414,4086.1678330230716
28,330,422,66.87301635742188,3884.653520202637
28,330,426,65.90902709960938,3828.655384216309
28,330,434,65.57438659667969,3809.2161174011235
28,330,461,68.67314147949219,3989.2227885437014
28,330,553,64.80740356445312,3764.662073059082
28,330,566,63.937469482421875,3714.127602233887
28,330,573,63.27716827392578,3675.770705032349
28,331,422,66.24198150634766,3847.9967057037356
28,331,425,65.42170715332031,3800.346968536377
28,331,433,65.51335906982422,3805.671028366089
28,331,460,69.07966613769531,4012.837805938721
28,331,552,64.62197875976562,3753.8907461547856
28,331,566,64.34283447265625,3737.675254516602
28,331,573,63.40346908569336,3683.1075191879277
28,332,421,66.06057739257812,3837.4589407348635
28,332,424,65.05382537841797,3778.9767162323
28,332,432,65.05382537841797,3778.9767162323
28,332,459,69.5988540649414,4042.9974326324464
28,332,552,64.40496826171875,3741.2846063232423
28,332,566,64.80740356445312,3764.662073059082
28,332,573,62.928531646728516,3655.5184033584596
28,333,423,64.80740356445312,3764.662073059082
28,333,431,64.31173706054688,3735.868805847168
28,333,458,69.07966613769531,4012.837805938721
28,333,552,64.24951171875,3732.254135742188
28,333,566,65.23802947998047,3789.6771324920655
28,333,573,62.513999938964844,3631.438256454468
28,333,605,65.66581726074219,3814.5273246765137
28,333,632,58.03447341918945,3371.2225609207158
28,334,430,63.68673324584961,3699.562334251404
28,334,457,68.67314147949219,3989.2227885437014
28,334,552,64.15605926513672,3726.825482711792
28,334,566,65.2686767578125,3791.4574328613285
28,334,572,62.83311080932617,3649.9754069137575
28,335,420,65.14598846435547,3784.3304698944094
28,335,429,63.18227767944336,3670.258510398865
28,335,456,68.38128662109375,3972.268939819336
28,335,552,64.1248779296875,3725.014158935547
28,335,566,65.05382537841797,3778.9767162323
28,335,572,62.545982360839844,3633.2961153411866
28,336,419,65.3299331665039,3795.015817642212
28,336,428,62.801273345947266,3648.125968666077
28,336,455,67.88224792480469,3943.2797819519046
28,336,552,64.15605926513672,3726.825482711792
28,336,566,64.59101867675781,3752.0922749328615
28,336,572,62.321746826171875,3620.2702731323243
28,337,418,65.42170715332031,3800.346968536377
28,337,427,62.545982360839844,3633.2961153411866
28,337,454,66.99253845214844,3891.596558685303
28,337,552,64.24951171875,3732.254135742188
28,337,566,64.06246948242188,3721.388852233887
28,337,571,62.8967399597168,3653.671624259949
28,338,417,64.37390899658203,3739.4803736114504
28,338,426,62.417945861816406,3625.858475112915
28,338,453,66.21178436279297,3846.2425536346436
28,338,552,64.40496826171875,3741.2846063232423
28,338,566,63.59245300292969,3694.0855949401857
28,338,571,62.801273345947266,3648.125968666077
28,338,681,50.793701171875,2950.6061010742187
28,339,417,64.03124237060547,3719.574869308472
28,339,425,62.417945861816406,3625.858475112915
28,339,452,65.54387664794922,3807.4437944793704
28,339,552,64.49806213378906,3746.692429351807
28,339,566,63.18227767944336,3670.258510398865
28,339,571,62.60990524291992,3637.0093955612183
28,340,416,63.150611877441406,3668.4190439605713
28,340,424,62.545982360839844,3633.2961153411866
28,340,451,64.9923095703125,3775.4032629394533
28,340,552,64.49806213378906,3746.692429351807
28,340,566,62.83311080932617,3649.9754069137575
28,340,570,62.928531646728516,3655.5184033584596
28,341,416,62.928531646728516,3655.5184033584596
28,341,423,62.801273345947266,3648.125968666077
28,341,450,64.56005096435547,3750.2933605194094
28,341,552,64.52906036376953,3748.4931165313724
28,341,566,62.545982360839844,3633.2961153411866
28,341,570,62.7694206237793,3646.2756440353396
28,341,681,51.61395263671875,2998.2545086669925
28,342,416,62.7694206237793,3646.2756440353396
28,342,422,63.18227767944336,3670.258510398865
28,342,449,64.24951171875,3732.254135742188
28,342,552,64.62197875976562,3753.8907461547856
28,342,566,62.321746826171875,3620.2702731323243
28,342,570,62.67375946044922,3640.718687057495
28,343,415,62.12889862060547,3609.0677208709717
28,343,421,63.68673324584961,3699.562334251404
28,343,447,63.30876541137695,3677.6061827468875
28,343,448,63.59245300292969,3694.0855949401857
28,343,553,64.56005096435547,3750.2933605194094
28,343,566,62.16107940673828,3610.937102737427
28,343,569,62.64183807373047,3638.8643737030034
28,344,415,62.09669876098633,3607.197231025696
28,344,420,64.31173706054688,3735.868805847168
28,344,446,62.801273345947266,3648.125968666077
28,344,553,64.77654266357422,3762.869363327027
28,344,566,62.064483642578125,3605.3258547973637
28,344,569,62.545982360839844,3633.2961153411866
28,345,415,62.12889862060547,3609.0677208709717
28,345,419,64.62197875976562,3753.8907461547856
28,345,553,64.52906036376953,3748.4931165313724
28,345,566,62.032249450683594,3603.4533705902104
28,345,569,62.513999938964844,3631.438256454468
28,346,418,64.03124237060547,3719.574869308472
28,346,554,64.34283447265625,3737.675254516602
28,346,566,62.032249450683594,3603.4533705902104
28,346,568,62.28964614868164,3618.405544776917
28,347,417,63.52952194213867,3690.4299296188356
28,347,436,63.27716827392578,3675.770705032349
28,347,554,63.937469482421875,3714.127602233887
28,347,566,62.064483642578125,3605.3258547973637
28,347,568,62.321746826171875,3620.2702731323243
28,348,416,63.150611877441406,3668.4190439605713
28,348,435,63.30876541137695,3677.6061827468875
28,348,533,66.27216339111328,3849.7499713897705
28,348,541,64.28063201904297,3734.0619139862065
28,348,548,62.83311080932617,3649.9754069137575
28,348,554,63.59245300292969,3694.0855949401857
28,348,566,62.16107940673828,3610.937102737427
28,348,568,62.417945861816406,3625.858475112915
28,349,415,62.8967399597168,3653.671624259949
28,349,434,63.30876541137695,3677.6061827468875
28,349,532,67.05221557617188,3895.0632028198243
28,349,540,64.49806213378906,3746.692429351807
28,349,548,62.545982360839844,3633.2961153411866
28,349,555,63.59245300292969,3694.0855949401857
28,350,413,62.35382843017578,3622.1338935089116
28,350,414,62.7694206237793,3646.2756440353396
28,350,433,63.43500518798828,3684.9394513702396
28,350,532,67.43885803222656,3917.5232630920414
28,350,540,64.52906036376953,3748.4931165313724
28,350,547,62.417945861816406,3625.858475112915
28,350,555,63.30876541137695,3677.6061827468875
28,350,566,62.545982360839844,3633.2961153411866
28,351,432,63.68673324584961,3699.562334251404
28,351,532,67.88224792480469,3943.2797819519046
28,351,540,64.52906036376953,3748.4931165313724
28,351,547,62.257530212402344,3616.5399300384524
28,351,555,63.087242126464844,3664.737895126343
28,351,566,62.83311080932617,3649.9754069137575
28,352,431,64.06246948242188,3721.388852233887
28,352,531,67.94115447998047,3946.7016637420656
28,352,539,64.8382568359375,3766.4543395996097
28,352,547,62.16107940673828,3610.937102737427
28,352,556,62.928531646728516,3655.5184033584596
28,352,566,63.18227767944336,3670.258510398865
28,353,430,64.56005096435547,3750.2933605194094
28,353,531,68.49817657470703,3979.0590772247315
28,353,539,64.68384552001953,3757.484586257935
28,353,546,62.257530212402344,3616.5399300384524
28,353,556,62.64183807373047,3638.8643737030034
28,353,566,63.59245300292969,3694.0855949401857
28,354,429,64.56005096435547,3750.2933605194094
28,354,531,68.5857162475586,3984.144256820679
28,354,539,64.59101867675781,3752.0922749328615
28,354,546,62.16107940673828,3610.937102737427
28,354,556,62.417945861816406,3625.858475112915
28,354,566,64.06246948242188,3721.388852233887
28,355,428,64.62197875976562,3753.8907461547856
28,355,530,68.5273666381836,3980.7547280120853
28,355,538,65.14598846435547,3784.3304698944094
28,355,546,62.12889862060547,3609.0677208709717
28,355,557,62.417945861816406,3625.858475112915
28,355,565,64.56005096435547,3750.2933605194094
28,356,427,64.80740356445312,3764.662073059082
28,356,530,68.38128662109375,3972.268939819336
28,356,538,65.17668151855469,3786.113429412842
28,356,545,62.321746826171875,3620.2702731323243
28,356,557,62.321746826171875,3620.2702731323243
28,356,565,65.14598846435547,3784.3304698944094
28,357,426,65.11528015136719,3782.54662399292
28,357,530,68.02940368652344,3951.828060150147
28,357,538,65.2686767578125,3791.4574328613285
28,357,545,62.417945861816406,3625.858475112915
28,357,557,62.28964614868164,3618.405544776917
28,357,565,65.78753662109375,3821.598002319336
28,358,425,65.51335906982422,3805.671028366089
28,358,529,67.73477935791016,3934.713332901001
28,358,537,66.06057739257812,3837.4589407348635
28,358,545,62.57794952392578,3635.153087844849
28,358,558,62.545982360839844,3633.2961153411866
28,358,564,65.17668151855469,3786.113429412842
28,359,424,66.0,3833.94
28,359,436,63.43500518798828,3684.9394513702396
28,359,529,67.3498306274414,3912.3516611480713
28,359,537,66.27216339111328,3849.7499713897705
28,359,544,63.0238037109375,3661.0527575683595
28,359,558,62.64183807373047,3638.8643737030034
28,359,564,65.2686767578125,3791.4574328613285
28,360,423,66.60330200195312,3868.9858132934573
28,360,435,64.06246948242188,3721.388852233887
28,360,529,67.02238464355469,3893.330323944092
28,360,537,66.54322052001953,3865.495680007935
28,360,544,63.30876541137695,3677.6061827468875
28,360,558,62.801273345947266,3648.125968666077
28,360,564,65.42170715332031,3800.346968536377
28,361,422,67.32012939453125,3910.6263165283203
28,361,434,64.28063201904297,3734.0619139862065
28,361,457,67.70524597167969,3932.9977384948734
28,361,528,66.96267700195312,3889.8619070434574
28,361,536,66.96267700195312,3889.8619070434574
28,361,544,63.65532302856445,3697.737714729309
28,361,559,63.30876541137695,3677.6061827468875
28,361,563,65.05382537841797,3778.9767162323
28,362,421,68.14689636230469,3958.6532096862798
28,362,433,64.49806213378906,3746.692429351807
28,362,456,68.87670135498047,4001.047581710816
28,362,528,66.75328063964844,3877.698072357178
28,362,536,66.75328063964844,3877.698072357178
28,362,543,64.34283447265625,3737.675254516602
28,362,559,63.59245300292969,3694.0855949401857
28,362,563,65.3299331665039,3795.015817642212
28,363,420,69.07966613769531,4012.837805938721
28,363,432,64.77654266357422,3762.869363327027
28,363,455,70.14271545410156,4074.59034072876
28,363,458,68.67314147949219,3989.2227885437014
28,363,528,66.60330200195312,3868.9858132934573
28,363,536,66.60330200195312,3868.9858132934573
28,363,543,64.80740356445312,3764.662073059082
28,363,559,63.937469482421875,3714.127602233887
28,363,563,65.66581726074219,3814.5273246765137
28,364,419,70.11418914794922,4072.9332476043705
28,364,431,65.14598846435547,3784.3304698944094
28,364,457,69.8856201171875,4059.6556726074223
28,364,527,66.78323364257812,3879.4380422973636
28,364,535,66.30233764648438,3851.5027938842777
28,364,543,65.3299331665039,3795.015817642212
28,364,560,64.68384552001953,3757.484586257935
28,364,562,65.54387664794922,3807.4437944793704
28,365,418,71.24605560302734,4138.683369979859
28,365,430,65.6353530883789,3812.757660903931
28,365,527,66.75328063964844,3877.698072357178
28,365,535,66.27216339111328,3849.7499713897705
28,365,542,65.39112854003906,3798.5706568908695
28,365,560,65.14598846435547,3784.3304698944094
28,365,562,66.0,3833.94
28,365,589,62.12889862060547,3609.0677208709717
28,366,429,66.24198150634766,3847.9967057037356
28,366,454,70.028564453125,4067.9593090820313
28,366,527,66.78323364257812,3879.4380422973636
28,366,535,66.30233764648438,3851.5027938842777
28,366,542,64.68384552001953,3757.484586257935
28,366,560,65.66581726074219,3814.5273246765137
28,366,562,66.51315307617188,3863.7490621948245
28,366,589,61.7089958190918,3584.6755671310425
28,367,526,67.20118713378906,3903.716960601807
28,367,534,66.24198150634766,3847.9967057037356
28,367,542,64.03124237060547,3719.574869308472
28,367,559,65.08455657958984,3780.761891708374
28,367,562,66.6333236694336,3870.7297719573976
28,367,567,70.028564453125,4067.9593090820313
28,367,568,70.68238830566406,4105.939936676025
28,367,569,71.18988800048828,4135.4205939483645
28,367,570,70.71067810058594,4107.583290863037
28,367,589,61.35144805908203,3563.9056177520756
28,368,526,67.3498306274414,3912.3516611480713
28,368,534,66.39276885986328,3856.755943069458
28,368,541,63.78087615966797,3705.0310961151126
28,369,526,67.55738067626953,3924.4082434844972
28,369,534,66.60330200195312,3868.9858132934573
28,369,541,63.24555206298828,3673.9341193389896
28,370,525,67.79380798339844,3938.1423057556153
28,370,533,66.78323364257812,3879.4380422973636
28,370,541,62.7694206237793,3646.2756440353396
28,370,560,64.52906036376953,3748.4931165313724
28,371,525,67.23094177246094,3905.445407562256
28,371,533,67.11184692382812,3898.527187805176
28,371,540,62.7694206237793,3646.2756440353396
28,371,560,64.31173706054688,3735.868805847168
28,372,525,66.72331237792969,3875.9572160339358
28,372,533,66.96267700195312,3889.8619070434574
28,372,540,62.417945861816406,3625.858475112915
28,372,560,64.15605926513672,3726.825482711792
28,373,524,66.0,3833.94
28,373,532,67.55738067626953,3924.4082434844972
28,373,540,62.12889862060547,3609.0677208709717
28,373,560,64.06246948242188,3721.388852233887
28,374,524,65.6048812866211,3810.9875539398195
28,374,532,67.3498306274414,3912.3516611480713
28,374,539,62.385894775390625,3623.9966275024417
28,374,560,64.03124237060547,3719.574869308472
28,375,524,65.2686767578125,3791.4574328613285
28,375,532,67.20118713378906,3903.716960601807
28,375,539,62.22539520263672,3614.6732073211674
28,375,559,63.59245300292969,3694.0855949401857
28,376,523,64.77654266357422,3762.869363327027
28,376,531,67.43885803222656,3917.5232630920414
28,376,539,62.12889862060547,3609.0677208709717
28,376,555,62.12889862060547,3609.0677208709717
28,376,559,63.68673324584961,3699.562334251404
28,377,523,64.56005096435547,3750.2933605194094
28,377,531,67.05221557617188,3895.0632028198243
28,377,538,62.64183807373047,3638.8643737030034
28,377,555,62.09669876098633,3607.197231025696
28,378,523,64.40496826171875,3741.2846063232423
28,378,531,66.60330200195312,3868.9858132934573
28,378,538,62.67375946044922,3640.718687057495
28,378,555,62.12889862060547,3609.0677208709717
28,378,559,64.06246948242188,3721.388852233887
28,379,522,64.15605926513672,3726.825482711792
28,379,530,65.87867736816406,3826.8923683166504
28,379,538,62.7694206237793,3646.2756440353396
28,379,555,62.22539520263672,3614.6732073211674
28,379,559,64.34283447265625,3737.675254516602
28,380,522,64.06246948242188,3721.388852233887
28,380,530,65.54387664794922,3807.4437944793704
28,380,537,63.52952194213867,3690.4299296188356
28,380,555,62.385894775390625,3623.9966275024417
28,380,558,64.06246948242188,3721.388852233887
28,381,522,64.03124237060547,3719.574869308472
28,381,530,65.2686767578125,3791.4574328613285
28,381,537,63.749507904052734,3703.2089141464235
28,381,555,62.60990524291992,3637.0093955612183
28,381,558,63.59245300292969,3694.0855949401857
28,382,521,64.0,3717.76
28,382,529,64.77654266357422,3762.869363327027
28,382,537,64.03124237060547,3719.574869308472
28,382,555,62.8967399597168,3653.671624259949
28,382,558,63.18227767944336,3670.258510398865
28,383,521,64.0,3717.76
28,383,529,64.56005096435547,3750.2933605194094
28,383,536,64.80740356445312,3764.662073059082
28,383,555,63.24555206298828,3673.9341193389896
28,383,558,62.83311080932617,3649.9754069137575
28,384,521,64.03124237060547,3719.574869308472
28,384,529,64.40496826171875,3741.2846063232423
28,384,536,64.77654266357422,3762.869363327027
28,384,558,62.545982360839844,3633.2961153411866
28,385,521,64.1248779296875,3725.014158935547
28,385,528,64.15605926513672,3726.825482711792
28,385,536,64.77654266357422,3762.869363327027
28,385,555,62.64183807373047,3638.8643737030034
28,385,557,62.417945861816406,3625.858475112915
28,386,521,64.1248779296875,3725.014158935547
28,386,528,64.1248779296875,3725.014158935547
28,386,535,65.11528015136719,3782.54662399292
28,386,555,62.417945861816406,3625.858475112915
28,386,557,62.257530212402344,3616.5399300384524
28,387,521,64.15605926513672,3726.825482711792
28,387,528,64.1248779296875,3725.014158935547
28,387,535,65.11528015136719,3782.54662399292
28,387,557,62.12889862060547,3609.0677208709717
28,388,521,64.24951171875,3732.254135742188
28,388,527,64.06246948242188,3721.388852233887
28,388,535,65.14598846435547,3784.3304698944094
28,389,521,64.40496826171875,3741.2846063232423
28,389,527,64.15605926513672,3726.825482711792
28,389,534,65.6353530883789,3812.757660903931
28,389,555,62.12889862060547,3609.0677208709717
28,390,465,62.801273345947266,3648.125968666077
28,390,522,64.52906036376953,3748.4931165313724
28,390,527,64.31173706054688,3735.868805847168
28,390,534,65.78753662109375,3821.598002319336
28,390,555,62.16107940673828,3610.937102737427
28,391,464,63.150611877441406,3668.4190439605713
28,391,522,64.77654266357422,3762.869363327027
28,391,526,64.49806213378906,3746.692429351807
28,391,534,66.0,3833.94
28,391,555,62.257530212402344,3616.5399300384524
28,392,463,63.59245300292969,3694.0855949401857
28,392,522,65.05382537841797,3778.9767162323
28,392,526,64.77654266357422,3762.869363327027
28,392,533,66.27216339111328,3849.7499713897705
28,392,555,62.417945861816406,3625.858475112915
28,393,462,64.15605926513672,3726.825482711792
28,393,521,65.6048812866211,3810.9875539398195
28,393,526,65.11528015136719,3782.54662399292
28,393,533,66.60330200195312,3868.9858132934573
28,394,461,64.77654266357422,3762.869363327027
28,394,522,65.78753662109375,3821.598002319336
28,394,525,65.51335906982422,3805.671028366089
28,394,533,66.99253845214844,3891.596558685303
28,395,461,65.11528015136719,3782.54662399292
28,395,522,65.6353530883789,3812.757660903931
28,395,525,65.96968841552734,3832.1792000579835
28,395,532,67.05221557617188,3895.0632028198243
28,395,553,63.65532302856445,3697.737714729309
28,396,461,65.51335906982422,3805.671028366089
28,396,522,65.54387664794922,3807.4437944793704
28,396,525,66.48307800292969,3862.0020011901856
28,396,532,67.55738067626953,3924.4082434844972
28,396,553,64.06246948242188,3721.388852233887
28,397,460,66.0,3833.94
28,397,532,68.11754608154297,3956.9482518768314
28,397,553,64.52906036376953,3748.4931165313724
28,398,460,66.51315307617188,3863.7490621948245
28,398,531,68.4105224609375,3973.9672497558595
28,398,553,65.05382537841797,3778.9767162323
28,399,466,67.20118713378906,3903.716960601807
28,399,479,66.51315307617188,3863.7490621948245
28,399,488,68.38128662109375,3972.268939819336
28,399,523,66.0,3833.94
28,399,531,69.07966613769531,4012.837805938721
28,399,553,65.54387664794922,3807.4437944793704
28,400,466,67.3498306274414,3912.3516611480713
28,400,479,67.08203887939453,3896.7956385040284
28,400,487,68.49817657470703,3979.0590772247315
28,400,496,69.16646575927734,4017.879995956421
28,400,523,66.0908432006836,3839.21708152771
28,400,531,69.79971313476562,4054.6653359985353
28,400,552,65.42170715332031,3800.346968536377
28,401,466,67.55738067626953,3924.4082434844972
28,401,479,67.58698272705078,3926.12782661438
28,401,486,68.73136138916016,3992.604783096314
28,401,494,68.73136138916016,3992.604783096314
28,401,495,68.76045227050781,3994.294672393799
28,401,523,66.24198150634766,3847.9967057037356
28,401,552,64.65291595458984,3755.6878878021244
28,402,465,68.20557403564453,3962.0617957305913
28,402,478,67.82330322265625,3939.8556842041016
28,402,485,69.07966613769531,4012.837805938721
28,402,491,68.5857162475586,3984.144256820679
28,402,492,68.49817657470703,3979.0590772247315
28,402,493,68.4689712524414,3977.3625400543215
28,402,523,66.45298767089844,3860.2540538024905
28,402,552,63.937469482421875,3714.127602233887
28,403,465,67.94115447998047,3946.7016637420656
28,403,478,67.52777099609375,3922.6882171630864
28,403,488,68.99275207519531,4007.7889680480957
28,403,489,68.73136138916016,3992.604783096314
28,403,490,68.5273666381836,3980.7547280120853
28,403,523,66.72331237792969,3875.9572160339358
28,403,529,70.5691146850586,4099.3598720550535
28,403,551,63.371917724609375,3681.2747006225586
28,404,465,67.43885803222656,3917.5232630920414
28,404,478,66.96267700195312,3889.8619070434574
28,404,486,69.54135131835938,4039.6570980834963
28,404,487,69.16646575927734,4017.879995956421
28,404,523,67.05221557617188,3895.0632028198243
28,404,529,70.88018035888672,4117.4296770477295
28,404,550,62.928531646728516,3655.5184033584596
28,405,464,67.43885803222656,3917.5232630920414
28,405,477,66.24198150634766,3847.9967057037356
28,405,482,67.88224792480469,3943.2797819519046
28,405,483,68.38128662109375,3972.268939819336
28,405,523,67.43885803222656,3917.5232630920414
28,405,529,71.24605560302734,4138.683369979859
28,405,550,62.385894775390625,3623.9966275024417
28,406,464,67.05221557617188,3895.0632028198243
28,406,479,66.27216339111328,3849.7499713897705
28,406,480,66.60330200195312,3868.9858132934573
28,406,481,66.99253845214844,3891.596558685303
28,406,523,67.88224792480469,3943.2797819519046
28,406,529,71.18988800048828,4135.4205939483645
28,406,549,62.12889862060547,3609.0677208709717
28,407,464,66.72331237792969,3875.9572160339358
28,407,523,68.38128662109375,3972.268939819336
28,407,528,70.3420181274414,4086.1678330230716
28,407,549,61.7089958190918,3584.6755671310425
28,408,463,66.96267700195312,3889.8619070434574
28,408,476,64.8999252319336,3770.0366567230226
28,408,523,68.38128662109375,3972.268939819336
28,408,528,69.68500518798828,4048.0019513702396
28,408,549,61.35144805908203,3563.9056177520756
28,409,463,66.75328063964844,3877.698072357178
28,409,475,64.52906036376953,3748.4931165313724
28,409,523,68.17623901367188,3960.3577243041996
28,409,528,69.07966613769531,4012.837805938721
28,409,548,61.35144805908203,3563.9056177520756
28,410,463,66.60330200195312,3868.9858132934573
28,410,474,64.24951171875,3732.254135742188
28,410,523,68.02940368652344,3951.828060150147
28,410,527,68.43975830078125,3975.665559692383
28,410,548,61.122825622558594,3550.6249404144287
28,411,462,67.05221557617188,3895.0632028198243
28,411,473,64.06246948242188,3721.388852233887
28,411,523,67.79380798339844,3938.1423057556153
28,411,527,67.79380798339844,3938.1423057556153
28,411,548,60.95900344848633,3541.108510322571
28,412,462,66.48307800292969,3862.0020011901856
28,412,472,64.0,3717.76
28,412,523,67.17142486572266,3901.988070449829
28,412,527,67.17142486572266,3901.988070449829
28,412,547,61.22091293334961,3556.322832298279
28,413,462,65.96968841552734,3832.1792000579835
28,413,471,64.06246948242188,3721.388852233887
28,413,523,66.60330200195312,3868.9858132934573
28,413,526,66.51315307617188,3863.7490621948245
28,413,547,61.188232421875,3554.424421386719
28,414,461,65.54387664794922,3807.4437944793704
28,414,470,64.24951171875,3732.254135742188
28,414,523,66.0908432006836,3839.21708152771
28,414,526,66.0,3833.94
28,414,547,61.22091293334961,3556.322832298279
28,415,461,65.14598846435547,3784.3304698944094
28,415,469,64.56005096435547,3750.2933605194094
28,415,522,65.78753662109375,3821.598002319336
28,415,526,65.54387664794922,3807.4437944793704
28,415,546,61.741397857666016,3586.557801551819
28,416,461,64.68384552001953,3757.484586257935
28,416,468,64.65291595458984,3755.6878878021244
28,416,522,65.39112854003906,3798.5706568908695
28,416,525,65.11528015136719,3782.54662399292
28,416,546,61.90314865112305,3595.953905143738
28,417,461,64.15605926513672,3726.825482711792
28,417,467,63.90618133544922,3712.310073776245
28,417,522,65.05382537841797,3778.9767162323
28,417,525,64.77654266357422,3762.869363327027
28,417,546,62.12889862060547,3609.0677208709717
28,418,461,63.52952194213867,3690.4299296188356
28,418,466,63.24555206298828,3673.9341193389896
28,418,521,64.8999252319336,3770.0366567230226
28,418,525,64.49806213378906,3746.692429351807
28,418,545,62.22539520263672,3614.6732073211674
28,419,461,62.928531646728516,3655.5184033584596
28,419,465,62.67375946044922,3640.718687057495
28,419,521,64.62197875976562,3753.8907461547856
28,419,524,64.31173706054688,3735.868805847168
28,419,545,61.741397857666016,3586.557801551819
28,420,461,62.385894775390625,3623.9966275024417
28,420,464,62.09669876098633,3607.197231025696
28,420,521,64.40496826171875,3741.2846063232423
28,420,524,64.15605926513672,3726.825482711792
28,420,545,61.31884002685547,3562.0114171600344
28,420,646,52.95280838012695,3076.0286388015747
28,421,463,61.64413833618164,3580.9079959487917
28,421,520,64.40496826171875,3741.2846063232423
28,421,524,64.06246948242188,3721.388852233887
28,421,544,60.860496520996094,3535.3862429046635
28,422,520,64.31173706054688,3735.868805847168
28,422,523,64.03124237060547,3719.574869308472
28,422,544,60.56401443481445,3518.1635985183716
28,422,564,58.03447341918945,3371.2225609207158
28,423,460,61.35144805908203,3563.9056177520756
28,423,520,64.28063201904297,3734.0619139862065
28,423,523,64.0,3717.76
28,423,544,60.29925537109375,3502.7837445068362
28,423,563,58.03447341918945,3371.2225609207158
28,424,459,61.35144805908203,3563.9056177520756
28,424,519,64.52906036376953,3748.4931165313724
28,424,523,64.03124237060547,3719.574869308472
28,424,543,59.96665573120117,3483.4630314254764
28,424,563,58.06892395019531,3373.223792266846
28,425,458,61.48170471191406,3571.4722267150883
28,425,462,60.43177795410156,3510.48198135376
28,425,519,64.62197875976562,3753.8907461547856
28,425,522,64.15605926513672,3726.825482711792
28,425,543,59.5315055847168,3458.185159416199
28,425,563,58.172157287597656,3379.220616836548
28,426,457,61.741397857666016,3586.557801551819
28,426,461,60.43177795410156,3510.48198135376
28,426,519,64.77654266357422,3762.869363327027
28,426,522,64.24951171875,3732.254135742188
28,426,543,59.160797119140625,3436.650704650879
28,426,562,58.446556091308594,3395.1604433441166
28,427,519,64.62197875976562,3753.8907461547856
28,427,522,64.40496826171875,3741.2846063232423
28,427,542,59.09314727783203,3432.720925369263
28,427,562,58.685604095458984,3409.0467419052125
28,428,542,58.85575485229492,3418.930799369812
28,428,562,58.99152374267578,3426.8176142120365
28,429,542,58.685604095458984,3409.0467419052125
28,429,562,59.36328887939453,3448.4134510040285
28,430,507,63.84355926513672,3708.6723577117923
28,430,511,64.80740356445312,3764.662073059082
28,430,520,64.31173706054688,3735.868805847168
28,430,541,58.88972854614258,3420.904331245423
28,430,562,59.79966735839844,3473.7626768493656
28,431,506,64.15605926513672,3726.825482711792
28,431,510,65.11528015136719,3782.54662399292
28,431,520,64.28063201904297,3734.0619139862065
28,431,541,58.85575485229492,3418.930799369812
28,431,562,60.29925537109375,3502.7837445068362
28,432,473,60.13318634033203,3493.1367945098877
28,432,505,64.59101867675781,3752.0922749328615
28,432,509,65.3299331665039,3795.015817642212
28,432,520,64.28063201904297,3734.0619139862065
28,432,541,58.88972854614258,3420.904331245423
28,432,562,60.860496520996094,3535.3862429046635
28,433,473,60.06663131713867,3489.2706132125854
28,433,504,65.14598846435547,3784.3304698944094
28,433,508,65.6353530883789,3812.757660903931
28,433,520,64.31173706054688,3735.868805847168
28,433,540,59.36328887939453,3448.4134510040285
28,433,561,61.64413833618164,3580.9079959487917
28,434,472,60.0,3485.4
28,434,504,65.78753662109375,3821.598002319336
28,434,507,66.06057739257812,3837.4589407348635
28,434,520,64.40496826171875,3741.2846063232423
28,434,540,59.5315055847168,3458.185159416199
28,434,561,62.321746826171875,3620.2702731323243
28,435,472,60.0,3485.4
28,435,506,66.60330200195312,3868.9858132934573
28,435,521,64.77654266357422,3762.869363327027
28,435,540,59.766212463378906,3471.8192819976807
28,435,561,63.0555305480957,3662.8957695388794
28,436,472,60.0333251953125,3487.3358605957033
28,436,521,64.9923095703125,3775.4032629394533
28,436,539,60.49793243408203,3514.3248950958255
28,436,561,63.150611877441406,3668.4190439605713
28,436,564,63.56099319458008,3692.258094673157
28,437,472,60.13318634033203,3493.1367945098877
28,437,503,67.70524597167969,3932.9977384948734
28,437,521,65.2686767578125,3791.4574328613285
28,437,539,60.860496520996094,3535.3862429046635
28,438,503,68.38128662109375,3972.268939819336
28,438,522,65.87867736816406,3826.8923683166504
28,438,539,61.28621292114258,3560.1161085891727
28,439,502,69.07966613769531,4012.837805938721
28,439,522,66.27216339111328,3849.7499713897705
28,439,538,62.257530212402344,3616.5399300384524
28,440,493,69.07966613769531,4012.837805938721
28,440,502,69.45502471923828,4034.642385940552
28,440,522,66.45298767089844,3860.2540538024905
28,440,538,62.801273345947266,3648.125968666077
28,441,493,69.91423034667969,4061.3176408386234
28,441,502,69.82836151123047,4056.329520187378
28,441,523,65.78753662109375,3821.598002319336
28,441,538,63.40346908569336,3683.1075191879277
28,442,492,70.22820281982422,4079.556301803589
28,442,501,70.79547882080078,4112.509364700318
28,442,523,65.6353530883789,3812.757660903931
28,442,537,64.31173706054688,3735.868805847168
28,443,492,70.48403930664062,4094.417843322754
28,443,501,71.27411651611328,4140.313428421021
28,443,523,65.54387664794922,3807.4437944793704
28,443,537,64.28063201904297,3734.0619139862065
28,444,492,70.79547882080078,4112.509364700318
28,444,501,70.71067810058594,4107.583290863037
28,444,524,65.11528015136719,3782.54662399292
28,444,537,64.28063201904297,3734.0619139862065
28,445,491,70.2851333618164,4082.863396987915
28,445,500,69.79971313476562,4054.6653359985353
28,445,524,64.4360122680664,3743.087952651978
28,445,536,64.1248779296875,3725.014158935547
28,446,491,70.71067810058594,4107.583290863037
28,446,500,68.90573120117188,4002.7339254760745
28,446,524,63.59245300292969,3694.0855949401857
28,446,536,64.15605926513672,3726.825482711792
28,447,491,70.79547882080078,4112.509364700318
28,447,500,68.05879974365234,3953.535677108765
28,447,525,62.8967399597168,3653.671624259949
28,447,536,64.24951171875,3732.254135742188
28,448,490,70.31358337402344,4084.5160581970217
28,448,499,67.3498306274414,3912.3516611480713
28,448,525,62.16107940673828,3610.937102737427
28,448,535,64.31173706054688,3735.868805847168
28,449,475,64.68384552001953,3757.484586257935
28,449,490,69.54135131835938,4039.6570980834963
28,449,499,66.60330200195312,3868.9858132934573
28,449,525,61.48170471191406,3571.4722267150883
28,449,535,64.52906036376953,3748.4931165313724
28,450,474,63.937469482421875,3714.127602233887
28,450,490,68.818603515625,3997.6726782226565
28,450,499,65.90902709960938,3828.655384216309
28,450,526,61.02458572387695,3544.9181847000123
28,450,535,64.80740356445312,3764.662073059082
28,451,473,63.30876541137695,3677.6061827468875
28,451,489,67.94115447998047,3946.7016637420656
28,451,498,65.42170715332031,3800.346968536377
28,451,526,60.464866638183594,3512.404103012085
28,451,534,64.06246948242188,3721.388852233887
28,452,472,62.801273345947266,3648.125968666077
28,452,489,67.32012939453125,3910.6263165283203
28,452,498,64.8382568359375,3766.4543395996097
28,452,526,59.96665573120117,3483.4630314254764
28,452,534,63.59245300292969,3694.0855949401857
28,453,489,66.75328063964844,3877.698072357178
28,453,498,64.31173706054688,3735.868805847168
28,453,527,59.766212463378906,3471.8192819976807
28,453,534,63.18227767944336,3670.258510398865
28,454,396,55.24490737915039,3209.1766696548466
28,454,488,66.0908432006836,3839.21708152771
28,454,497,64.06246948242188,3721.388852233887
28,454,527,59.396968841552734,3450.3699200057986
28,454,533,62.16107940673828,3610.937102737427
28,455,476,63.27716827392578,3675.770705032349
28,455,488,65.6353530883789,3812.757660903931
28,455,497,63.65532302856445,3697.737714729309
28,455,527,59.09314727783203,3432.720925369263
28,455,533,61.87083435058594,3594.076767425537
28,456,476,63.150611877441406,3668.4190439605713
28,456,488,65.23802947998047,3789.6771324920655
28,456,497,63.30876541137695,3677.6061827468875
28,456,526,58.61740493774414,3405.0850528335573
28,456,533,61.64413833618164,3580.9079959487917
28,457,476,62.928531646728516,3655.5184033584596
28,457,487,64.80740356445312,3764.662073059082
28,457,496,63.30876541137695,3677.6061827468875
28,457,527,58.685604095458984,3409.0467419052125
28,457,532,60.860496520996094,3535.3862429046635
28,458,475,62.22539520263672,3614.6732073211674
28,458,487,64.52906036376953,3748.4931165313724
28,458,496,63.0238037109375,3661.0527575683595
28,458,527,58.583274841308594,3403.1024355316163
28,458,532,60.7618293762207,3529.654668464661
28,459,475,62.12889862060547,3609.0677208709717
28,459,487,64.31173706054688,3735.868805847168
28,459,496,62.7694206237793,3646.2756440353396
28,459,527,58.54912567138672,3401.1187102508547
28,459,532,60.728904724121094,3527.7420754241944
28,459,548,62.12889862060547,3609.0677208709717
28,460,475,62.09669876098633,3607.197231025696
28,460,486,63.84355926513672,3708.6723577117923
28,460,495,62.7694206237793,3646.2756440353396
28,460,528,58.88972854614258,3420.904331245423
28,460,531,60.199668884277344,3496.998765487671
28,460,547,62.064483642578125,3605.3258547973637
28,461,396,55.49774932861328,3223.8642584991458
28,461,474,61.64413833618164,3580.9079959487917
28,461,486,63.43500518798828,3684.9394513702396
28,461,495,62.417945861816406,3625.858475112915
28,461,528,58.99152374267578,3426.8176142120365
28,461,531,60.29925537109375,3502.7837445068362
28,461,546,62.12889862060547,3609.0677208709717
28,462,486,63.087242126464844,3664.737895126343
28,462,495,62.12889862060547,3609.0677208709717
28,462,528,59.160797119140625,3436.650704650879
28,462,531,60.464866638183594,3512.404103012085
28,462,545,62.064483642578125,3605.3258547973637
28,463,486,62.801273345947266,3648.125968666077
28,463,495,61.90314865112305,3595.953905143738
28,463,544,62.064483642578125,3605.3258547973637
28,464,433,58.54912567138672,3401.1187102508547
28,464,543,62.12889862060547,3609.0677208709717
28,464,635,55.928524017333984,3248.8879601669314
28,465,529,60.43177795410156,3510.48198135376
28,465,542,62.321746826171875,3620.2702731323243
28,466,528,60.49793243408203,3514.3248950958255
28,466,540,62.801273345947266,3648.125968666077
28,466,541,62.64183807373047,3638.8643737030034
28,466,546,62.801273345947266,3648.125968666077
28,467,529,61.057350158691406,3546.821470718384
28,468,528,61.122825622558594,3550.6249404144287
28,469,528,61.48170471191406,3571.4722267150883
28,470,528,61.90314865112305,3595.953905143738
28,471,528,62.385894775390625,3623.9966275024417
28,472,528,62.928531646728516,3655.5184033584596
28,473,528,63.52952194213867,3690.4299296188356
28,474,528,64.18722534179688,3728.635920104981
28,475,528,64.8999252319336,3770.0366567230226
28,476,528,65.66581726074219,3814.5273246765137
28,482,303,65.2686767578125,3791.4574328613285
28,482,567,58.685604095458984,3409.0467419052125
28,486,439,61.28621292114258,3560.1161085891727
28,498,634,49.35585021972656,2867.081339263916
28,543,477,61.64413833618164,3580.9079959487917
28,621,455,54.442630767822266,3162.5724213027956
29,78,384,49.030601501464844,2848.187641220093
29,79,601,49.47726821899414,2874.13451084137
29,96,589,50.03998565673828,2906.8227667999267
29,99,581,52.535701751708984,3051.798914756775
29,102,531,59.66573715209961,3465.9826711654664
29,107,390,52.038448333740234,3022.9134637069706
29,107,502,58.03447341918945,3371.2225609207158
29,111,390,52.038448333740234,3022.9134637069706
29,114,339,52.99056625366211,3078.221993675232
29,114,341,54.55272674560547,3168.967896652222
29,115,483,59.09314727783203,3432.720925369263
29,122,539,58.583274841308594,3403.1024355316163
29,126,567,58.03447341918945,3371.2225609207158
29,127,490,65.66581726074219,3814.5273246765137
29,127,544,58.30952072143555,3387.200058708191
29,128,426,58.27520751953125,3385.2068048095707
29,132,328,49.71921157836914,2888.1890005874634
29,138,360,50.0,2904.5
29,138,366,51.41984176635742,2986.978608207703
29,148,348,51.768714904785156,3007.24464881897
29,150,359,52.076866149902344,3025.1451546478274
29,152,360,52.95280838012695,3076.0286388015747
29,152,522,59.79966735839844,3473.7626768493656
29,156,488,58.172157287597656,3379.220616836548
29,156,581,54.58937454223633,3171.0967671585086
29,156,583,54.147945404052734,3145.4541485214236
29,161,460,60.06663131713867,3489.2706132125854
29,162,359,51.41984176635742,2986.978608207703
29,162,522,61.90314865112305,3595.953905143738
29,164,588,56.35601043701172,3273.720646286011
29,165,359,51.768714904785156,3007.24464881897
29,166,488,58.03447341918945,3371.2225609207158
29,167,572,56.035701751708984,3255.113914756775
29,168,326,51.146846771240234,2971.120328941345
29,169,331,50.03998565673828,2906.8227667999267
29,170,566,56.035701751708984,3255.113914756775
29,171,336,50.03998565673828,2906.8227667999267
29,171,528,66.12110137939453,3840.9747791290283
29,172,444,61.90314865112305,3595.953905143738
29,173,460,63.65532302856445,3697.737714729309
29,178,410,54.07402420043945,3141.160065803528
29,184,410,54.29548645019531,3154.0248078918457
29,184,635,52.95280838012695,3076.0286388015747
29,184,672,50.07993698120117,2909.1435392379763
29,185,454,59.160797119140625,3436.650704650879
29,189,472,59.396968841552734,3450.3699200057986
29,189,490,60.29925537109375,3502.7837445068362
29,191,319,50.15974426269531,2913.779544219971
29,191,548,56.46237564086914,3279.8994009780886
29,192,490,61.188232421875,3554.424421386719
29,193,516,58.03447341918945,3371.2225609207158
29,197,417,59.766212463378906,3471.8192819976807
29,199,548,56.178287506103516,3263.3967212295533
29,200,471,58.06892395019531,3373.223792266846
29,204,603,54.29548645019531,3154.0248078918457
29,204,624,53.851646423339844,3128.2421407318116
29,205,471,59.26213073730469,3442.5371745300295
29,207,647,52.076866149902344,3025.1451546478274
29,209,511,61.35144805908203,3563.9056177520756
29,210,493,69.3397445678711,4027.945761947632
29,212,457,58.583274841308594,3403.1024355316163
29,213,673,52.15361785888672,3029.6036614227296
29,214,438,58.0,3369.2200000000003
29,214,444,58.37807846069336,3391.1825777816775
29,214,447,58.54912567138672,3401.1187102508547
29,214,476,60.8276252746582,3533.476752204895
29,214,639,54.4058837890625,3160.4377893066408
29,215,436,58.13776779174805,3377.2229310226444
29,215,562,60.728904724121094,3527.7420754241944
29,218,421,59.49789810180664,3456.232900733948
29,218,639,54.29548645019531,3154.0248078918457
29,222,373,55.46169662475586,3221.769956932068
29,224,554,58.54912567138672,3401.1187102508547
29,225,388,56.07138442993164,3257.1867215347293
29,230,572,58.06892395019531,3373.223792266846
29,233,554,56.14267349243164,3261.327903175354
29,238,638,52.345008850097656,3040.721564102173
29,249,381,64.31173706054688,3735.868805847168
29,251,676,52.801513671875,3067.2399291992188
29,254,627,54.0,3136.86
29,256,627,54.4058837890625,3160.4377893066408
29,263,444,59.228370666503906,3440.576052017212
29,264,309,55.6417121887207,3232.227061042786
29,266,627,55.821144104003906,3242.6502610015873
29,267,364,60.56401443481445,3518.1635985183716
29,267,590,56.2138786315918,3265.464209709168
29,269,593,54.662601470947266,3175.350519447327
29,269,691,49.51767349243164,2876.481653175354
29,272,642,53.36665725708008,3100.069120063782
29,273,642,52.95280838012695,3076.0286388015747
29,274,643,52.64978790283203,3058.426179275513
29,275,644,52.49761962890625,3049.586724243164
29,279,434,60.43177795410156,3510.48198135376
29,279,649,53.851646423339844,3128.2421407318116
29,281,694,49.51767349243164,2876.481653175354
29,285,451,66.36264038085938,3855.005779724121
29,290,419,67.32012939453125,3910.6263165283203
29,290,493,69.45502471923828,4034.642385940552
29,291,492,68.29348754882812,3967.168691711426
29,292,491,67.23094177246094,3905.445407562256
29,293,490,66.27216339111328,3849.7499713897705
29,294,489,65.42170715332031,3800.346968536377
29,295,488,64.68384552001953,3757.484586257935
29,296,487,64.06246948242188,3721.388852233887
29,297,486,63.56099319458008,3692.258094673157
29,297,561,62.7694206237793,3646.2756440353396
29,298,485,63.150611877441406,3668.4190439605713
29,299,484,62.83311080932617,3649.9754069137575
29,300,474,62.28964614868164,3618.405544776917
29,300,483,62.64183807373047,3638.8643737030034
29,301,474,62.321746826171875,3620.2702731323243
29,301,482,62.57794952392578,3635.153087844849
29,302,462,62.417945861816406,3625.858475112915
29,302,474,62.417945861816406,3625.858475112915
29,302,481,62.09669876098633,3607.197231025696
29,303,474,62.57794952392578,3635.153087844849
29,303,480,61.64413833618164,3580.9079959487917
29,304,474,62.7694206237793,3646.2756440353396
29,304,479,61.31884002685547,3562.0114171600344
29,305,474,62.417945861816406,3625.858475112915
29,305,478,61.122825622558594,3550.6249404144287
29,306,474,62.12889862060547,3609.0677208709717
29,306,477,61.057350158691406,3546.821470718384
29,307,473,62.385894775390625,3623.9966275024417
29,307,476,61.122825622558594,3550.6249404144287
29,308,475,61.31884002685547,3562.0114171600344
29,309,566,62.545982360839844,3633.2961153411866
29,310,472,62.64183807373047,3638.8643737030034
29,310,511,64.1248779296875,3725.014158935547
29,311,471,62.83311080932617,3649.9754069137575
29,311,511,64.06246948242188,3721.388852233887
29,312,471,62.545982360839844,3633.2961153411866
29,312,510,64.0,3717.76
29,313,470,62.417945861816406,3625.858475112915
29,313,510,64.0,3717.76
29,314,470,62.257530212402344,3616.5399300384524
29,314,510,64.0,3717.76
29,314,586,58.0,3369.2200000000003
29,315,470,62.16107940673828,3610.937102737427
29,315,509,64.03124237060547,3719.574869308472
29,315,588,58.03447341918945,3371.2225609207158
29,315,640,50.19960021972656,2916.0947767639163
29,316,469,62.28964614868164,3618.405544776917
29,316,509,64.06246948242188,3721.388852233887
29,317,469,62.28964614868164,3618.405544776917
29,317,509,64.15605926513672,3726.825482711792
29,318,469,62.321746826171875,3620.2702731323243
29,318,508,64.28063201904297,3734.0619139862065
29,319,468,62.64183807373047,3638.8643737030034
29,319,508,64.49806213378906,3746.692429351807
29,320,468,62.801273345947266,3648.125968666077
29,320,508,64.77654266357422,3762.869363327027
29,320,632,52.383201599121094,3042.9401808929447
29,321,468,63.0238037109375,3661.0527575683595
29,321,507,65.14598846435547,3784.3304698944094
29,322,467,63.59245300292969,3694.0855949401857
29,322,507,65.54387664794922,3807.4437944793704
29,323,467,63.937469482421875,3714.127602233887
29,323,507,66.0,3833.94
29,324,467,64.28063201904297,3734.0619139862065
29,324,506,66.60330200195312,3868.9858132934573
29,324,510,65.6048812866211,3810.9875539398195
29,325,463,66.51315307617188,3863.7490621948245
29,325,466,65.08455657958984,3780.761891708374
29,325,506,67.17142486572266,3901.988070449829
29,325,509,66.27216339111328,3849.7499713897705
29,326,462,67.43885803222656,3917.5232630920414
29,326,466,65.54387664794922,3807.4437944793704
29,326,508,66.06057739257812,3837.4589407348635
29,327,462,67.05221557617188,3895.0632028198243
29,327,466,65.6048812866211,3810.9875539398195
29,328,462,66.72331237792969,3875.9572160339358
29,328,465,65.54387664794922,3807.4437944793704
29,328,505,65.66581726074219,3814.5273246765137
29,328,540,67.23094177246094,3905.445407562256
29,328,610,69.10861206054688,4014.519274597168
29,329,462,66.45298767089844,3860.2540538024905
29,329,465,65.2686767578125,3791.4574328613285
29,329,505,65.14598846435547,3784.3304698944094
29,329,540,66.96267700195312,3889.8619070434574
29,330,465,65.05382537841797,3778.9767162323
29,330,504,65.08455657958984,3780.761891708374
29,330,531,68.67314147949219,3989.2227885437014
29,330,540,66.75328063964844,3877.698072357178
29,331,464,65.23802947998047,3789.6771324920655
29,331,504,64.68384552001953,3757.484586257935
29,331,530,67.55738067626953,3924.4082434844972
29,331,539,66.51315307617188,3863.7490621948245
29,332,464,65.14598846435547,3784.3304698944094
29,332,504,64.28063201904297,3734.0619139862065
29,332,529,66.54322052001953,3865.495680007935
29,332,539,65.81793212890625,3823.363677368164
29,332,605,64.68384552001953,3757.484586257935
29,333,464,65.11528015136719,3782.54662399292
29,333,503,64.34283447265625,3737.675254516602
29,333,528,65.6353530883789,3812.757660903931
29,333,539,65.17668151855469,3786.113429412842
29,333,633,55.821144104003906,3242.6502610015873
29,334,463,65.51335906982422,3805.671028366089
29,334,503,64.06246948242188,3721.388852233887
29,334,527,64.8382568359375,3766.4543395996097
29,334,538,64.68384552001953,3757.484586257935
29,334,546,64.06246948242188,3721.388852233887
29,335,463,65.54387664794922,3807.4437944793704
29,335,503,63.68673324584961,3699.562334251404
29,335,526,64.15605926513672,3726.825482711792
29,335,538,64.15605926513672,3726.825482711792
29,335,546,64.03124237060547,3719.574869308472
29,336,463,65.6353530883789,3812.757660903931
29,336,502,63.43500518798828,3684.9394513702396
29,336,525,63.59245300292969,3694.0855949401857
29,336,538,63.68673324584961,3699.562334251404
29,336,548,63.18227767944336,3670.258510398865
29,337,463,65.39112854003906,3798.5706568908695
29,337,502,63.087242126464844,3664.737895126343
29,337,524,63.150611877441406,3668.4190439605713
29,337,537,63.43500518798828,3684.9394513702396
29,338,463,64.74565887451172,3761.075324020386
29,338,502,62.801273345947266,3648.125968666077
29,338,523,62.83311080932617,3649.9754069137575
29,338,537,63.087242126464844,3664.737895126343
29,338,545,63.59245300292969,3694.0855949401857
29,338,682,49.19349670410156,2857.65022354126
29,339,463,64.03124237060547,3719.574869308472
29,339,501,62.801273345947266,3648.125968666077
29,339,522,62.64183807373047,3638.8643737030034
29,339,537,62.801273345947266,3648.125968666077
29,339,545,63.30876541137695,3677.6061827468875
29,340,463,63.371917724609375,3681.2747006225586
29,340,501,62.64183807373047,3638.8643737030034
29,340,521,62.57794952392578,3635.153087844849
29,340,536,62.801273345947266,3648.125968666077
29,340,544,62.801273345947266,3648.125968666077
29,341,463,62.7694206237793,3646.2756440353396
29,341,501,62.545982360839844,3633.2961153411866
29,341,520,62.64183807373047,3638.8643737030034
29,341,536,62.64183807373047,3638.8643737030034
29,341,544,62.64183807373047,3638.8643737030034
29,341,682,50.03998565673828,2906.8227667999267
29,342,463,62.22539520263672,3614.6732073211674
29,342,498,62.801273345947266,3648.125968666077
29,342,500,62.545982360839844,3633.2961153411866
29,342,519,62.83311080932617,3649.9754069137575
29,342,536,62.545982360839844,3633.2961153411866
29,342,544,62.545982360839844,3633.2961153411866
29,343,463,61.741397857666016,3586.557801551819
29,343,498,62.57794952392578,3635.153087844849
29,343,500,62.321746826171875,3620.2702731323243
29,343,518,63.150611877441406,3668.4190439605713
29,343,535,62.801273345947266,3648.125968666077
29,343,543,62.28964614868164,3618.405544776917
29,344,463,61.31884002685547,3562.0114171600344
29,344,497,62.64183807373047,3638.8643737030034
29,344,500,62.16107940673828,3610.937102737427
29,344,517,63.59245300292969,3694.0855949401857
29,344,535,62.83311080932617,3649.9754069137575
29,344,543,62.321746826171875,3620.2702731323243
29,345,445,60.43177795410156,3510.48198135376
29,345,463,60.95900344848633,3541.108510322571
29,345,497,62.545982360839844,3633.2961153411866
29,345,499,62.16107940673828,3610.937102737427
29,345,516,63.150611877441406,3668.4190439605713
29,345,535,62.928531646728516,3655.5184033584596
29,345,543,62.321746826171875,3620.2702731323243
29,346,437,61.122825622558594,3550.6249404144287
29,346,443,60.13318634033203,3493.1367945098877
29,346,463,60.663002014160156,3523.913787002564
29,346,497,62.513999938964844,3631.438256454468
29,346,499,62.12889862060547,3609.0677208709717
29,346,515,62.83311080932617,3649.9754069137575
29,346,534,63.43500518798828,3684.9394513702396
29,347,442,60.06663131713867,3489.2706132125854
29,347,463,60.43177795410156,3510.48198135376
29,347,496,62.801273345947266,3648.125968666077
29,347,499,62.12889862060547,3609.0677208709717
29,347,514,62.64183807373047,3638.8643737030034
29,347,533,64.06246948242188,3721.388852233887
29,347,548,61.22091293334961,3556.322832298279
29,348,441,60.06663131713867,3489.2706132125854
29,348,463,60.266075134277344,3500.856304550171
29,348,496,62.83311080932617,3649.9754069137575
29,348,498,62.321746826171875,3620.2702731323243
29,348,513,62.57794952392578,3635.153087844849
29,349,440,60.13318634033203,3493.1367945098877
29,349,462,60.33241271972656,3504.709854888916
29,349,496,62.928531646728516,3655.5184033584596
29,349,498,62.417945861816406,3625.858475112915
29,349,512,62.64183807373047,3638.8643737030034
29,350,439,60.29925537109375,3502.7837445068362
29,350,462,60.29925537109375,3502.7837445068362
29,350,495,63.43500518798828,3684.9394513702396
29,350,498,62.57794952392578,3635.153087844849
29,350,511,62.83311080932617,3649.9754069137575
29,351,438,60.16643524169922,3495.068223190308
29,351,461,60.56401443481445,3518.1635985183716
29,351,495,63.65532302856445,3697.737714729309
29,351,497,63.0238037109375,3661.0527575683595
29,351,510,63.150611877441406,3668.4190439605713
29,352,438,60.06663131713867,3489.2706132125854
29,352,460,60.95900344848633,3541.108510322571
29,352,495,63.937469482421875,3714.127602233887
29,352,497,63.30876541137695,3677.6061827468875
29,352,509,63.59245300292969,3694.0855949401857
29,353,438,60.0333251953125,3487.3358605957033
29,353,460,61.122825622558594,3550.6249404144287
29,353,494,64.68384552001953,3757.484586257935
29,353,497,63.65532302856445,3697.737714729309
29,353,508,63.937469482421875,3714.127602233887
29,354,438,60.06663131713867,3489.2706132125854
29,354,460,61.35144805908203,3563.9056177520756
29,354,494,65.08455657958984,3780.761891708374
29,354,496,64.34283447265625,3737.675254516602
29,354,507,64.06246948242188,3721.388852233887
29,355,437,60.266075134277344,3500.856304550171
29,355,459,62.0,3601.5800000000004
29,355,494,65.54387664794922,3807.4437944793704
29,355,496,64.80740356445312,3764.662073059082
29,355,506,64.31173706054688,3735.868805847168
29,356,437,60.43177795410156,3510.48198135376
29,356,459,62.35382843017578,3622.1338935089116
29,356,493,66.51315307617188,3863.7490621948245
29,356,496,65.3299331665039,3795.015817642212
29,356,505,64.68384552001953,3757.484586257935
29,357,459,62.7694206237793,3646.2756440353396
29,357,493,66.99253845214844,3891.596558685303
29,357,495,66.24198150634766,3847.9967057037356
29,357,504,65.17668151855469,3786.113429412842
29,358,439,60.8276252746582,3533.476752204895
29,358,458,63.65532302856445,3697.737714729309
29,358,503,65.78753662109375,3821.598002319336
29,359,458,64.18722534179688,3728.635920104981
29,359,493,67.94115447998047,3946.7016637420656
29,359,502,66.48307800292969,3862.0020011901856
29,360,458,64.77654266357422,3762.869363327027
29,360,492,68.73136138916016,3992.604783096314
29,360,497,67.32012939453125,3910.6263165283203
29,360,501,67.05221557617188,3895.0632028198243
29,361,492,69.39740753173828,4031.295403518677
29,361,497,67.94115447998047,3946.7016637420656
29,361,500,67.58698272705078,3926.12782661438
29,362,459,65.7267074584961,3818.0644362640382
29,362,491,69.3397445678711,4027.945761947632
29,362,496,68.818603515625,3997.6726782226565
29,362,499,68.17623901367188,3960.3577243041996
29,363,491,69.54135131835938,4039.6570980834963
29,363,498,68.87670135498047,4001.047581710816
29,364,491,69.79971313476562,4054.6653359985353
29,364,589,60.69596481323242,3525.8285960006715
29,365,490,69.39740753173828,4031.295403518677
29,365,495,71.24605560302734,4138.683369979859
29,366,490,69.45502471923828,4034.642385940552
29,366,494,71.38627624511719,4146.828787078858
29,366,571,69.42621612548828,4032.9688947296145
29,367,490,69.07966613769531,4012.837805938721
29,367,493,70.88018035888672,4117.4296770477295
29,368,489,67.9705810546875,3948.411053466797
29,368,492,70.48403930664062,4094.417843322754
29,368,496,69.3397445678711,4027.945761947632
29,369,489,67.70524597167969,3932.9977384948734
29,369,491,69.3397445678711,4027.945761947632
29,369,495,68.818603515625,3997.6726782226565
29,370,494,68.4105224609375,3973.9672497558595
29,371,489,67.3498306274414,3912.3516611480713
29,371,493,68.11754608154297,3956.9482518768314
29,372,488,66.51315307617188,3863.7490621948245
29,372,492,67.94115447998047,3946.7016637420656
29,373,488,66.48307800292969,3862.0020011901856
29,373,491,67.23094177246094,3905.445407562256
29,374,487,65.81793212890625,3823.363677368164
29,374,490,66.45298767089844,3860.2540538024905
29,375,487,65.54387664794922,3807.4437944793704
29,375,489,65.78753662109375,3821.598002319336
29,375,555,60.29925537109375,3502.7837445068362
29,377,487,64.80740356445312,3764.662073059082
29,378,486,64.49806213378906,3746.692429351807
29,379,486,64.28063201904297,3734.0619139862065
29,380,485,64.1248779296875,3725.014158935547
29,381,485,63.937469482421875,3714.127602233887
29,382,485,63.59245300292969,3694.0855949401857
29,383,484,63.0238037109375,3661.0527575683595
29,384,484,62.801273345947266,3648.125968666077
29,385,484,62.64183807373047,3638.8643737030034
29,386,483,62.321746826171875,3620.2702731323243
29,386,512,62.801273345947266,3648.125968666077
29,387,483,62.28964614868164,3618.405544776917
29,387,511,62.417945861816406,3625.858475112915
29,388,466,60.33241271972656,3504.709854888916
29,388,483,62.321746826171875,3620.2702731323243
29,388,510,62.16107940673828,3610.937102737427
29,389,466,60.56401443481445,3518.1635985183716
29,389,482,62.16107940673828,3610.937102737427
29,389,509,62.032249450683594,3603.4533705902104
29,390,482,62.12889862060547,3609.0677208709717
29,390,508,62.032249450683594,3603.4533705902104
29,391,482,62.16107940673828,3610.937102737427
29,391,507,62.12889862060547,3609.0677208709717
29,392,481,62.16107940673828,3610.937102737427
29,392,506,62.321746826171875,3620.2702731323243
29,393,481,62.321746826171875,3620.2702731323243
29,393,501,63.30876541137695,3677.6061827468875
29,393,505,62.64183807373047,3638.8643737030034
29,393,553,61.057350158691406,3546.821470718384
29,394,481,62.545982360839844,3633.2961153411866
29,394,494,66.87301635742188,3884.653520202637
29,394,500,63.937469482421875,3714.127602233887
29,394,504,63.087242126464844,3664.737895126343
29,395,480,62.801273345947266,3648.125968666077
29,395,493,67.94115447998047,3946.7016637420656
29,395,499,64.68384552001953,3757.484586257935
29,395,503,63.56099319458008,3692.258094673157
29,396,480,63.150611877441406,3668.4190439605713
29,396,492,67.55738067626953,3924.4082434844972
29,396,498,65.54387664794922,3807.4437944793704
29,396,502,64.06246948242188,3721.388852233887
29,397,480,63.56099319458008,3692.258094673157
29,397,491,67.26068878173828,3907.173411331177
29,397,497,66.51315307617188,3863.7490621948245
29,397,501,64.68384552001953,3757.484586257935
29,398,467,64.80740356445312,3764.662073059082
29,398,480,64.03124237060547,3719.574869308472
29,398,489,66.51315307617188,3863.7490621948245
29,398,490,67.08203887939453,3896.7956385040284
29,398,497,67.08203887939453,3896.7956385040284
29,398,500,65.42170715332031,3800.346968536377
29,399,499,66.27216339111328,3849.7499713897705
29,419,647,51.146846771240234,2971.120328941345
29,424,462,58.685604095458984,3409.0467419052125
29,429,508,61.7089958190918,3584.6755671310425
29,429,512,62.64183807373047,3638.8643737030034
29,431,474,58.30952072143555,3387.200058708191
29,436,565,61.773780822753906,3588.4389279937745
29,439,493,66.48307800292969,3862.0020011901856
29,448,476,63.18227767944336,3670.258510398865
29,454,395,52.95280838012695,3076.0286388015747
29,454,476,61.48170471191406,3571.4722267150883
29,458,549,60.33241271972656,3504.709854888916
29,461,395,53.21653747558594,3091.3486619567875
29,464,433,56.63920974731445,3290.1716942214966
29,465,636,54.07402420043945,3141.160065803528
29,466,547,61.057350158691406,3546.821470718384
29,471,324,52.038448333740234,3022.9134637069706
29,482,303,63.56099319458008,3692.258094673157
29,482,567,56.70978927612305,3294.271659049988
29,486,438,58.957611083984375,3424.8476278686526
29,543,477,59.69924545288086,3467.9291683578494
29,586,448,56.2138786315918,3265.464209709168
29,621,454,52.038448333740234,3022.9134637069706
30,88,523,59.766212463378906,3471.8192819976807
30,90,523,58.54912567138672,3401.1187102508547
30,99,581,50.635955810546875,2941.442673034668
30,101,532,58.54912567138672,3401.1187102508547
30,106,502,56.035701751708984,3255.113914756775
30,107,389,50.03998565673828,2906.8227667999267
30,111,390,50.03998565673828,2906.8227667999267
30,113,338,50.15974426269531,2913.779544219971
30,113,341,52.801513671875,3067.2399291992188
30,115,482,56.88584899902344,3304.4989683532717
30,122,539,56.603885650634766,3288.1197174453737
30,125,568,56.035701751708984,3255.113914756775
30,127,425,55.928524017333984,3248.8879601669314
30,127,490,63.78087615966797,3705.0310961151126
30,127,544,56.32051086425781,3271.6584761047366
30,137,366,49.51767349243164,2876.481653175354
30,148,347,49.638694763183594,2883.511778793335
30,150,358,50.03998565673828,2906.8227667999267
30,152,360,50.990196228027344,2962.0204988861087
30,152,522,57.86190414428711,3361.1980117416383
30,155,581,52.64978790283203,3058.426179275513
30,155,584,52.076866149902344,3025.1451546478274
30,156,488,56.178287506103516,3263.3967212295533
30,162,358,49.030601501464844,2848.187641220093
30,162,522,59.96665573120117,3483.4630314254764
30,164,589,54.58937454223633,3171.0967671585086
30,165,358,49.39635467529297,2869.4342430877687
30,166,488,56.035701751708984,3255.113914756775
30,167,326,49.39635467529297,2869.4342430877687
30,168,573,53.851646423339844,3128.2421407318116
30,171,528,64.31173706054688,3735.868805847168
30,171,567,54.037025451660156,3139.0108084869385
30,172,443,59.46427536010742,3454.2797556686405
30,173,459,62.16107940673828,3610.937102737427
30,178,409,52.038448333740234,3022.9134637069706
30,183,516,57.827327728271484,3359.1894677352907
30,184,409,52.191951751708984,3031.830477256775
30,184,453,57.827327728271484,3359.1894677352907
30,184,636,50.793701171875,2950.6061010742187
30,188,471,57.44562530517578,3337.0163739776613
30,188,490,58.13776779174805,3377.2229310226444
30,190,549,54.918121337890625,3190.1936685180667
30,192,490,59.228370666503906,3440.576052017212
30,194,470,56.14267349243164,3261.327903175354
30,194,517,56.0,3253.04
30,196,416,56.780277252197266,3298.3663055801394
30,199,549,54.07402420043945,3141.160065803528
30,200,470,56.035701751708984,3255.113914756775
30,202,486,61.48170471191406,3571.4722267150883
30,203,603,52.038448333740234,3022.9134637069706
30,203,624,52.383201599121094,3042.9401808929447
30,205,470,57.27128601074219,3326.889004364014
30,206,648,50.03998565673828,2906.8227667999267
30,209,512,59.09314727783203,3432.720925369263
30,210,493,67.43885803222656,3917.5232630920414
30,212,457,56.603885650634766,3288.1197174453737
30,212,674,50.35871505737305,2925.3377576828007
30,213,437,56.07138442993164,3257.1867215347293
30,213,444,56.28498840332031,3269.594976348877
30,213,447,56.603885650634766,3288.1197174453737
30,214,435,56.32051086425781,3271.6584761047366
30,214,476,58.85575485229492,3418.930799369812
30,214,639,52.49761962890625,3049.586724243164
30,217,420,58.24087905883789,3383.212664527893
30,217,500,61.31884002685547,3562.0114171600344
30,218,639,52.306785583496094,3038.5011745452884
30,219,471,58.0,3369.2200000000003
30,221,373,53.702884674072266,3119.600570716858
30,223,430,56.07138442993164,3257.1867215347293
30,224,387,54.037025451660156,3139.0108084869385
30,224,554,56.63920974731445,3290.1716942214966
30,229,572,56.14267349243164,3261.327903175354
30,234,555,54.07402420043945,3141.160065803528
30,238,639,50.19960021972656,2916.0947767639163
30,240,395,54.7357292175293,3179.598510246277
30,243,395,55.49774932861328,3223.8642584991458
30,249,380,63.30876541137695,3677.6061827468875
30,252,454,67.23094177246094,3905.445407562256
30,252,677,51.92301940917969,3016.208197479248
30,254,628,51.57518768310547,2996.002652511597
30,256,628,51.92301940917969,3016.208197479248
30,263,443,57.30619430541992,3328.9168272018433
30,264,310,53.96295166015625,3134.7078619384765
30,265,628,54.147945404052734,3145.4541485214236
30,267,363,58.54912567138672,3401.1187102508547
30,267,590,54.29548645019531,3154.0248078918457
30,267,628,53.516353607177734,3108.764981040955
30,268,629,53.291648864746094,3095.7118825531006
30,269,630,52.76362228393555,3065.0388184738163
30,269,631,52.64978790283203,3058.426179275513
30,269,632,52.611785888671875,3056.218642272949
30,269,633,52.64978790283203,3058.426179275513
30,269,634,52.76362228393555,3065.0388184738163
30,269,635,52.95280838012695,3076.0286388015747
30,269,636,53.21653747558594,3091.3486619567875
30,269,637,53.10367202758789,3084.792308082581
30,269,638,52.99056625366211,3078.221993675232
30,269,639,52.95280838012695,3076.0286388015747
30,270,594,52.306785583496094,3038.5011745452884
30,270,640,52.535701751708984,3051.798914756775
30,271,641,51.92301940917969,3016.208197479248
30,274,317,52.95280838012695,3076.0286388015747
30,278,433,58.446556091308594,3395.1604433441166
30,278,650,52.49761962890625,3049.586724243164
30,281,474,60.43177795410156,3510.48198135376
30,286,451,65.51335906982422,3805.671028366089
30,289,494,68.96376037597656,4006.1048402404786
30,296,562,61.773780822753906,3588.4389279937745
30,299,473,60.16643524169922,3495.068223190308
30,303,562,60.13318634033203,3493.1367945098877
30,307,580,57.44562530517578,3337.0163739776613
30,309,511,62.16107940673828,3610.937102737427
30,309,566,60.56401443481445,3518.1635985183716
30,309,578,57.584720611572266,3345.0964203262333
30,313,586,56.035701751708984,3255.113914756775
30,314,589,56.14267349243164,3261.327903175354
30,319,632,50.03998565673828,2906.8227667999267
30,323,511,63.087242126464844,3664.737895126343
30,324,462,64.77654266357422,3762.869363327027
30,327,611,66.60330200195312,3868.9858132934573
30,329,532,68.11754608154297,3956.9482518768314
30,331,605,63.812225341796875,3706.852170104981
30,333,546,62.22539520263672,3614.6732073211674
30,333,634,53.5537109375,3110.9350683593752
30,335,549,60.8276252746582,3533.476752204895
30,341,498,61.122825622558594,3550.6249404144287
30,345,437,59.396968841552734,3450.3699200057986
30,347,549,59.228370666503906,3440.576052017212
30,358,440,58.88972854614258,3420.904331245423
30,359,497,64.8382568359375,3766.4543395996097
30,362,458,64.31173706054688,3735.868805847168
30,364,589,58.78775405883789,3414.980633277893
30,366,571,67.67569732666016,3931.281257705689
30,367,497,68.14689636230469,3958.6532096862798
30,375,556,58.583274841308594,3403.1024355316163
30,384,556,58.85575485229492,3418.930799369812
30,385,513,61.35144805908203,3563.9056177520756
30,387,466,58.172157287597656,3379.220616836548
30,387,556,58.172157287597656,3379.220616836548
30,392,502,60.8276252746582,3533.476752204895
30,393,495,64.03124237060547,3719.574869308472
30,394,553,59.396968841552734,3450.3699200057986
30,394,556,58.88972854614258,3420.904331245423
30,398,466,62.928531646728516,3655.5184033584596
30,401,497,65.05382537841797,3778.9767162323
30,402,529,66.69332885742188,3874.215473327637
30,418,648,49.43682861328125,2871.785374145508
30,425,461,56.63920974731445,3290.1716942214966
30,429,509,60.06663131713867,3489.2706132125854
30,429,512,60.663002014160156,3523.913787002564
30,432,473,56.14267349243164,3261.327903175354
30,437,566,60.95900344848633,3541.108510322571
30,440,494,65.90902709960938,3828.655384216309
30,448,476,61.22091293334961,3556.322832298279
30,454,394,50.71488952636719,2946.02793258667
30,454,477,59.96665573120117,3483.4630314254764
30,458,550,58.583274841308594,3403.1024355316163
30,461,394,50.990196228027344,2962.0204988861087
30,464,433,54.7357292175293,3179.598510246277
30,466,547,59.09314727783203,3432.720925369263
30,466,637,52.0,3020.6800000000003
30,472,324,50.0,2904.5
30,479,530,65.2686767578125,3791.4574328613285
30,482,567,54.7357292175293,3179.598510246277
30,483,302,63.27716827392578,3675.770705032349
30,486,437,56.67451095581055,3292.222341423035
30,586,448,54.29548645019531,3154.0248078918457
30,621,453,49.67897033691406,2885.851386871338
31,87,524,58.03447341918945,3371.2225609207158
31,90,524,57.30619430541992,3328.9168272018433
31,100,533,57.061370849609375,3314.695032653809
31,105,502,54.07402420043945,3141.160065803528
31,112,341,50.477718353271484,2932.250659141541
31,115,481,54.662601470947266,3175.350519447327
31,122,539,54.625999450683594,3173.2243080902103
31,124,569,54.147945404052734,3145.4541485214236
31,126,424,53.702884674072266,3119.600570716858
31,127,490,61.90314865112305,3595.953905143738
31,127,544,54.33230972290039,3156.1638718032837
31,127,548,54.918121337890625,3190.1936685180667
31,132,424,53.88877487182617,3130.3989323043825
31,152,360,49.030601501464844,2848.187641220093
31,152,522,55.928524017333984,3248.8879601669314
31,154,581,50.793701171875,2950.6061010742187
31,154,585,50.15974426269531,2913.779544219971
31,156,488,54.18486785888672,3147.59897392273
31,162,522,58.03447341918945,3371.2225609207158
31,164,590,52.611785888671875,3056.218642272949
31,166,488,54.037025451660156,3139.0108084869385
31,167,322,49.19349670410156,2857.65022354126
31,169,574,51.45872116088867,2989.237112236023
31,171,528,62.513999938964844,3631.438256454468
31,172,442,57.061370849609375,3314.695032653809
31,172,568,52.038448333740234,3022.9134637069706
31,173,458,60.464866638183594,3512.404103012085
31,178,408,50.07993698120117,2909.1435392379763
31,182,517,56.10704040527344,3259.2579771423343
31,183,452,56.67451095581055,3292.222341423035
31,184,408,50.15974426269531,2913.779544219971
31,187,470,55.6417121887207,3232.227061042786
31,188,490,56.14267349243164,3261.327903175354
31,192,490,57.27128601074219,3326.889004364014
31,194,469,54.037025451660156,3139.0108084869385
31,195,415,53.851646423339844,3128.2421407318116
31,195,518,54.0,3136.86
31,199,550,52.038448333740234,3022.9134637069706
31,200,469,54.07402420043945,3141.160065803528
31,202,486,59.5315055847168,3458.185159416199
31,202,603,49.67897033691406,2885.851386871338
31,202,624,50.675437927246094,2943.7361891937257
31,205,469,55.35340881347656,3215.4795179748535
31,209,513,56.88584899902344,3304.4989683532717
31,210,493,65.54387664794922,3807.4437944793704
31,212,436,54.29548645019531,3154.0248078918457
31,212,444,54.18486785888672,3147.59897392273
31,212,447,54.7357292175293,3179.598510246277
31,212,457,54.625999450683594,3173.2243080902103
31,213,434,54.625999450683594,3173.2243080902103
31,214,476,56.88584899902344,3304.4989683532717
31,214,639,50.59644317626953,2939.147384109497
31,217,500,59.36328887939453,3448.4134510040285
31,218,639,50.3189811706543,2923.0296162033083
31,219,470,56.0,3253.04
31,220,373,52.038448333740234,3022.9134637069706
31,223,386,52.0,3020.6800000000003
31,223,430,54.07402420043945,3141.160065803528
31,224,554,54.7357292175293,3179.598510246277
31,228,572,54.18486785888672,3147.59897392273
31,235,556,52.15361785888672,3029.6036614227296
31,239,394,52.99056625366211,3078.221993675232
31,243,394,53.88877487182617,3130.3989323043825
31,249,379,62.417945861816406,3625.858475112915
31,249,412,52.038448333740234,3022.9134637069706
31,251,454,66.12110137939453,3840.9747791290283
31,253,678,50.03998565673828,2906.8227667999267
31,254,629,49.19349670410156,2857.65022354126
31,256,629,49.47726821899414,2874.13451084137
31,263,442,55.46169662475586,3221.769956932068
31,264,311,52.383201599121094,3042.9401808929447
31,265,629,52.0,3020.6800000000003
31,267,590,52.383201599121094,3042.9401808929447
31,271,595,50.07993698120117,2909.1435392379763
31,273,318,51.61395263671875,2998.2545086669925
31,277,432,56.603885650634766,3288.1197174453737
31,277,651,50.754310607910156,2948.3179032135013
31,281,473,58.61740493774414,3405.0850528335573
31,287,451,63.56099319458008,3692.258094673157
31,289,494,67.23094177246094,3905.445407562256
31,290,417,64.34283447265625,3737.675254516602
31,291,419,63.0555305480957,3662.8957695388794
31,295,563,60.95900344848633,3541.108510322571
31,298,472,58.172157287597656,3379.220616836548
31,303,563,58.13776779174805,3377.2229310226444
31,306,581,55.6417121887207,3232.227061042786
31,309,511,60.16643524169922,3495.068223190308
31,310,566,58.685604095458984,3409.0467419052125
31,310,578,55.46169662475586,3221.769956932068
31,313,586,54.037025451660156,3139.0108084869385
31,313,590,54.369110107421875,3158.3016061401368
31,323,511,61.122825622558594,3550.6249404144287
31,324,461,63.43500518798828,3684.9394513702396
31,326,612,63.56099319458008,3692.258094673157
31,329,532,66.36264038085938,3855.005779724121
31,330,605,62.28964614868164,3618.405544776917
31,333,546,60.29925537109375,3502.7837445068362
31,333,635,51.34199142456055,2982.4562818527224
31,335,550,58.54912567138672,3401.1187102508547
31,340,497,59.766212463378906,3471.8192819976807
31,342,621,52.99056625366211,3078.221993675232
31,344,436,58.13776779174805,3377.2229310226444
31,344,444,56.603885650634766,3288.1197174453737
31,348,541,58.30952072143555,3387.200058708191
31,359,440,57.30619430541992,3328.9168272018433
31,359,496,63.150611877441406,3668.4190439605713
31,363,457,63.78087615966797,3705.0310961151126
31,364,589,56.88584899902344,3304.4989683532717
31,366,571,65.90902709960938,3828.655384216309
31,367,496,66.48307800292969,3862.0020011901856
31,369,592,54.369110107421875,3158.3016061401368
31,375,557,56.920997619628906,3306.5407517242434
31,384,557,56.70978927612305,3294.271659049988
31,385,513,59.396968841552734,3450.3699200057986
31,387,465,56.14267349243164,3261.327903175354
31,387,557,56.14267349243164,3261.327903175354
31,393,502,59.160797119140625,3436.650704650879
31,395,553,57.827327728271484,3359.1894677352907
31,395,557,57.27128601074219,3326.889004364014
31,399,465,61.48170471191406,3571.4722267150883
31,402,496,62.64183807373047,3638.8643737030034
31,402,529,64.8999252319336,3770.0366567230226
31,425,459,55.24490737915039,3209.1766696548466
31,430,509,58.583274841308594,3403.1024355316163
31,430,513,58.343807220458984,3389.1917614364625
31,433,472,54.037025451660156,3139.0108084869385
31,438,567,60.33241271972656,3504.709854888916
31,440,495,64.62197875976562,3753.8907461547856
31,448,475,59.228370666503906,3440.576052017212
31,454,478,58.30952072143555,3387.200058708191
31,458,550,56.603885650634766,3288.1197174453737
31,464,433,52.839378356933594,3069.4394887542726
31,464,475,56.88584899902344,3304.4989683532717
31,464,478,57.20139694213867,3322.829148368836
31,466,547,57.13142776489258,3318.76463886261
31,467,638,50.07993698120117,2909.1435392379763
31,480,531,64.93073272705078,3771.82626411438
31,482,567,52.76362228393555,3065.0388184738163
31,483,454,64.15605926513672,3726.825482711792
31,484,572,52.0,3020.6800000000003
31,486,436,54.442630767822266,3162.5724213027956
31,542,478,55.89275360107422,3246.8100566864014
31,563,458,64.03124237060547,3719.574869308472
31,586,448,52.345008850097656,3040.721564102173
32,87,524,56.178287506103516,3263.3967212295533
32,90,524,55.49774932861328,3223.8642584991458
32,99,534,55.0635986328125,3198.6444445800785
32,104,502,52.191951751708984,3031.830477256775
32,115,480,52.49761962890625,3049.586724243164
32,122,539,52.64978790283203,3058.426179275513
32,123,570,52.345008850097656,3040.721564102173
32,125,423,51.61395263671875,2998.2545086669925
32,127,490,60.0333251953125,3487.3358605957033
32,127,544,52.345008850097656,3040.721564102173
32,127,548,52.95280838012695,3076.0286388015747
32,132,423,52.383201599121094,3042.9401808929447
32,152,522,54.0,3136.86
32,153,581,49.030601501464844,2848.187641220093
32,156,488,52.191951751708984,3031.830477256775
32,158,459,54.7357292175293,3179.598510246277
32,159,457,54.918121337890625,3190.1936685180667
32,162,522,56.10704040527344,3259.2579771423343
32,164,591,50.675437927246094,2943.7361891937257
32,166,488,52.038448333740234,3022.9134637069706
32,170,575,49.19349670410156,2857.65022354126
32,171,528,60.663002014160156,3523.913787002564
32,172,441,54.69917678833008,3177.4751796340943
32,173,457,58.85575485229492,3418.930799369812
32,173,569,50.03998565673828,2906.8227667999267
32,181,518,54.29548645019531,3154.0248078918457
32,182,451,55.71355438232422,3236.400374069214
32,186,469,54.0,3136.86
32,188,490,54.147945404052734,3145.4541485214236
32,188,551,52.383201599121094,3042.9401808929447
32,190,551,51.768714904785156,3007.24464881897
32,192,490,55.31726837158203,3213.3801197052003
32,194,415,51.57518768310547,2996.002652511597
32,194,468,52.0,3020.6800000000003
32,196,519,52.038448333740234,3022.9134637069706
32,199,551,50.07993698120117,2909.1435392379763
32,200,468,52.191951751708984,3031.830477256775
32,202,486,57.584720611572266,3345.0964203262333
32,205,468,53.516353607177734,3108.764981040955
32,209,514,54.7357292175293,3179.598510246277
32,210,493,63.65532302856445,3697.737714729309
32,211,436,52.49761962890625,3049.586724243164
32,211,444,52.15361785888672,3029.6036614227296
32,211,447,52.49761962890625,3049.586724243164
32,212,433,53.10367202758789,3084.792308082581
32,212,457,52.64978790283203,3058.426179275513
32,214,476,54.918121337890625,3190.1936685180667
32,215,418,55.85696029663086,3244.730823631287
32,215,420,55.71355438232422,3236.400374069214
32,217,500,57.41080093383789,3334.993426246643
32,219,373,50.477718353271484,2932.250659141541
32,219,469,54.037025451660156,3139.0108084869385
32,222,385,50.03998565673828,2906.8227667999267
32,223,430,52.076866149902344,3025.1451546478274
32,224,554,52.839378356933594,3069.4394887542726
32,228,572,52.191951751708984,3031.830477256775
32,236,557,50.35871505737305,2925.3377576828007
32,238,393,51.41984176635742,2986.978608207703
32,243,393,52.306785583496094,3038.5011745452884
32,249,378,61.64413833618164,3580.9079959487917
32,250,411,50.19960021972656,2916.0947767639163
32,250,454,65.08455657958984,3780.761891708374
32,258,522,56.95612335205078,3308.58120552063
32,263,441,53.702884674072266,3119.600570716858
32,264,312,50.91168975830078,2957.4600580596925
32,265,364,55.35340881347656,3215.4795179748535
32,265,630,49.71921157836914,2888.1890005874634
32,266,362,55.17245864868164,3204.9681229019166
32,267,590,50.477718353271484,2932.250659141541
32,272,319,49.638694763183594,2883.511778793335
32,276,431,54.918121337890625,3190.1936685180667
32,281,473,56.63920974731445,3290.1716942214966
32,288,451,61.64413833618164,3580.9079959487917
32,289,494,65.51335906982422,3805.671028366089
32,290,416,62.83311080932617,3649.9754069137575
32,291,419,61.22091293334961,3556.322832298279
32,294,564,60.16643524169922,3495.068223190308
32,297,471,56.32051086425781,3271.6584761047366
32,299,461,57.584720611572266,3345.0964203262333
32,301,460,57.026309967041016,3312.658345985413
32,303,564,56.178287506103516,3263.3967212295533
32,305,582,54.0,3136.86
32,307,400,54.954524993896484,3192.308356895447
32,309,512,58.343807220458984,3389.1917614364625
32,310,566,56.70978927612305,3294.271659049988
32,311,578,53.40412139892578,3102.245412063599
32,313,586,52.038448333740234,3022.9134637069706
32,313,591,52.64978790283203,3058.426179275513
32,323,510,59.5315055847168,3458.185159416199
32,324,460,61.90314865112305,3595.953905143738
32,325,613,60.56401443481445,3518.1635985183716
32,329,532,64.62197875976562,3753.8907461547856
32,329,605,60.860496520996094,3535.3862429046635
32,333,546,58.30952072143555,3387.200058708191
32,333,636,49.19349670410156,2857.65022354126
32,335,551,56.32051086425781,3271.6584761047366
32,339,496,58.583274841308594,3403.1024355316163
32,341,622,51.146846771240234,2971.120328941345
32,343,435,55.928524017333984,3248.8879601669314
32,343,444,54.954524993896484,3192.308356895447
32,347,551,55.46169662475586,3221.769956932068
32,349,541,56.32051086425781,3271.6584761047366
32,349,551,54.7357292175293,3179.598510246277
32,359,495,61.546730041503906,3575.249548110962
32,360,440,55.821144104003906,3242.6502610015873
32,364,456,62.12889862060547,3609.0677208709717
32,364,589,54.990909576416016,3194.4219372940065
32,366,571,64.15605926513672,3726.825482711792
32,367,496,64.68384552001953,3757.484586257935
32,370,592,52.191951751708984,3031.830477256775
32,375,558,55.35340881347656,3215.4795179748535
32,384,558,54.625999450683594,3173.2243080902103
32,385,513,57.44562530517578,3337.0163739776613
32,387,464,54.147945404052734,3145.4541485214236
32,387,558,54.07402420043945,3141.160065803528
32,394,493,62.09669876098633,3607.197231025696
32,394,495,60.663002014160156,3523.913787002564
32,394,502,57.584720611572266,3345.0964203262333
32,395,553,55.89275360107422,3246.8100566864014
32,400,464,60.199668884277344,3496.998765487671
32,402,529,63.118934631347656,3666.5789127349854
32,403,495,60.33241271972656,3504.709854888916
32,424,458,53.96295166015625,3134.7078619384765
32,427,459,52.99056625366211,3078.221993675232
32,431,509,57.20139694213867,3322.829148368836
32,431,514,56.14267349243164,3261.327903175354
32,434,471,52.0,3020.6800000000003
32,439,568,59.89991760253906,3479.586213531494
32,440,496,63.43500518798828,3684.9394513702396
32,448,474,57.20139694213867,3322.829148368836
32,454,479,56.56854248046875,3286.0666326904297
32,464,433,50.950958251953125,2959.7411648559573
32,465,474,54.772254943847656,3181.7202896881104
32,466,547,55.17245864868164,3204.9681229019166
32,481,532,64.34283447265625,3737.675254516602
32,482,567,50.793701171875,2950.6061010742187
32,483,454,62.417945861816406,3625.858475112915
32,484,572,50.0,2904.5
32,486,299,62.545982360839844,3633.2961153411866
32,486,435,52.26853561401367,3036.2792338180543
32,541,479,53.702884674072266,3119.600570716858
32,564,458,61.28621292114258,3560.1161085891727
32,586,448,50.35871505737305,2925.3377576828007
33,87,524,54.33230972290039,3156.1638718032837
33,90,524,53.702884674072266,3119.600570716858
33,98,535,52.95280838012695,3076.0286388015747
33,103,502,50.39841079711914,2927.643683204651
33,115,479,50.39841079711914,2927.643683204651
33,122,539,50.675437927246094,2943.7361891937257
33,122,571,50.675437927246094,2943.7361891937257
33,124,422,49.67897033691406,2885.851386871338
33,127,490,58.172157287597656,3379.220616836548
33,127,544,50.35871505737305,2925.3377576828007
33,127,548,50.990196228027344,2962.0204988861087
33,132,422,50.990196228027344,2962.0204988861087
33,152,522,52.038448333740234,3022.9134637069706
33,156,488,50.19960021972656,2916.0947767639163
33,157,459,52.76362228393555,3065.0388184738163
33,158,456,53.5537109375,3110.9350683593752
33,162,522,54.18486785888672,3147.59897392273
33,166,488,50.03998565673828,2906.8227667999267
33,171,528,58.8217658996582,3416.956381111145
33,172,440,52.383201599121094,3042.9401808929447
33,173,456,57.34108352661133,3330.9435420608525
33,180,519,52.383201599121094,3042.9401808929447
33,181,450,53.88877487182617,3130.3989323043825
33,185,468,52.0,3020.6800000000003
33,188,490,52.15361785888672,3029.6036614227296
33,188,552,50.635955810546875,2941.442673034668
33,190,552,50.35871505737305,2925.3377576828007
33,192,490,53.36665725708008,3100.069120063782
33,193,415,49.35585021972656,2867.081339263916
33,194,467,50.0,2904.5
33,197,520,50.19960021972656,2916.0947767639163
33,200,467,50.3189811706543,2923.0296162033083
33,202,486,55.6417121887207,3232.227061042786
33,205,467,51.768714904785156,3007.24464881897
33,209,515,52.64978790283203,3058.426179275513
33,210,436,50.793701171875,2950.6061010742187
33,210,444,50.15974426269531,2913.779544219971
33,210,447,50.3189811706543,2923.0296162033083
33,210,493,61.773780822753906,3588.4389279937745
33,211,432,51.768714904785156,3007.24464881897
33,212,457,50.675437927246094,2943.7361891937257
33,214,417,54.954524993896484,3192.308356895447
33,214,420,54.625999450683594,3173.2243080902103
33,214,476,52.95280838012695,3076.0286388015747
33,217,500,55.46169662475586,3221.769956932068
33,219,468,52.076866149902344,3025.1451546478274
33,223,430,50.07993698120117,2909.1435392379763
33,224,554,50.950958251953125,2959.7411648559573
33,229,572,50.15974426269531,2913.779544219971
33,237,392,50.03998565673828,2906.8227667999267
33,243,392,50.5173225402832,2934.5512663650516
33,249,378,59.96665573120117,3483.4630314254764
33,249,454,63.34035110473633,3679.4409956741333
33,257,523,55.821144104003906,3242.6502610015873
33,263,440,52.038448333740234,3022.9134637069706
33,264,365,53.851646423339844,3128.2421407318116
33,265,361,53.291648864746094,3095.7118825531006
33,275,430,53.40412139892578,3102.245412063599
33,282,473,54.918121337890625,3190.1936685180667
33,289,451,59.79966735839844,3473.7626768493656
33,289,494,63.78087615966797,3705.0310961151126
33,290,415,61.35144805908203,3563.9056177520756
33,291,419,59.396968841552734,3450.3699200057986
33,293,565,58.957611083984375,3424.8476278686526
33,296,470,54.625999450683594,3173.2243080902103
33,298,460,56.35601043701172,3273.720646286011
33,301,459,55.24490737915039,3209.1766696548466
33,303,565,54.29548645019531,3154.0248078918457
33,304,583,52.49761962890625,3049.586724243164
33,306,401,52.76362228393555,3065.0388184738163
33,309,512,56.35601043701172,3273.720646286011
33,310,566,54.7357292175293,3179.598510246277
33,312,578,51.41984176635742,2986.978608207703
33,313,586,50.03998565673828,2906.8227667999267
33,313,592,51.02940368652344,2964.2980601501467
33,323,509,57.86190414428711,3361.1980117416383
33,324,459,60.464866638183594,3512.404103012085
33,324,614,57.619441986083984,3347.113384971619
33,328,605,59.5315055847168,3458.185159416199
33,329,532,62.8967399597168,3653.671624259949
33,333,546,56.32051086425781,3271.6584761047366
33,335,552,54.147945404052734,3145.4541485214236
33,338,495,57.584720611572266,3345.0964203262333
33,340,623,49.030601501464844,2848.187641220093
33,342,434,53.40412139892578,3102.245412063599
33,342,444,53.40412139892578,3102.245412063599
33,347,552,53.702884674072266,3119.600570716858
33,350,541,54.369110107421875,3158.3016061401368
33,359,434,54.037025451660156,3139.0108084869385
33,359,494,60.0333251953125,3487.3358605957033
33,361,435,54.369110107421875,3158.3016061401368
33,361,440,54.442630767822266,3162.5724213027956
33,364,589,53.10367202758789,3084.792308082581
33,365,571,62.928531646728516,3655.5184033584596
33,367,496,62.8967399597168,3653.671624259949
33,371,592,50.07993698120117,2909.1435392379763
33,375,559,53.88877487182617,3130.3989323043825
33,384,559,52.611785888671875,3056.218642272949
33,385,513,55.49774932861328,3223.8642584991458
33,387,463,52.191951751708984,3031.830477256775
33,387,559,52.038448333740234,3022.9134637069706
33,395,495,59.26213073730469,3442.5371745300295
33,395,502,56.10704040527344,3259.2579771423343
33,395,553,53.96295166015625,3134.7078619384765
33,395,559,53.36665725708008,3100.069120063782
33,397,559,54.4058837890625,3160.4377893066408
33,402,529,61.35144805908203,3563.9056177520756
33,404,494,58.13776779174805,3377.2229310226444
33,423,457,52.87721633911133,3071.6374971389773
33,428,458,51.41984176635742,2986.978608207703
33,432,509,55.785301208496094,3240.568147201538
33,432,515,54.037025451660156,3139.0108084869385
33,435,470,50.03998565673828,2906.8227667999267
33,440,497,61.48170471191406,3571.4722267150883
33,440,569,59.36328887939453,3448.4134510040285
33,454,480,54.918121337890625,3190.1936685180667
33,458,549,52.383201599121094,3042.9401808929447
33,464,433,49.07137680053711,2850.556278343201
33,466,473,52.801513671875,3067.2399291992188
33,466,478,52.99056625366211,3078.221993675232
33,466,480,52.383201599121094,3042.9401808929447
33,466,547,53.21653747558594,3091.3486619567875
33,482,532,63.34035110473633,3679.4409956741333
33,483,454,60.69596481323242,3525.8285960006715
33,484,300,59.89991760253906,3479.586213531494
33,486,434,50.15974426269531,2913.779544219971
33,487,298,59.36328887939453,3448.4134510040285
33,539,475,49.67897033691406,2885.851386871338
33,540,480,51.61395263671875,2998.2545086669925
33,541,474,50.11985778808594,2911.4625389099124
33,552,474,50.15974426269531,2913.779544219971
33,565,458,58.54912567138672,3401.1187102508547
34,87,524,52.49761962890625,3049.586724243164
34,90,524,51.92301940917969,3016.208197479248
34,97,536,50.675437927246094,2943.7361891937257
34,121,572,49.19349670410156,2857.65022354126
34,127,490,56.32051086425781,3271.6584761047366
34,127,548,49.030601501464844,2848.187641220093
34,132,421,49.71921157836914,2888.1890005874634
34,152,522,50.03998565673828,2906.8227667999267
34,156,459,50.5173225402832,2934.5512663650516
34,157,455,52.038448333740234,3022.9134637069706
34,162,522,52.26853561401367,3036.2792338180543
34,171,528,56.99122619628906,3310.6203297424317
34,172,439,50.11985778808594,2911.4625389099124
34,173,455,55.928524017333984,3248.8879601669314
34,179,520,50.635955810546875,2941.442673034668
34,180,449,52.038448333740234,3022.9134637069706
34,184,467,50.03998565673828,2906.8227667999267
34,188,490,50.15974426269531,2913.779544219971
34,192,490,51.41984176635742,2986.978608207703
34,202,486,53.702884674072266,3119.600570716858
34,205,466,50.11985778808594,2911.4625389099124
34,209,436,49.19349670410156,2857.65022354126
34,209,516,50.635955810546875,2941.442673034668
34,210,431,50.635955810546875,2941.442673034668
34,210,493,59.89991760253906,3479.586213531494
34,213,416,54.25864028930664,3151.884414405823
34,213,420,53.66563034057617,3117.43646648407
34,214,476,50.990196228027344,2962.0204988861087
34,217,500,53.516353607177734,3108.764981040955
34,219,467,50.15974426269531,2913.779544219971
34,224,554,49.07137680053711,2850.556278343201
34,249,378,58.30952072143555,3387.200058708191
34,256,524,54.4058837890625,3160.4377893066408
34,263,366,52.535701751708984,3051.798914756775
34,263,439,50.477718353271484,2932.250659141541
34,264,360,50.635955810546875,2941.442673034668
34,274,429,52.076866149902344,3025.1451546478274
34,283,473,53.291648864746094,3095.7118825531006
34,289,494,62.032249450683594,3603.4533705902104
34,290,414,59.96665573120117,3483.4630314254764
34,290,451,58.03447341918945,3371.2225609207158
34,291,419,57.584720611572266,3345.0964203262333
34,292,566,57.89645767211914,3363.205226173401
34,295,469,53.10367202758789,3084.792308082581
34,297,459,55.31726837158203,3213.3801197052003
34,301,458,53.5537109375,3110.9350683593752
34,303,566,52.49761962890625,3049.586724243164
34,303,584,50.990196228027344,2962.0204988861087
34,305,402,50.71488952636719,2946.02793258667
34,309,512,54.369110107421875,3158.3016061401368
34,310,566,52.76362228393555,3065.0388184738163
34,313,578,49.51767349243164,2876.481653175354
34,323,508,56.10704040527344,3259.2579771423343
34,323,615,54.7357292175293,3179.598510246277
34,324,458,59.126983642578125,3434.6864797973635
34,328,605,57.86190414428711,3361.1980117416383
34,329,532,61.122825622558594,3550.6249404144287
34,333,546,54.33230972290039,3156.1638718032837
34,335,553,52.038448333740234,3022.9134637069706
34,337,494,56.780277252197266,3298.3663055801394
34,341,433,50.990196228027344,2962.0204988861087
34,341,444,51.961524963378906,3018.444985122681
34,347,553,52.038448333740234,3022.9134637069706
34,349,553,51.26402282714844,2977.927086029053
34,351,541,52.49761962890625,3049.586724243164
34,351,553,50.71488952636719,2946.02793258667
34,359,433,52.038448333740234,3022.9134637069706
34,359,493,58.61740493774414,3405.0850528335573
34,362,434,52.611785888671875,3056.218642272949
34,362,440,53.1789436340332,3089.164835700989
34,364,589,51.22499465942383,2975.65993976593
34,365,571,61.22091293334961,3556.322832298279
34,366,454,58.03447341918945,3371.2225609207158
34,366,456,58.0,3369.2200000000003
34,367,496,61.122825622558594,3550.6249404144287
34,375,560,52.535701751708984,3051.798914756775
34,384,560,50.675437927246094,2943.7361891937257
34,385,513,53.5537109375,3110.9350683593752
34,387,462,50.3189811706543,2923.0296162033083
34,387,560,50.07993698120117,2909.1435392379763
34,395,553,52.038448333740234,3022.9134637069706
34,395,560,51.45872116088867,2989.237112236023
34,396,495,57.96550750732422,3367.2163311004642
34,396,502,54.442630767822266,3162.5724213027956
34,398,560,53.1789436340332,3089.164835700989
34,402,462,58.172157287597656,3379.220616836548
34,402,464,57.20139694213867,3322.829148368836
34,402,529,59.59865951538086,3462.0861312484744
34,405,493,56.035701751708984,3255.113914756775
34,422,456,52.0,3020.6800000000003
34,429,457,50.03998565673828,2906.8227667999267
34,433,509,53.88877487182617,3130.3989323043825
34,433,516,52.038448333740234,3022.9134637069706
34,440,497,59.59865951538086,3462.0861312484744
34,441,570,58.685604095458984,3409.0467419052125
34,448,472,52.839378356933594,3069.4394887542726
34,448,474,53.36665725708008,3100.069120063782
34,454,481,53.36665725708008,3100.069120063782
34,457,552,51.02940368652344,2964.2980601501467
34,459,552,51.41984176635742,2986.978608207703
34,466,547,51.26402282714844,2977.927086029053
34,467,472,50.990196228027344,2962.0204988861087
34,467,478,50.990196228027344,2962.0204988861087
34,467,481,50.15974426269531,2913.779544219971
34,482,532,61.64413833618164,3580.9079959487917
34,483,454,58.99152374267578,3426.8176142120365
34,484,300,58.172157287597656,3379.220616836548
34,488,297,56.2138786315918,3265.464209709168
34,539,481,49.67897033691406,2885.851386871338
34,566,458,55.821144104003906,3242.6502610015873
35,87,524,50.675437927246094,2943.7361891937257
35,90,524,50.15974426269531,2913.779544219971
35,127,490,54.47935485839844,3164.7057237243653
35,156,454,50.35871505737305,2925.3377576828007
35,162,522,50.35871505737305,2925.3377576828007
35,171,528,55.17245864868164,3204.9681229019166
35,173,454,54.625999450683594,3173.2243080902103
35,178,521,49.030601501464844,2848.187641220093
35,192,490,49.47726821899414,2874.13451084137
35,202,486,51.768714904785156,3007.24464881897
35,209,430,49.51767349243164,2876.481653175354
35,210,493,58.03447341918945,3371.2225609207158
35,212,415,53.77731704711914,3123.924347267151
35,212,420,52.64978790283203,3058.426179275513
35,214,476,49.030601501464844,2848.187641220093
35,217,500,51.57518768310547,2996.002652511597
35,247,454,58.13776779174805,3377.2229310226444
35,249,454,59.89991760253906,3479.586213531494
35,255,525,53.1789436340332,3089.164835700989
35,262,367,51.41984176635742,2986.978608207703
35,263,438,49.030601501464844,2848.187641220093
35,273,428,49.759422302246094,2890.524841537476
35,284,472,52.038448333740234,3022.9134637069706
35,289,413,59.46427536010742,3454.2797556686405
35,289,494,60.29925537109375,3502.7837445068362
35,290,419,56.035701751708984,3255.113914756775
35,291,451,56.35601043701172,3273.720646286011
35,291,567,57.026309967041016,3312.658345985413
35,294,468,51.768714904785156,3007.24464881897
35,296,459,54.07402420043945,3141.160065803528
35,301,457,51.961524963378906,3018.444985122681
35,302,585,49.67897033691406,2885.851386871338
35,303,566,50.5173225402832,2934.5512663650516
35,309,512,52.383201599121094,3042.9401808929447
35,310,566,50.793701171875,2950.6061010742187
35,322,616,51.92301940917969,3016.208197479248
35,323,507,54.442630767822266,3162.5724213027956
35,324,457,57.89645767211914,3363.205226173401
35,328,605,56.2138786315918,3265.464209709168
35,329,532,59.36328887939453,3448.4134510040285
35,333,546,52.345008850097656,3040.721564102173
35,335,554,50.0,2904.5
35,340,444,50.635955810546875,2941.442673034668
35,347,554,50.477718353271484,2932.250659141541
35,349,554,49.67897033691406,2885.851386871338
35,352,541,50.35871505737305,2925.3377576828007
35,359,432,50.03998565673828,2906.8227667999267
35,359,492,56.99122619628906,3310.6203297424317
35,363,434,50.990196228027344,2962.0204988861087
35,363,440,52.038448333740234,3022.9134637069706
35,364,589,49.35585021972656,2867.081339263916
35,365,571,59.5315055847168,3458.185159416199
35,366,456,56.0,3253.04
35,367,453,56.178287506103516,3263.3967212295533
35,367,496,59.36328887939453,3448.4134510040285
35,375,561,51.30302047729492,2980.192459526062
35,385,513,51.61395263671875,2998.2545086669925
35,395,553,50.11985778808594,2911.4625389099124
35,395,561,49.638694763183594,2883.511778793335
35,397,495,56.07138442993164,3257.1867215347293
35,397,502,52.64978790283203,3058.426179275513
35,399,561,51.146846771240234,2971.120328941345
35,402,529,57.86190414428711,3361.1980117416383
35,403,461,57.30619430541992,3328.9168272018433
35,403,464,55.49774932861328,3223.8642584991458
35,406,492,54.037025451660156,3139.0108084869385
35,421,455,51.22499465942383,2975.65993976593
35,434,509,52.076866149902344,3025.1451546478274
35,434,517,50.15974426269531,2913.779544219971
35,448,471,50.754310607910156,2948.3179032135013
35,448,474,51.41984176635742,2986.978608207703
35,454,482,51.92301940917969,3016.208197479248
35,460,553,50.03998565673828,2906.8227667999267
35,468,478,49.030601501464844,2848.187641220093
35,482,532,59.89991760253906,3479.586213531494
35,483,301,55.17245864868164,3204.9681229019166
35,483,454,57.30619430541992,3328.9168272018433
35,489,296,53.10367202758789,3084.792308082581
35,566,458,54.18486785888672,3147.59897392273
36,90,525,49.19349670410156,2857.65022354126
36,127,490,52.64978790283203,3058.426179275513
36,171,528,53.36665725708008,3100.069120063782
36,173,453,52.95280838012695,3076.0286388015747
36,202,486,49.839744567871094,2895.190761947632
36,210,493,56.178287506103516,3263.3967212295533
36,211,415,53.10367202758789,3084.792308082581
36,211,420,51.34199142456055,2982.4562818527224
36,217,500,49.638694763183594,2883.511778793335
36,246,454,55.533775329589844,3225.9570088958744
36,249,374,54.037025451660156,3139.0108084869385
36,249,454,58.172157287597656,3379.220616836548
36,254,526,52.15361785888672,3029.6036614227296
36,261,368,50.39841079711914,2927.643683204651
36,285,471,50.990196228027344,2962.0204988861087
36,288,412,56.67451095581055,3292.222341423035
36,289,494,58.583274841308594,3403.1024355316163
36,290,419,54.18486785888672,3147.59897392273
36,290,568,55.74943923950195,3238.4849254226688
36,292,451,54.7357292175293,3179.598510246277
36,293,467,50.635955810546875,2941.442673034668
36,295,459,52.64978790283203,3058.426179275513
36,301,457,50.03998565673828,2906.8227667999267
36,309,512,50.39841079711914,2927.643683204651
36,321,617,49.19349670410156,2857.65022354126
36,323,506,52.64978790283203,3058.426179275513
36,324,457,56.035701751708984,3255.113914756775
36,328,605,54.58937454223633,3171.0967671585086
36,329,532,57.619441986083984,3347.113384971619
36,333,546,50.35871505737305,2925.3377576828007
36,335,492,54.33230972290039,3156.1638718032837
36,335,494,54.625999450683594,3173.2243080902103
36,339,444,49.19349670410156,2857.65022354126
36,347,555,49.030601501464844,2848.187641220093
36,359,491,54.772254943847656,3181.7202896881104
36,364,434,49.47726821899414,2874.13451084137
36,364,440,50.635955810546875,2941.442673034668
36,365,571,57.723480224609375,3353.156966247559
36,366,456,54.0,3136.86
36,367,496,57.619441986083984,3347.113384971619
36,368,452,54.47935485839844,3164.7057237243653
36,375,562,50.19960021972656,2916.0947767639163
36,385,513,49.67897033691406,2885.851386871338
36,398,495,54.037025451660156,3139.0108084869385
36,398,502,50.950958251953125,2959.7411648559573
36,402,529,56.14267349243164,3261.327903175354
36,404,460,56.0,3253.04
36,404,464,53.06599807739258,3082.603828315735
36,407,491,52.191951751708984,3031.830477256775
36,420,454,49.638694763183594,2883.511778793335
36,435,509,50.19960021972656,2916.0947767639163
36,443,570,56.2138786315918,3265.464209709168
36,443,572,55.49774932861328,3223.8642584991458
36,448,474,49.47726821899414,2874.13451084137
36,454,483,50.59644317626953,2939.147384109497
36,482,302,52.23025894165039,3034.0557419204715
36,482,532,58.13776779174805,3377.2229310226444
36,490,295,50.03998565673828,2906.8227667999267
36,565,458,53.740116119384766,3121.7633453750614
37,127,490,50.83306121826172,2952.892526168823
37,171,528,51.57518768310547,2996.002652511597
37,173,453,51.146846771240234,2971.120328941345
37,210,415,52.57375717163086,3054.009554100037
37,210,420,50.07993698120117,2909.1435392379763
37,210,493,54.33230972290039,3156.1638718032837
37,245,454,52.95280838012695,3076.0286388015747
37,249,373,51.38093185424805,2984.7183314132694
37,249,454,56.46237564086914,3279.8994009780886
37,253,527,51.34199142456055,2982.4562818527224
37,286,470,50.15974426269531,2913.779544219971
37,287,411,53.516353607177734,3108.764981040955
37,289,494,56.88584899902344,3304.4989683532717
37,290,419,52.345008850097656,3040.721564102173
37,290,569,53.1789436340332,3089.164835700989
37,292,466,49.558048248291016,2878.8270227432254
37,293,451,53.10367202758789,3084.792308082581
37,294,459,51.34199142456055,2982.4562818527224
37,323,505,50.950958251953125,2959.7411648559573
37,324,457,54.18486785888672,3147.59897392273
37,328,605,52.99056625366211,3078.221993675232
37,329,532,55.89275360107422,3246.8100566864014
37,334,491,52.64978790283203,3058.426179275513
37,334,494,53.36665725708008,3100.069120063782
37,359,490,52.611785888671875,3056.218642272949
37,365,440,49.35585021972656,2867.081339263916
37,365,571,55.928524017333984,3248.8879601669314
37,366,456,52.0,3020.6800000000003
37,367,496,55.89275360107422,3246.8100566864014
37,369,451,52.95280838012695,3076.0286388015747
37,375,563,49.030601501464844,2848.187641220093
37,399,495,51.961524963378906,3018.444985122681
37,399,502,49.35585021972656,2867.081339263916
37,401,530,54.442630767822266,3162.5724213027956
37,405,459,54.662601470947266,3175.350519447327
37,405,464,50.675437927246094,2943.7361891937257
37,408,490,50.5173225402832,2934.5512663650516
37,443,496,55.89275360107422,3246.8100566864014
37,443,499,54.772254943847656,3181.7202896881104
37,443,570,54.58937454223633,3171.0967671585086
37,444,573,52.49761962890625,3049.586724243164
37,481,303,49.19349670410156,2857.65022354126
37,482,532,56.35601043701172,3273.720646286011
37,483,454,54.0,3136.86
37,483,456,55.17245864868164,3204.9681229019166
37,564,458,52.95280838012695,3076.0286388015747
38,128,490,49.558048248291016,2878.8270227432254
38,170,528,50.3189811706543,2923.0296162033083
38,173,453,49.35585021972656,2867.081339263916
38,209,415,50.3189811706543,2923.0296162033083
38,210,493,52.49761962890625,3049.586724243164
38,244,454,50.39841079711914,2927.643683204651
38,247,374,49.87985610961914,2897.520841407776
38,249,454,54.772254943847656,3181.7202896881104
38,252,528,50.754310607910156,2948.3179032135013
38,286,410,50.39841079711914,2927.643683204651
38,287,334,51.61395263671875,2998.2545086669925
38,287,469,49.558048248291016,2878.8270227432254
38,289,418,51.61395263671875,2998.2545086669925
38,289,494,55.20869445800781,3207.073061065674
38,290,570,50.635955810546875,2941.442673034668
38,293,450,51.26402282714844,2977.927086029053
38,294,459,49.558048248291016,2878.8270227432254
38,323,504,49.35585021972656,2867.081339263916
38,325,457,52.611785888671875,3056.218642272949
38,328,533,54.442630767822266,3162.5724213027956
38,328,606,52.23025894165039,3034.0557419204715
38,333,490,51.146846771240234,2971.120328941345
38,333,494,50.990196228027344,2962.0204988861087
38,359,489,50.5173225402832,2934.5512663650516
38,365,571,54.147945404052734,3145.4541485214236
38,366,456,50.0,2904.5
38,367,496,54.18486785888672,3147.59897392273
38,370,450,50.35871505737305,2925.3377576828007
38,400,495,49.51767349243164,2876.481653175354
38,401,531,52.87721633911133,3071.6374971389773
38,405,458,54.0,3136.86
38,409,489,49.030601501464844,2848.187641220093
38,443,570,52.99056625366211,3078.221993675232
38,444,495,53.44155502319336,3104.4199312973024
38,444,499,52.839378356933594,3069.4394887542726
38,445,574,49.558048248291016,2878.8270227432254
38,482,532,54.58937454223633,3171.0967671585086
38,483,454,52.383201599121094,3042.9401808929447
38,483,457,53.59104537963867,3113.103826103211
38,563,458,51.961524963378906,3018.444985122681
39,210,493,50.675437927246094,2943.7361891937257
39,249,454,53.10367202758789,3084.792308082581
39,251,529,50.39841079711914,2927.643683204651
39,288,417,51.107730865478516,2968.8480859756473
39,289,494,53.44155502319336,3104.4199312973024
39,294,449,49.39635467529297,2869.4342430877687
39,326,456,51.961524963378906,3018.444985122681
39,327,533,52.49761962890625,3049.586724243164
39,328,607,50.754310607910156,2948.3179032135013
39,332,489,49.51767349243164,2876.481653175354
39,365,571,52.383201599121094,3042.9401808929447
39,367,496,52.49761962890625,3049.586724243164
39,401,531,51.146846771240234,2971.120328941345
39,405,458,52.383201599121094,3042.9401808929447
39,406,220,51.92301940917969,3016.208197479248
39,443,570,51.34199142456055,2982.4562818527224
39,444,495,51.73006820678711,3004.9996621322634
39,444,499,51.107730865478516,2968.8480859756473
39,482,532,52.839378356933594,3069.4394887542726
39,483,454,50.793701171875,2950.6061010742187
39,483,457,51.961524963378906,3018.444985122681
39,563,458,50.19960021972656,2916.0947767639163
40,249,454,51.45872116088867,2989.237112236023
40,250,530,49.839744567871094,2895.190761947632
40,288,494,52.23025894165039,3034.0557419204715
40,326,455,51.107730865478516,2968.8480859756473
40,327,533,50.754310607910156,2948.3179032135013
40,328,608,49.39635467529297,2869.4342430877687
40,364,571,49.799598693847656,2892.8586881256106
40,367,496,50.754310607910156,2948.3179032135013
40,402,531,50.35871505737305,2925.3377576828007
40,405,458,50.793701171875,2950.6061010742187
40,443,570,49.71921157836914,2888.1890005874634
40,444,495,50.03998565673828,2906.8227667999267
40,444,499,49.39635467529297,2869.4342430877687
40,446,416,51.34199142456055,2982.4562818527224
40,482,532,51.107730865478516,2968.8480859756473
40,484,453,49.839744567871094,2895.190761947632
40,484,457,50.635955810546875,2941.442673034668
41,249,454,49.839744567871094,2895.190761947632
41,249,531,49.35585021972656,2867.081339263916
41,287,494,49.558048248291016,2878.8270227432254
41,326,454,50.39841079711914,2927.643683204651
41,327,533,49.030601501464844,2848.187641220093
41,367,496,49.030601501464844,2848.187641220093
41,403,531,49.71921157836914,2888.1890005874634
41,405,457,49.47726821899414,2874.13451084137
41,446,416,49.71921157836914,2888.1890005874634
41,482,532,49.35585021972656,2867.081339263916
41,484,457,49.07137680053711,2850.556278343201
737,463,181,49.030601501464844,2848.187641220093
738,348,210,49.43682861328125,2871.785374145508
738,349,210,49.839744567871094,2895.190761947632
738,350,210,49.47726821899414,2874.13451084137
738,351,211,49.030601501464844,2848.187641220093
738,359,174,49.35585021972656,2867.081339263916
738,360,175,50.03998565673828,2906.8227667999267
738,361,176,49.67897033691406,2885.851386871338
738,361,207,49.19349670410156,2857.65022354126
738,362,177,49.030601501464844,2848.187641220093
738,362,208,49.39635467529297,2869.4342430877687
738,363,209,49.638694763183594,2883.511778793335
738,364,210,50.03998565673828,2906.8227667999267
738,365,211,49.07137680053711,2850.556278343201
738,367,172,50.11985778808594,2911.4625389099124
738,368,173,49.39635467529297,2869.4342430877687
738,369,233,49.19349670410156,2857.65022354126
738,370,195,49.43682861328125,2871.785374145508
738,370,234,49.35585021972656,2867.081339263916
738,371,196,50.3189811706543,2923.0296162033083
738,372,197,50.675437927246094,2943.7361891937257
738,373,188,49.315311431884766,2864.7264410781863
738,373,198,49.558048248291016,2878.8270227432254
738,374,189,50.03998565673828,2906.8227667999267
738,375,190,50.91168975830078,2957.4600580596925
738,376,191,51.92301940917969,3016.208197479248
738,377,192,52.038448333740234,3022.9134637069706
738,378,193,51.146846771240234,2971.120328941345
738,379,184,49.030601501464844,2848.187641220093
738,379,189,51.22499465942383,2975.65993976593
738,379,194,50.19960021972656,2916.0947767639163
738,380,185,49.67897033691406,2885.851386871338
738,380,190,51.146846771240234,2971.120328941345
738,380,195,49.39635467529297,2869.4342430877687
738,381,186,50.477718353271484,2932.250659141541
738,381,191,50.990196228027344,2962.0204988861087
738,382,187,50.39841079711914,2927.643683204651
738,382,192,50.675437927246094,2943.7361891937257
738,383,188,50.15974426269531,2913.779544219971
738,383,193,50.5173225402832,2934.5512663650516
738,384,189,49.43682861328125,2871.785374145508
738,384,194,50.39841079711914,2927.643683204651
738,384,223,49.43682861328125,2871.785374145508
738,385,195,50.15974426269531,2913.779544219971
738,386,196,50.03998565673828,2906.8227667999267
738,387,197,50.03998565673828,2906.8227667999267
738,388,198,50.03998565673828,2906.8227667999267
738,388,213,49.07137680053711,2850.556278343201
738,389,175,49.558048248291016,2878.8270227432254
738,389,199,50.0,2904.5
738,389,204,49.35585021972656,2867.081339263916
738,389,214,49.638694763183594,2883.511778793335
738,390,176,50.15974426269531,2913.779544219971
738,390,200,50.0,2904.5
738,390,205,49.759422302246094,2890.524841537476
738,390,215,49.759422302246094,2890.524841537476
738,391,177,49.558048248291016,2878.8270227432254
738,391,201,50.0,2904.5
738,391,206,50.0,2904.5
738,392,197,49.43682861328125,2871.785374145508
738,392,202,49.638694763183594,2883.511778793335
738,392,207,49.839744567871094,2895.190761947632
738,393,198,50.15974426269531,2913.779544219971
738,393,203,49.07137680053711,2850.556278343201
738,393,208,49.67897033691406,2885.851386871338
738,394,199,49.67897033691406,2885.851386871338
738,394,209,49.638694763183594,2883.511778793335
738,395,200,49.030601501464844,2848.187641220093
738,395,210,49.07137680053711,2850.556278343201
738,401,216,49.07137680053711,2850.556278343201
738,403,164,49.39635467529297,2869.4342430877687
738,404,164,49.839744567871094,2895.190761947632
738,404,215,49.315311431884766,2864.7264410781863
738,405,157,49.07137680053711,2850.556278343201
738,405,164,50.35871505737305,2925.3377576828007
738,405,210,49.07137680053711,2850.556278343201
738,405,213,49.19349670410156,2857.65022354126
738,405,216,49.07137680053711,2850.556278343201
738,406,158,50.03998565673828,2906.8227667999267
738,406,164,49.839744567871094,2895.190761947632
738,406,211,49.47726821899414,2874.13451084137
738,406,214,49.839744567871094,2895.190761947632
738,407,158,50.793701171875,2950.6061010742187
738,407,164,49.39635467529297,2869.4342430877687
738,407,212,50.03998565673828,2906.8227667999267
738,407,214,49.638694763183594,2883.511778793335
738,408,158,51.57518768310547,2996.002652511597
738,408,164,49.030601501464844,2848.187641220093
738,408,194,49.47726821899414,2874.13451084137
738,408,229,49.030601501464844,2848.187641220093
738,409,159,50.635955810546875,2941.442673034668
738,409,195,50.83306121826172,2952.892526168823
738,409,214,49.030601501464844,2848.187641220093
738,409,231,49.07137680053711,2850.556278343201
738,410,159,50.35871505737305,2925.3377576828007
738,410,196,50.477718353271484,2932.250659141541
738,410,234,49.39635467529297,2869.4342430877687
738,411,159,50.15974426269531,2913.779544219971
738,411,197,49.67897033691406,2885.851386871338
738,412,160,49.51767349243164,2876.481653175354
738,412,198,49.030601501464844,2848.187641220093
738,413,160,49.47726821899414,2874.13451084137
738,414,160,49.51767349243164,2876.481653175354
738,419,223,49.030601501464844,2848.187641220093
738,424,232,49.19349670410156,2857.65022354126
738,439,198,49.19349670410156,2857.65022354126
738,440,169,49.030601501464844,2848.187641220093
738,440,200,50.03998565673828,2906.8227667999267
738,441,200,50.0,2904.5
738,443,170,50.635955810546875,2941.442673034668
738,444,170,51.146846771240234,2971.120328941345
738,445,172,50.3189811706543,2923.0296162033083
738,445,173,49.558048248291016,2878.8270227432254
738,446,171,50.03998565673828,2906.8227667999267
738,446,233,49.39635467529297,2869.4342430877687
738,447,233,49.07137680053711,2850.556278343201
738,459,181,49.030601501464844,2848.187641220093
738,460,181,49.47726821899414,2874.13451084137
738,461,181,50.0,2904.5
738,462,181,50.59644317626953,2939.147384109497
738,466,216,49.030601501464844,2848.187641220093
738,466,219,49.558048248291016,2878.8270227432254
738,467,219,49.558048248291016,2878.8270227432254
738,468,219,49.030601501464844,2848.187641220093
739,298,189,49.43682861328125,2871.785374145508
739,299,190,50.0,2904.5
739,300,191,50.07993698120117,2909.1435392379763
739,301,192,50.19960021972656,2916.0947767639163
739,302,193,49.234134674072266,2860.010883216858
739,304,186,49.030601501464844,2848.187641220093
739,305,187,49.43682861328125,2871.785374145508
739,317,172,49.43682861328125,2871.785374145508
739,318,173,50.15974426269531,2913.779544219971
739,319,174,49.35585021972656,2867.081339263916
739,322,204,49.47726821899414,2874.13451084137
739,323,204,50.0,2904.5
739,325,204,50.675437927246094,2943.7361891937257
739,326,205,50.15974426269531,2913.779544219971
739,327,169,50.15974426269531,2913.779544219971
739,327,205,49.39635467529297,2869.4342430877687
739,328,170,49.39635467529297,2869.4342430877687
739,328,196,49.558048248291016,2878.8270227432254
739,329,197,50.675437927246094,2943.7361891937257
739,330,198,49.558048248291016,2878.8270227432254
739,332,230,49.35585021972656,2867.081339263916
739,333,231,49.07137680053711,2850.556278343201
739,340,160,49.67897033691406,2885.851386871338
739,341,161,49.030601501464844,2848.187641220093
739,344,230,49.07137680053711,2850.556278343201
739,345,231,49.638694763183594,2883.511778793335
739,346,225,49.39635467529297,2869.4342430877687
739,346,231,50.0,2904.5
739,347,231,50.03998565673828,2906.8227667999267
739,348,231,49.558048248291016,2878.8270227432254
739,349,231,49.030601501464844,2848.187641220093
739,349,234,49.030601501464844,2848.187641220093
739,350,233,49.67897033691406,2885.851386871338
739,351,233,49.35585021972656,2867.081339263916
739,352,233,49.07137680053711,2850.556278343201
739,385,269,49.35585021972656,2867.081339263916
739,386,144,49.558048248291016,2878.8270227432254
739,386,272,49.315311431884766,2864.7264410781863
739,387,144,49.39635467529297,2869.4342430877687
739,387,271,49.030601501464844,2848.187641220093
739,388,144,49.030601501464844,2848.187641220093
739,389,132,49.39635467529297,2869.4342430877687
739,390,132,50.15974426269531,2913.779544219971
739,391,132,50.477718353271484,2932.250659141541
739,392,132,50.11985778808594,2911.4625389099124
739,393,131,49.39635467529297,2869.4342430877687
739,394,131,49.19349670410156,2857.65022354126
739,395,131,49.07137680053711,2850.556278343201
739,440,250,49.030601501464844,2848.187641220093
739,442,248,49.030601501464844,2848.187641220093
739,443,248,49.315311431884766,2864.7264410781863
739,444,248,49.67897033691406,2885.851386871338
739,445,248,49.35585021972656,2867.081339263916
739,465,248,49.07137680053711,2850.556278343201
739,483,213,49.07137680053711,2850.556278343201
739,485,236,49.19349670410156,2857.65022354126
739,486,237,49.71921157836914,2888.1890005874634
739,487,237,49.112117767333984,2852.922921104431
739,506,188,50.35871505737305,2925.3377576828007
739,510,188,50.0,2904.5
740,306,266,49.07137680053711,2850.556278343201
740,306,270,49.19349670410156,2857.65022354126
740,307,273,49.030601501464844,2848.187641220093
740,314,252,49.35585021972656,2867.081339263916
740,315,249,49.35585021972656,2867.081339263916
740,315,252,49.39635467529297,2869.4342430877687
740,316,249,50.07993698120117,2909.1435392379763
740,316,252,49.030601501464844,2848.187641220093
740,317,249,50.03998565673828,2906.8227667999267
740,318,250,50.03998565673828,2906.8227667999267
740,319,250,50.07993698120117,2909.1435392379763
740,320,250,50.07993698120117,2909.1435392379763
740,322,251,49.558048248291016,2878.8270227432254
740,323,251,49.759422302246094,2890.524841537476
740,324,252,49.030601501464844,2848.187641220093
740,325,252,49.39635467529297,2869.4342430877687
740,326,252,49.839744567871094,2895.190761947632
740,327,253,49.43682861328125,2871.785374145508
740,328,253,49.51767349243164,2876.481653175354
740,329,253,49.35585021972656,2867.081339263916
740,330,254,49.112117767333984,2852.922921104431
740,333,265,49.030601501464844,2848.187641220093
740,336,264,49.030601501464844,2848.187641220093
740,351,284,49.07137680053711,2850.556278343201
740,352,285,49.315311431884766,2864.7264410781863
740,353,285,49.030601501464844,2848.187641220093
741,261,157,49.51767349243164,2876.481653175354
741,262,158,49.07137680053711,2850.556278343201
741,276,209,50.35871505737305,2925.3377576828007
741,277,210,50.83306121826172,2952.892526168823
741,279,205,49.43682861328125,2871.785374145508
741,279,206,50.19960021972656,2916.0947767639163
741,279,207,50.793701171875,2950.6061010742187
741,279,208,51.146846771240234,2971.120328941345
741,279,209,51.57518768310547,2996.002652511597
741,279,210,50.5173225402832,2934.5512663650516
741,540,233,49.030601501464844,2848.187641220093
741,542,87,49.030601501464844,2848.187641220093
741,543,87,49.39635467529297,2869.4342430877687
741,566,212,50.15974426269531,2913.779544219971
741,566,214,50.15974426269531,2913.779544219971
741,567,212,50.675437927246094,2943.7361891937257
741,567,214,50.19960021972656,2916.0947767639163
741,568,208,49.112117767333984,2852.922921104431
741,568,212,50.793701171875,2950.6061010742187
741,568,214,50.3189811706543,2923.0296162033083
741,569,208,49.71921157836914,2888.1890005874634
741,569,212,50.990196228027344,2962.0204988861087
741,569,214,50.5173225402832,2934.5512663650516
741,570,207,50.03998565673828,2906.8227667999267
741,570,212,50.793701171875,2950.6061010742187
741,570,214,50.793701171875,2950.6061010742187
741,571,128,49.558048248291016,2878.8270227432254
741,571,207,50.19960021972656,2916.0947767639163
741,571,212,50.5173225402832,2934.5512663650516
741,571,214,50.990196228027344,2962.0204988861087
741,572,128,49.759422302246094,2890.524841537476
741,572,207,50.07993698120117,2909.1435392379763
741,572,212,50.3189811706543,2923.0296162033083
741,572,214,50.71488952636719,2946.02793258667
741,573,128,49.07137680053711,2850.556278343201
741,573,212,50.19960021972656,2916.0947767639163
741,573,214,50.15974426269531,2913.779544219971
741,574,212,50.07993698120117,2909.1435392379763
741,574,214,49.558048248291016,2878.8270227432254
741,575,212,50.03998565673828,2906.8227667999267
741,575,214,49.030601501464844,2848.187641220093
741,576,212,49.839744567871094,2895.190761947632
741,577,212,49.07137680053711,2850.556278343201
741,587,192,49.43682861328125,2871.785374145508
741,588,192,50.3189811706543,2923.0296162033083
741,589,192,50.5173225402832,2934.5512663650516
741,591,192,50.5173225402832,2934.5512663650516
741,591,194,49.51767349243164,2876.481653175354
741,592,194,49.638694763183594,2883.511778793335
741,593,194,49.839744567871094,2895.190761947632
741,594,195,49.67897033691406,2885.851386871338
741,595,195,49.030601501464844,2848.187641220093
742,578,212,50.03998565673828,2906.8227667999267
742,579,212,49.43682861328125,2871.785374145508
742,581,211,49.39635467529297,2869.4342430877687
742,582,211,49.030601501464844,2848.187641220093
744,692,93,49.39635467529297,2869.4342430877687
744,693,93,49.030601501464844,2848.187641220093
744,694,92,49.030601501464844,2848.187641220093
744,695,91,49.030601501464844,2848.187641220093
744,696,90,49.19349670410156,2857.65022354126
